{"type": "FeatureCollection", "features": [{"type": "Feature", "properties": {"osm_id": 44719027, "name": "", "bridge": "yes", "highway": "trunk"}, "geometry": {"type": "LineString", "coordinates": [[94.8818739, 27.3123381], [94.8828395, 27.3117995], [94.8840436, 27.3111709]]}}, {"type": "Feature", "properties": {"osm_id": 44719366, "name": "", "bridge": "yes", "highway": "trunk"}, "geometry": {"type": "LineString", "coordinates": [[94.6786332, 27.0541634], [94.6785665, 27.0529318]]}}, {"type": "Feature", "properties": {"osm_id": 44719721, "name": "", "bridge": "yes", "highway": "trunk"}, "geometry": {"type": "LineString", "coordinates": [[94.5795367, 26.9831513], [94.5803547, 26.9817138]]}}, {"type": "Feature", "properties": {"osm_id": 69092547, "name": "Balipara - Harmuti - Bogibeel", "bridge": "yes", "highway": ""}, "geometry": {"type": "LineString", "coordinates": [[93.8384247, 27.10119], [93.8403232, 27.1044537]]}}, {"type": "Feature", "properties": {"osm_id": 69414698, "name": "Bogibeel Bridge", "bridge": "yes", "highway": "trunk"}, "geometry": {"type": "LineString", "coordinates": [[94.7774914, 27.39184], [94.7432333, 27.4247914]]}}, {"type": "Feature", "properties": {"osm_id": 130149168, "name": "Balipara - Harmuti - Bogibeel", "bridge": "yes", "highway": ""}, "geometry": {"type": "LineString", "coordinates": [[94.2509088, 27.4520603], [94.2590556, 27.4494477]]}}, {"type": "Feature", "properties": {"osm_id": 130229266, "name": "Simen Bridge", "bridge": "yes", "highway": ""}, "geometry": {"type": "LineString", "coordinates": [[94.8589206, 27.7114305], [94.8626346, 27.7130901]]}}, {"type": "Feature", "properties": {"osm_id": 130511890, "name": "", "bridge": "yes", "highway": "trunk"}, "geometry": {"type": "LineString", "coordinates": [[94.6607441, 27.5630144], [94.6607909, 27.5629704], [94.6608157, 27.562947], [94.6624355, 27.5614227]]}}, {"type": "Feature", "properties": {"osm_id": 132967556, "name": "Barapani Bridge", "bridge": "yes", "highway": "trunk"}, "geometry": {"type": "LineString", "coordinates": [[93.6873748, 27.1007309], [93.6877058, 27.1009361], [93.6877514, 27.1009672], [93.688024, 27.101153]]}}, {"type": "Feature", "properties": {"osm_id": 155248830, "name": "", "bridge": "yes", "highway": "trunk"}, "geometry": {"type": "LineString", "coordinates": [[93.8257339, 27.1118686], [93.8284441, 27.1125022]]}}, {"type": "Feature", "properties": {"osm_id": 157043589, "name": "Rajpath", "bridge": "yes", "highway": "service"}, "geometry": {"type": "LineString", "coordinates": [[93.7476645, 27.1322417], [93.7472328, 27.1323121]]}}, {"type": "Feature", "properties": {"osm_id": 157598097, "name": "Ranganadi Bridge", "bridge": "yes", "highway": "trunk"}, "geometry": {"type": "LineString", "coordinates": [[94.0590359, 27.2040206], [94.0598292, 27.204286], [94.0604164, 27.2044714], [94.060995, 27.2046467]]}}, {"type": "Feature", "properties": {"osm_id": 158014841, "name": "", "bridge": "yes", "highway": "trunk"}, "geometry": {"type": "LineString", "coordinates": [[93.7296434, 27.1454112], [93.7293771, 27.1452755]]}}, {"type": "Feature", "properties": {"osm_id": 188168670, "name": "Na Ali", "bridge": "yes", "highway": "primary"}, "geometry": {"type": "LineString", "coordinates": [[94.1942991, 26.6571917], [94.1942669, 26.6569424]]}}, {"type": "Feature", "properties": {"osm_id": 188858754, "name": "", "bridge": "yes", "highway": "residential"}, "geometry": {"type": "LineString", "coordinates": [[94.2155821, 26.768106], [94.2159285, 26.7687297]]}}, {"type": "Feature", "properties": {"osm_id": 194282178, "name": "", "bridge": "yes", "highway": "tertiary"}, "geometry": {"type": "LineString", "coordinates": [[94.4426448, 26.8724396], [94.4423318, 26.8720951]]}}, {"type": "Feature", "properties": {"osm_id": 194282179, "name": "", "bridge": "yes", "highway": "unclassified"}, "geometry": {"type": "LineString", "coordinates": [[94.4465616, 26.8809839], [94.4468666, 26.8798755]]}}, {"type": "Feature", "properties": {"osm_id": 206421891, "name": "", "bridge": "yes", "highway": "trunk"}, "geometry": {"type": "LineString", "coordinates": [[94.460277, 27.4198822], [94.4615772, 27.4202411]]}}, {"type": "Feature", "properties": {"osm_id": 222003774, "name": "", "bridge": "yes", "highway": "primary"}, "geometry": {"type": "LineString", "coordinates": [[94.7407046, 26.9212721], [94.7408372, 26.9225604]]}}, {"type": "Feature", "properties": {"osm_id": 222692282, "name": "", "bridge": "yes", "highway": "tertiary"}, "geometry": {"type": "LineString", "coordinates": [[94.3107049, 26.6758319], [94.311741, 26.6769039]]}}, {"type": "Feature", "properties": {"osm_id": 222692284, "name": "Bhogdoi Bridge", "bridge": "yes", "highway": "primary"}, "geometry": {"type": "LineString", "coordinates": [[94.3301804, 26.654137], [94.3311357, 26.6547141]]}}, {"type": "Feature", "properties": {"osm_id": 222692291, "name": "", "bridge": "yes", "highway": ""}, "geometry": {"type": "LineString", "coordinates": [[94.3254125, 26.6601976], [94.3245949, 26.6596746]]}}, {"type": "Feature", "properties": {"osm_id": 223988299, "name": "", "bridge": "yes", "highway": "trunk"}, "geometry": {"type": "LineString", "coordinates": [[94.9420764, 27.7531007], [94.9449208, 27.7534938]]}}, {"type": "Feature", "properties": {"osm_id": 223988301, "name": "", "bridge": "yes", "highway": "trunk"}, "geometry": {"type": "LineString", "coordinates": [[94.7950834, 27.6785288], [94.7969774, 27.6784482]]}}, {"type": "Feature", "properties": {"osm_id": 223988303, "name": "", "bridge": "yes", "highway": "trunk"}, "geometry": {"type": "LineString", "coordinates": [[95.2089661, 27.7990751], [95.209417, 27.7989938]]}}, {"type": "Feature", "properties": {"osm_id": 223988304, "name": "", "bridge": "yes", "highway": "trunk"}, "geometry": {"type": "LineString", "coordinates": [[95.0229506, 27.7666087], [95.0249756, 27.7656239]]}}, {"type": "Feature", "properties": {"osm_id": 223988305, "name": "", "bridge": "yes", "highway": "trunk"}, "geometry": {"type": "LineString", "coordinates": [[94.9944449, 27.7612218], [94.9955919, 27.7613941]]}}, {"type": "Feature", "properties": {"osm_id": 223988313, "name": "", "bridge": "yes", "highway": "tertiary"}, "geometry": {"type": "LineString", "coordinates": [[94.7103413, 27.4742975], [94.7106089, 27.473793]]}}, {"type": "Feature", "properties": {"osm_id": 224371986, "name": "", "bridge": "yes", "highway": "trunk"}, "geometry": {"type": "LineString", "coordinates": [[94.1809187, 27.3580837], [94.181494, 27.3591785]]}}, {"type": "Feature", "properties": {"osm_id": 224885255, "name": "", "bridge": "yes", "highway": "trunk"}, "geometry": {"type": "LineString", "coordinates": [[94.2490001, 27.4491715], [94.2611897, 27.44533], [94.2612766, 27.4452996]]}}, {"type": "Feature", "properties": {"osm_id": 225876868, "name": "", "bridge": "yes", "highway": ""}, "geometry": {"type": "LineString", "coordinates": [[94.7380814, 26.9110933], [94.7364852, 26.9103738]]}}, {"type": "Feature", "properties": {"osm_id": 228977889, "name": "", "bridge": "yes", "highway": "trunk"}, "geometry": {"type": "LineString", "coordinates": [[94.0469608, 26.7248175], [94.0461859, 26.7248501]]}}, {"type": "Feature", "properties": {"osm_id": 228977931, "name": "Furkating - Jorhat - Mariani railway line", "bridge": "yes", "highway": ""}, "geometry": {"type": "LineString", "coordinates": [[94.0532003, 26.6723699], [94.0527352, 26.6718998]]}}, {"type": "Feature", "properties": {"osm_id": 228989995, "name": "", "bridge": "yes", "highway": "trunk"}, "geometry": {"type": "LineString", "coordinates": [[94.8627068, 27.3388181], [94.863009, 27.3380753]]}}, {"type": "Feature", "properties": {"osm_id": 228989998, "name": "Simaluguri Junction - Dibrugarh", "bridge": "yes", "highway": ""}, "geometry": {"type": "LineString", "coordinates": [[94.8575046, 27.3244164], [94.8584817, 27.3236127]]}}, {"type": "Feature", "properties": {"osm_id": 229034217, "name": "Simaluguri Junction - Dibrugarh", "bridge": "yes", "highway": ""}, "geometry": {"type": "LineString", "coordinates": [[94.9047198, 27.2763548], [94.9052625, 27.2748097]]}}, {"type": "Feature", "properties": {"osm_id": 229034218, "name": "Simaluguri Junction - Dibrugarh", "bridge": "yes", "highway": ""}, "geometry": {"type": "LineString", "coordinates": [[94.8811256, 27.3114658], [94.8836315, 27.3101391]]}}, {"type": "Feature", "properties": {"osm_id": 229193379, "name": "", "bridge": "yes", "highway": "secondary"}, "geometry": {"type": "LineString", "coordinates": [[94.9255711, 27.4088807], [94.9254274, 27.409544]]}}, {"type": "Feature", "properties": {"osm_id": 230344961, "name": "", "bridge": "yes", "highway": "trunk"}, "geometry": {"type": "LineString", "coordinates": [[94.450115, 27.4209275], [94.4523528, 27.421066]]}}, {"type": "Feature", "properties": {"osm_id": 230483861, "name": "", "bridge": "yes", "highway": "primary"}, "geometry": {"type": "LineString", "coordinates": [[93.9252318, 27.02471], [93.9277268, 27.0240558]]}}, {"type": "Feature", "properties": {"osm_id": 232292875, "name": "", "bridge": "yes", "highway": "trunk"}, "geometry": {"type": "LineString", "coordinates": [[94.9327398, 27.1988915], [94.9321912, 27.1984117]]}}, {"type": "Feature", "properties": {"osm_id": 232292876, "name": "", "bridge": "yes", "highway": "primary"}, "geometry": {"type": "LineString", "coordinates": [[94.9128043, 27.031674], [94.9131355, 27.031942]]}}, {"type": "Feature", "properties": {"osm_id": 232292877, "name": "", "bridge": "yes", "highway": "trunk"}, "geometry": {"type": "LineString", "coordinates": [[94.9369855, 26.9914829], [94.9376077, 26.991178]]}}, {"type": "Feature", "properties": {"osm_id": 232292878, "name": "", "bridge": "yes", "highway": "primary"}, "geometry": {"type": "LineString", "coordinates": [[94.9124009, 27.0462361], [94.9122447, 27.0473465]]}}, {"type": "Feature", "properties": {"osm_id": 232292898, "name": "Simaluguri Junction - Sripuriagaon", "bridge": "yes", "highway": ""}, "geometry": {"type": "LineString", "coordinates": [[94.9195707, 27.0146008], [94.920151, 27.0150091]]}}, {"type": "Feature", "properties": {"osm_id": 237485791, "name": "", "bridge": "yes", "highway": "trunk"}, "geometry": {"type": "LineString", "coordinates": [[94.6444974, 26.6780423], [94.6445168, 26.6783167]]}}, {"type": "Feature", "properties": {"osm_id": 238552193, "name": "", "bridge": "yes", "highway": "trunk"}, "geometry": {"type": "LineString", "coordinates": [[94.0094001, 27.7600814], [94.0089269, 27.7590955]]}}, {"type": "Feature", "properties": {"osm_id": 238556538, "name": "", "bridge": "yes", "highway": "trunk"}, "geometry": {"type": "LineString", "coordinates": [[93.7809545, 27.3563409], [93.7804368, 27.3575356]]}}, {"type": "Feature", "properties": {"osm_id": 238562900, "name": "", "bridge": "yes", "highway": "unclassified"}, "geometry": {"type": "LineString", "coordinates": [[93.6892734, 27.2144396], [93.6896715, 27.213775]]}}, {"type": "Feature", "properties": {"osm_id": 238668514, "name": "", "bridge": "yes", "highway": "trunk"}, "geometry": {"type": "LineString", "coordinates": [[93.9991684, 27.1633207], [94.0004955, 27.1635483]]}}, {"type": "Feature", "properties": {"osm_id": 238668530, "name": "", "bridge": "yes", "highway": "trunk"}, "geometry": {"type": "LineString", "coordinates": [[93.6488902, 26.8918031], [93.6475244, 26.8921867], [93.6460648, 26.8927565]]}}, {"type": "Feature", "properties": {"osm_id": 238707427, "name": "", "bridge": "yes", "highway": "trunk"}, "geometry": {"type": "LineString", "coordinates": [[93.6054163, 27.067525], [93.6060955, 27.0675251]]}}, {"type": "Feature", "properties": {"osm_id": 238707428, "name": "", "bridge": "yes", "highway": "trunk"}, "geometry": {"type": "LineString", "coordinates": [[93.7141561, 27.109496], [93.7147281, 27.1097469]]}}, {"type": "Feature", "properties": {"osm_id": 244253836, "name": "", "bridge": "yes", "highway": ""}, "geometry": {"type": "LineString", "coordinates": [[94.5170011, 26.8047741], [94.5158363, 26.804303]]}}, {"type": "Feature", "properties": {"osm_id": 244253839, "name": "", "bridge": "yes", "highway": "primary"}, "geometry": {"type": "LineString", "coordinates": [[94.8954606, 27.4391359], [94.8954874, 27.4383456], [94.8955277, 27.4369125], [94.8957369, 27.4300374]]}}, {"type": "Feature", "properties": {"osm_id": 256709777, "name": "Tamulichiga Bridge", "bridge": "yes", "highway": "secondary"}, "geometry": {"type": "LineString", "coordinates": [[94.4794824, 26.8843012], [94.4793899, 26.8849845]]}}, {"type": "Feature", "properties": {"osm_id": 279395897, "name": "", "bridge": "yes", "highway": ""}, "geometry": {"type": "LineString", "coordinates": [[93.7463373, 27.1435317], [93.7431068, 27.1434941]]}}, {"type": "Feature", "properties": {"osm_id": 279395898, "name": "", "bridge": "yes", "highway": ""}, "geometry": {"type": "LineString", "coordinates": [[93.7340274, 27.1422763], [93.7332569, 27.1421103]]}}, {"type": "Feature", "properties": {"osm_id": 279395899, "name": "", "bridge": "yes", "highway": ""}, "geometry": {"type": "LineString", "coordinates": [[93.8050933, 27.1348602], [93.8041517, 27.1351508]]}}, {"type": "Feature", "properties": {"osm_id": 279395900, "name": "", "bridge": "yes", "highway": ""}, "geometry": {"type": "LineString", "coordinates": [[93.712018, 27.1326435], [93.7115288, 27.1323293]]}}, {"type": "Feature", "properties": {"osm_id": 284821155, "name": "", "bridge": "yes", "highway": "unclassified"}, "geometry": {"type": "LineString", "coordinates": [[94.5648913, 27.3439419], [94.565756, 27.3433287]]}}, {"type": "Feature", "properties": {"osm_id": 284823168, "name": "", "bridge": "yes", "highway": "primary"}, "geometry": {"type": "LineString", "coordinates": [[94.3193844, 27.0947027], [94.3187085, 27.0933943]]}}, {"type": "Feature", "properties": {"osm_id": 284824410, "name": "", "bridge": "yes", "highway": "primary"}, "geometry": {"type": "LineString", "coordinates": [[94.1623257, 26.9579751], [94.1621661, 26.9592257]]}}, {"type": "Feature", "properties": {"osm_id": 287765373, "name": "", "bridge": "yes", "highway": "primary"}, "geometry": {"type": "LineString", "coordinates": [[94.4292789, 27.2406445], [94.4290985, 27.240389], [94.4289064, 27.2400644]]}}, {"type": "Feature", "properties": {"osm_id": 287765376, "name": "", "bridge": "yes", "highway": "primary"}, "geometry": {"type": "LineString", "coordinates": [[94.4356021, 27.3091193], [94.4367703, 27.3086667]]}}, {"type": "Feature", "properties": {"osm_id": 287765377, "name": "", "bridge": "yes", "highway": "unclassified"}, "geometry": {"type": "LineString", "coordinates": [[94.5430761, 27.3080087], [94.543762, 27.3072923]]}}, {"type": "Feature", "properties": {"osm_id": 294737957, "name": "", "bridge": "yes", "highway": "trunk"}, "geometry": {"type": "LineString", "coordinates": [[95.1837335, 27.795296], [95.1842295, 27.7958752]]}}, {"type": "Feature", "properties": {"osm_id": 327054412, "name": "", "bridge": "yes", "highway": "unclassified"}, "geometry": {"type": "LineString", "coordinates": [[94.136959, 27.1129281], [94.1368505, 27.113888]]}}, {"type": "Feature", "properties": {"osm_id": 327056617, "name": "Balipara - Harmuti - Bogibeel", "bridge": "yes", "highway": ""}, "geometry": {"type": "LineString", "coordinates": [[93.9769592, 27.1817576], [93.9779732, 27.1826919]]}}, {"type": "Feature", "properties": {"osm_id": 327057590, "name": "", "bridge": "yes", "highway": "tertiary"}, "geometry": {"type": "LineString", "coordinates": [[94.1630929, 26.9947149], [94.1621698, 26.9960922]]}}, {"type": "Feature", "properties": {"osm_id": 348679041, "name": "Dikhari Bridge", "bridge": "yes", "highway": ""}, "geometry": {"type": "LineString", "coordinates": [[95.0252715, 27.7694445], [95.0266099, 27.7687645]]}}, {"type": "Feature", "properties": {"osm_id": 357346868, "name": "Lagun Bridge", "bridge": "yes", "highway": "trunk"}, "geometry": {"type": "LineString", "coordinates": [[93.691471, 27.10186], [93.6917131, 27.1021734]]}}, {"type": "Feature", "properties": {"osm_id": 358944866, "name": "AT Road Bhogdoi Bridge", "bridge": "yes", "highway": "secondary"}, "geometry": {"type": "LineString", "coordinates": [[94.2194081, 26.7629199], [94.2195184, 26.7629571], [94.2200619, 26.76313]]}}, {"type": "Feature", "properties": {"osm_id": 358944884, "name": "Bhogdoi Bypass Bridge", "bridge": "yes", "highway": "trunk"}, "geometry": {"type": "LineString", "coordinates": [[94.2080125, 26.7810761], [94.2082895, 26.781194], [94.2085086, 26.7812903], [94.2086988, 26.7813728]]}}, {"type": "Feature", "properties": {"osm_id": 359656497, "name": "Bhogdoi3", "bridge": "yes", "highway": "tertiary"}, "geometry": {"type": "LineString", "coordinates": [[94.1800946, 26.7758021], [94.1796554, 26.7762194]]}}, {"type": "Feature", "properties": {"osm_id": 367149073, "name": "", "bridge": "yes", "highway": "secondary"}, "geometry": {"type": "LineString", "coordinates": [[94.2648061, 27.5351691], [94.2633875, 27.5357357]]}}, {"type": "Feature", "properties": {"osm_id": 367149075, "name": "", "bridge": "yes", "highway": "secondary"}, "geometry": {"type": "LineString", "coordinates": [[94.2938086, 27.5411497], [94.2924674, 27.5421651]]}}, {"type": "Feature", "properties": {"osm_id": 367149079, "name": "", "bridge": "yes", "highway": "secondary"}, "geometry": {"type": "LineString", "coordinates": [[94.2960309, 27.5342339], [94.2957311, 27.5345187]]}}, {"type": "Feature", "properties": {"osm_id": 367149081, "name": "", "bridge": "yes", "highway": "tertiary"}, "geometry": {"type": "LineString", "coordinates": [[94.2579691, 27.5427216], [94.2567675, 27.5430351], [94.2558071, 27.5434449]]}}, {"type": "Feature", "properties": {"osm_id": 374072603, "name": "", "bridge": "yes", "highway": "footway"}, "geometry": {"type": "LineString", "coordinates": [[94.2158727, 26.7501975], [94.2159695, 26.7500152]]}}, {"type": "Feature", "properties": {"osm_id": 374072604, "name": "", "bridge": "yes", "highway": "steps"}, "geometry": {"type": "LineString", "coordinates": [[94.2158335, 26.7499596], [94.2159695, 26.7500152]]}}, {"type": "Feature", "properties": {"osm_id": 374072605, "name": "", "bridge": "yes", "highway": "steps"}, "geometry": {"type": "LineString", "coordinates": [[94.2157118, 26.7501351], [94.2158727, 26.7501975]]}}, {"type": "Feature", "properties": {"osm_id": 374073511, "name": "JEC Road", "bridge": "yes", "highway": "tertiary"}, "geometry": {"type": "LineString", "coordinates": [[94.2239557, 26.7534266], [94.2242148, 26.7533269]]}}, {"type": "Feature", "properties": {"osm_id": 374073512, "name": "JEC Road", "bridge": "yes", "highway": "tertiary"}, "geometry": {"type": "LineString", "coordinates": [[94.2273362, 26.7413897], [94.2271849, 26.741305]]}}, {"type": "Feature", "properties": {"osm_id": 375444619, "name": "", "bridge": "yes", "highway": "secondary"}, "geometry": {"type": "LineString", "coordinates": [[94.1037907, 26.7747665], [94.1039195, 26.7746419]]}}, {"type": "Feature", "properties": {"osm_id": 375444621, "name": "", "bridge": "yes", "highway": "secondary"}, "geometry": {"type": "LineString", "coordinates": [[94.0913858, 26.7874451], [94.0916385, 26.7871908]]}}, {"type": "Feature", "properties": {"osm_id": 375444645, "name": "", "bridge": "yes", "highway": "secondary"}, "geometry": {"type": "LineString", "coordinates": [[94.0955724, 26.7826251], [94.0960284, 26.7822087]]}}, {"type": "Feature", "properties": {"osm_id": 375444647, "name": "", "bridge": "yes", "highway": "tertiary"}, "geometry": {"type": "LineString", "coordinates": [[94.1943176, 26.7826156], [94.1944924, 26.7821205]]}}, {"type": "Feature", "properties": {"osm_id": 375444659, "name": "", "bridge": "yes", "highway": "secondary"}, "geometry": {"type": "LineString", "coordinates": [[94.0758629, 26.8031531], [94.076158, 26.802783]]}}, {"type": "Feature", "properties": {"osm_id": 375444664, "name": "", "bridge": "yes", "highway": "footway"}, "geometry": {"type": "LineString", "coordinates": [[94.1816147, 26.7510595], [94.1817628, 26.7508868]]}}, {"type": "Feature", "properties": {"osm_id": 375444675, "name": "", "bridge": "yes", "highway": "secondary"}, "geometry": {"type": "LineString", "coordinates": [[94.1266793, 26.7588154], [94.1268188, 26.7585059]]}}, {"type": "Feature", "properties": {"osm_id": 375444677, "name": "", "bridge": "yes", "highway": "secondary"}, "geometry": {"type": "LineString", "coordinates": [[94.1328444, 26.7451314], [94.132882, 26.7448871]]}}, {"type": "Feature", "properties": {"osm_id": 382979142, "name": "", "bridge": "yes", "highway": "unclassified"}, "geometry": {"type": "LineString", "coordinates": [[94.1583136, 26.7618066], [94.1583236, 26.7619867]]}}, {"type": "Feature", "properties": {"osm_id": 382982356, "name": "", "bridge": "yes", "highway": "unclassified"}, "geometry": {"type": "LineString", "coordinates": [[94.2254531, 26.7448226], [94.2251488, 26.7447227]]}}, {"type": "Feature", "properties": {"osm_id": 382982361, "name": "", "bridge": "yes", "highway": "residential"}, "geometry": {"type": "LineString", "coordinates": [[94.225007, 26.746012], [94.2253694, 26.7460776]]}}, {"type": "Feature", "properties": {"osm_id": 382987212, "name": "", "bridge": "yes", "highway": "tertiary"}, "geometry": {"type": "LineString", "coordinates": [[94.2442543, 26.7539713], [94.2441152, 26.754551]]}}, {"type": "Feature", "properties": {"osm_id": 382987942, "name": "", "bridge": "yes", "highway": "tertiary"}, "geometry": {"type": "LineString", "coordinates": [[94.1670917, 26.8202808], [94.1672543, 26.8200782]]}}, {"type": "Feature", "properties": {"osm_id": 382999192, "name": "KB Road", "bridge": "yes", "highway": "primary"}, "geometry": {"type": "LineString", "coordinates": [[94.1764271, 26.7150319], [94.1763558, 26.7149556]]}}, {"type": "Feature", "properties": {"osm_id": 382999215, "name": "", "bridge": "yes", "highway": "unclassified"}, "geometry": {"type": "LineString", "coordinates": [[94.1694351, 26.7189613], [94.1695039, 26.7190382]]}}, {"type": "Feature", "properties": {"osm_id": 382999241, "name": "Furkating - Jorhat - Mariani railway line", "bridge": "yes", "highway": ""}, "geometry": {"type": "LineString", "coordinates": [[94.1704428, 26.7175839], [94.1705016, 26.7177452]]}}, {"type": "Feature", "properties": {"osm_id": 384589329, "name": "SONARI DOLONG", "bridge": "yes", "highway": "trunk"}, "geometry": {"type": "LineString", "coordinates": [[95.0036367, 27.0212763], [95.0044247, 27.0214979]]}}, {"type": "Feature", "properties": {"osm_id": 386844805, "name": "", "bridge": "yes", "highway": "trunk"}, "geometry": {"type": "LineString", "coordinates": [[93.7964844, 27.2555642], [93.7960435, 27.256084]]}}, {"type": "Feature", "properties": {"osm_id": 401782014, "name": "", "bridge": "yes", "highway": "trunk"}, "geometry": {"type": "LineString", "coordinates": [[93.7465893, 27.4048817], [93.7463661, 27.4048217]]}}, {"type": "Feature", "properties": {"osm_id": 401782018, "name": "", "bridge": "yes", "highway": "trunk"}, "geometry": {"type": "LineString", "coordinates": [[93.9511634, 27.7162504], [93.9510336, 27.7161834], [93.9509346, 27.71612]]}}, {"type": "Feature", "properties": {"osm_id": 401782024, "name": "Kimin-Potin Road", "bridge": "yes", "highway": "secondary"}, "geometry": {"type": "LineString", "coordinates": [[93.9506449, 27.3530042], [93.949186, 27.3519881]]}}, {"type": "Feature", "properties": {"osm_id": 401782025, "name": "Kimin-Potin Road", "bridge": "yes", "highway": "secondary"}, "geometry": {"type": "LineString", "coordinates": [[93.9822029, 27.3491499], [93.9816011, 27.3492214], [93.9809961, 27.3493502]]}}, {"type": "Feature", "properties": {"osm_id": 401782026, "name": "", "bridge": "yes", "highway": "secondary"}, "geometry": {"type": "LineString", "coordinates": [[93.9680188, 27.3046192], [93.9674137, 27.3053447]]}}, {"type": "Feature", "properties": {"osm_id": 402882998, "name": "", "bridge": "yes", "highway": "trunk"}, "geometry": {"type": "LineString", "coordinates": [[95.141509, 27.1361415], [95.1415023, 27.1372706]]}}, {"type": "Feature", "properties": {"osm_id": 407765483, "name": "", "bridge": "yes", "highway": "trunk"}, "geometry": {"type": "LineString", "coordinates": [[95.1066173, 27.7553112], [95.1072782, 27.7550401]]}}, {"type": "Feature", "properties": {"osm_id": 407792599, "name": "Simen Bridge", "bridge": "yes", "highway": "trunk"}, "geometry": {"type": "LineString", "coordinates": [[94.8595389, 27.7076936], [94.8639916, 27.7095929]]}}, {"type": "Feature", "properties": {"osm_id": 434004830, "name": "", "bridge": "yes", "highway": "secondary"}, "geometry": {"type": "LineString", "coordinates": [[94.9088596, 27.4774262], [94.9087013, 27.4777649], [94.9085094, 27.4780937], [94.9083712, 27.478354], [94.9083237, 27.4784436], [94.9082037, 27.4787136], [94.9081123, 27.4789505]]}}, {"type": "Feature", "properties": {"osm_id": 436855653, "name": "", "bridge": "yes", "highway": "path"}, "geometry": {"type": "LineString", "coordinates": [[94.1585478, 26.9661024], [94.1587096, 26.9659041]]}}, {"type": "Feature", "properties": {"osm_id": 468909100, "name": "", "bridge": "yes", "highway": "road"}, "geometry": {"type": "LineString", "coordinates": [[93.8246782, 27.6092718], [93.8246658, 27.6094191]]}}, {"type": "Feature", "properties": {"osm_id": 468909104, "name": "Sululya Bridge", "bridge": "yes", "highway": ""}, "geometry": {"type": "LineString", "coordinates": [[93.8296044, 27.6051797], [93.8297099, 27.6052944]]}}, {"type": "Feature", "properties": {"osm_id": 472544650, "name": "", "bridge": "yes", "highway": "unclassified"}, "geometry": {"type": "LineString", "coordinates": [[94.5035195, 27.4798047], [94.5038684, 27.4796768]]}}, {"type": "Feature", "properties": {"osm_id": 472564296, "name": "Balipara - Harmuti - Bogibeel", "bridge": "yes", "highway": ""}, "geometry": {"type": "LineString", "coordinates": [[94.5979762, 27.5426141], [94.5990129, 27.5436153]]}}, {"type": "Feature", "properties": {"osm_id": 472564302, "name": "", "bridge": "yes", "highway": "trunk"}, "geometry": {"type": "LineString", "coordinates": [[94.5978087, 27.5379326], [94.5981488, 27.53831]]}}, {"type": "Feature", "properties": {"osm_id": 472683744, "name": "", "bridge": "yes", "highway": "unclassified"}, "geometry": {"type": "LineString", "coordinates": [[94.6353658, 27.5748733], [94.6349869, 27.574993]]}}, {"type": "Feature", "properties": {"osm_id": 472683748, "name": "", "bridge": "yes", "highway": "unclassified"}, "geometry": {"type": "LineString", "coordinates": [[94.637924, 27.5768245], [94.6378936, 27.5770397]]}}, {"type": "Feature", "properties": {"osm_id": 472695604, "name": "", "bridge": "yes", "highway": "secondary"}, "geometry": {"type": "LineString", "coordinates": [[94.8893267, 27.6509657], [94.890401, 27.6530632], [94.890866, 27.6539037]]}}, {"type": "Feature", "properties": {"osm_id": 479176031, "name": "Bogibeel Bridge North Block Hut - Murkongselek", "bridge": "yes", "highway": ""}, "geometry": {"type": "LineString", "coordinates": [[95.0860957, 27.7537732], [95.0866614, 27.7539331]]}}, {"type": "Feature", "properties": {"osm_id": 479176033, "name": "Bogibeel Bridge North Block Hut - Murkongselek", "bridge": "yes", "highway": ""}, "geometry": {"type": "LineString", "coordinates": [[95.0955425, 27.7564526], [95.0969641, 27.7568573]]}}, {"type": "Feature", "properties": {"osm_id": 479176035, "name": "Bogibeel Bridge North Block Hut - Murkongselek", "bridge": "yes", "highway": ""}, "geometry": {"type": "LineString", "coordinates": [[95.1046367, 27.7590207], [95.1050291, 27.7591353]]}}, {"type": "Feature", "properties": {"osm_id": 479176037, "name": "Bogibeel Bridge North Block Hut - Murkongselek", "bridge": "yes", "highway": ""}, "geometry": {"type": "LineString", "coordinates": [[95.1266381, 27.7652536], [95.1273278, 27.7654423]]}}, {"type": "Feature", "properties": {"osm_id": 479176043, "name": "Bogibeel Bridge North Block Hut - Murkongselek", "bridge": "yes", "highway": ""}, "geometry": {"type": "LineString", "coordinates": [[95.1455768, 27.7747351], [95.1460463, 27.7750373]]}}, {"type": "Feature", "properties": {"osm_id": 479176045, "name": "Bogibeel Bridge North Block Hut - Murkongselek", "bridge": "yes", "highway": ""}, "geometry": {"type": "LineString", "coordinates": [[95.1995741, 27.8095305], [95.1997521, 27.8096453]]}}, {"type": "Feature", "properties": {"osm_id": 479176049, "name": "Bogibeel Bridge North Block Hut - Murkongselek", "bridge": "yes", "highway": ""}, "geometry": {"type": "LineString", "coordinates": [[95.2100842, 27.8162933], [95.2105656, 27.8165908]]}}, {"type": "Feature", "properties": {"osm_id": 479176052, "name": "Bogibeel Bridge North Block Hut - Murkongselek", "bridge": "yes", "highway": ""}, "geometry": {"type": "LineString", "coordinates": [[95.1821627, 27.7983467], [95.1828763, 27.7987932]]}}, {"type": "Feature", "properties": {"osm_id": 479358846, "name": "", "bridge": "yes", "highway": "trunk"}, "geometry": {"type": "LineString", "coordinates": [[94.7673411, 27.6148327], [94.7683274, 27.6157786]]}}, {"type": "Feature", "properties": {"osm_id": 479358850, "name": "", "bridge": "yes", "highway": "trunk"}, "geometry": {"type": "LineString", "coordinates": [[94.8586951, 27.7073266], [94.8595389, 27.7076936]]}}, {"type": "Feature", "properties": {"osm_id": 479358853, "name": "Bogibeel Bridge North Block Hut - Murkongselek", "bridge": "yes", "highway": ""}, "geometry": {"type": "LineString", "coordinates": [[94.9009, 27.735347], [94.9012117, 27.7357275]]}}, {"type": "Feature", "properties": {"osm_id": 479358855, "name": "Bogibeel Bridge North Block Hut - Murkongselek", "bridge": "yes", "highway": ""}, "geometry": {"type": "LineString", "coordinates": [[94.915894, 27.7494204], [94.9160848, 27.7495256]]}}, {"type": "Feature", "properties": {"osm_id": 479358857, "name": "Bogibeel Bridge North Block Hut - Murkongselek", "bridge": "yes", "highway": ""}, "geometry": {"type": "LineString", "coordinates": [[94.9251288, 27.753931], [94.9257014, 27.7540259]]}}, {"type": "Feature", "properties": {"osm_id": 479358860, "name": "Bogibeel Bridge North Block Hut - Murkongselek", "bridge": "yes", "highway": ""}, "geometry": {"type": "LineString", "coordinates": [[94.9428688, 27.7566876], [94.9435533, 27.7568005]]}}, {"type": "Feature", "properties": {"osm_id": 479358862, "name": "Bogibeel Bridge North Block Hut - Murkongselek", "bridge": "yes", "highway": ""}, "geometry": {"type": "LineString", "coordinates": [[94.795277, 27.6821143], [94.7969185, 27.6820716]]}}, {"type": "Feature", "properties": {"osm_id": 479358866, "name": "", "bridge": "yes", "highway": "unclassified"}, "geometry": {"type": "LineString", "coordinates": [[94.7773169, 27.6493625], [94.7775771, 27.6492675]]}}, {"type": "Feature", "properties": {"osm_id": 479358870, "name": "Bogibeel Bridge North Block Hut - Murkongselek", "bridge": "yes", "highway": ""}, "geometry": {"type": "LineString", "coordinates": [[94.7669069, 27.6358644], [94.7673641, 27.6363423]]}}, {"type": "Feature", "properties": {"osm_id": 479358874, "name": "Bogibeel Bridge North Block Hut - Murkongselek", "bridge": "yes", "highway": ""}, "geometry": {"type": "LineString", "coordinates": [[94.7548084, 27.6229057], [94.7551611, 27.6232855]]}}, {"type": "Feature", "properties": {"osm_id": 479358876, "name": "Bogibeel Bridge North Block Hut - Murkongselek", "bridge": "yes", "highway": ""}, "geometry": {"type": "LineString", "coordinates": [[94.7329938, 27.6038903], [94.7332401, 27.6040726]]}}, {"type": "Feature", "properties": {"osm_id": 479597449, "name": "Bogibeel Bridge North Block Hut - Tangani", "bridge": "yes", "highway": ""}, "geometry": {"type": "LineString", "coordinates": [[94.6843244, 27.5458856], [94.6843109, 27.5459498]]}}, {"type": "Feature", "properties": {"osm_id": 479597451, "name": "", "bridge": "yes", "highway": "trunk"}, "geometry": {"type": "LineString", "coordinates": [[94.6773318, 27.5559115], [94.6776409, 27.5557416]]}}, {"type": "Feature", "properties": {"osm_id": 479597453, "name": "Bogibeel Bridge North Block Hut - Tangani", "bridge": "yes", "highway": ""}, "geometry": {"type": "LineString", "coordinates": [[94.670714, 27.5596338], [94.6706221, 27.5596636]]}}, {"type": "Feature", "properties": {"osm_id": 479597455, "name": "Bogibeel Bridge North Block Hut - Tangani", "bridge": "yes", "highway": ""}, "geometry": {"type": "LineString", "coordinates": [[94.6746852, 27.5585759], [94.6740374, 27.5587482]]}}, {"type": "Feature", "properties": {"osm_id": 479597459, "name": "", "bridge": "yes", "highway": "trunk"}, "geometry": {"type": "LineString", "coordinates": [[94.6657457, 27.5600465], [94.6658932, 27.5600442]]}}, {"type": "Feature", "properties": {"osm_id": 479597463, "name": "Balipara - Harmuti - Bogibeel", "bridge": "yes", "highway": ""}, "geometry": {"type": "LineString", "coordinates": [[94.6784808, 27.5638136], [94.6787327, 27.5640011]]}}, {"type": "Feature", "properties": {"osm_id": 479597465, "name": "", "bridge": "yes", "highway": "unclassified"}, "geometry": {"type": "LineString", "coordinates": [[94.5706652, 27.5013172], [94.5708476, 27.5012648]]}}, {"type": "Feature", "properties": {"osm_id": 479597467, "name": "", "bridge": "yes", "highway": "unclassified"}, "geometry": {"type": "LineString", "coordinates": [[94.5563744, 27.5463328], [94.5564709, 27.5460926]]}}, {"type": "Feature", "properties": {"osm_id": 479597469, "name": "", "bridge": "yes", "highway": "unclassified"}, "geometry": {"type": "LineString", "coordinates": [[94.5560659, 27.5477335], [94.5560472, 27.5474767]]}}, {"type": "Feature", "properties": {"osm_id": 479597471, "name": "", "bridge": "yes", "highway": "unclassified"}, "geometry": {"type": "LineString", "coordinates": [[94.5560901, 27.5527608], [94.5560364, 27.5525039]]}}, {"type": "Feature", "properties": {"osm_id": 479597473, "name": "", "bridge": "yes", "highway": "unclassified"}, "geometry": {"type": "LineString", "coordinates": [[94.5581983, 27.5427917], [94.5582358, 27.542718]]}}, {"type": "Feature", "properties": {"osm_id": 479597475, "name": "", "bridge": "yes", "highway": "unclassified"}, "geometry": {"type": "LineString", "coordinates": [[94.559998, 27.5393361], [94.5600276, 27.5392362]]}}, {"type": "Feature", "properties": {"osm_id": 479597477, "name": "", "bridge": "yes", "highway": "unclassified"}, "geometry": {"type": "LineString", "coordinates": [[94.5597647, 27.539826], [94.5598049, 27.5397594]]}}, {"type": "Feature", "properties": {"osm_id": 479597479, "name": "", "bridge": "yes", "highway": "unclassified"}, "geometry": {"type": "LineString", "coordinates": [[94.5631845, 27.5302649], [94.5632864, 27.5301055]]}}, {"type": "Feature", "properties": {"osm_id": 479597481, "name": "", "bridge": "yes", "highway": "unclassified"}, "geometry": {"type": "LineString", "coordinates": [[94.5644291, 27.525151], [94.5644264, 27.525013]]}}, {"type": "Feature", "properties": {"osm_id": 479597483, "name": "", "bridge": "yes", "highway": "unclassified"}, "geometry": {"type": "LineString", "coordinates": [[94.5657299, 27.5192067], [94.5656816, 27.5190521]]}}, {"type": "Feature", "properties": {"osm_id": 479597487, "name": "", "bridge": "yes", "highway": "unclassified"}, "geometry": {"type": "LineString", "coordinates": [[94.565746, 27.5140733], [94.5657541, 27.5139306]]}}, {"type": "Feature", "properties": {"osm_id": 479597490, "name": "", "bridge": "yes", "highway": "unclassified"}, "geometry": {"type": "LineString", "coordinates": [[94.566202, 27.5103789], [94.5662422, 27.5102338]]}}, {"type": "Feature", "properties": {"osm_id": 479597495, "name": "Balipara - Harmuti - Bogibeel", "bridge": "yes", "highway": ""}, "geometry": {"type": "LineString", "coordinates": [[94.5649284, 27.510971], [94.5650789, 27.5111159]]}}, {"type": "Feature", "properties": {"osm_id": 479597497, "name": "Balipara - Harmuti - Bogibeel", "bridge": "yes", "highway": ""}, "geometry": {"type": "LineString", "coordinates": [[94.5728968, 27.5186096], [94.5734761, 27.5191639]]}}, {"type": "Feature", "properties": {"osm_id": 479597499, "name": "", "bridge": "yes", "highway": "trunk"}, "geometry": {"type": "LineString", "coordinates": [[94.581793, 27.4969621], [94.5818976, 27.497049]]}}, {"type": "Feature", "properties": {"osm_id": 479597501, "name": "", "bridge": "yes", "highway": "trunk"}, "geometry": {"type": "LineString", "coordinates": [[94.5834526, 27.505063], [94.5836166, 27.5053309]]}}, {"type": "Feature", "properties": {"osm_id": 479597506, "name": "Balipara - Harmuti - Bogibeel", "bridge": "yes", "highway": ""}, "geometry": {"type": "LineString", "coordinates": [[94.5871698, 27.5322885], [94.5874221, 27.5325311]]}}, {"type": "Feature", "properties": {"osm_id": 479597508, "name": "Balipara - Harmuti - Bogibeel", "bridge": "yes", "highway": ""}, "geometry": {"type": "LineString", "coordinates": [[94.6146145, 27.5476879], [94.616142, 27.5478392]]}}, {"type": "Feature", "properties": {"osm_id": 479597510, "name": "Balipara - Harmuti - Bogibeel", "bridge": "yes", "highway": ""}, "geometry": {"type": "LineString", "coordinates": [[94.6243815, 27.5490658], [94.6246846, 27.5491942]]}}, {"type": "Feature", "properties": {"osm_id": 479597514, "name": "Balipara - Harmuti - Bogibeel", "bridge": "yes", "highway": ""}, "geometry": {"type": "LineString", "coordinates": [[94.6635728, 27.5654881], [94.6652905, 27.5639036]]}}, {"type": "Feature", "properties": {"osm_id": 479599242, "name": "Bogibeel Bridge North Block Hut - Tangani", "bridge": "yes", "highway": ""}, "geometry": {"type": "LineString", "coordinates": [[94.6853516, 27.5222011], [94.6853475, 27.5223016]]}}, {"type": "Feature", "properties": {"osm_id": 479599245, "name": "", "bridge": "yes", "highway": "trunk"}, "geometry": {"type": "LineString", "coordinates": [[94.6904987, 27.533622], [94.6907758, 27.5337099]]}}, {"type": "Feature", "properties": {"osm_id": 479599251, "name": "", "bridge": "yes", "highway": "trunk"}, "geometry": {"type": "LineString", "coordinates": [[94.6828746, 27.5293776], [94.6831509, 27.5293253]]}}, {"type": "Feature", "properties": {"osm_id": 479599255, "name": "", "bridge": "yes", "highway": "trunk"}, "geometry": {"type": "LineString", "coordinates": [[94.6849169, 27.5289268], [94.6853057, 27.5288525]]}}, {"type": "Feature", "properties": {"osm_id": 479609000, "name": "Simaluguri Junction - Dibrugarh", "bridge": "yes", "highway": ""}, "geometry": {"type": "LineString", "coordinates": [[94.8733601, 27.3154563], [94.8735169, 27.315368]]}}, {"type": "Feature", "properties": {"osm_id": 479609002, "name": "Simaluguri Junction - Dibrugarh", "bridge": "yes", "highway": ""}, "geometry": {"type": "LineString", "coordinates": [[94.8791232, 27.3124808], [94.8792483, 27.3124167]]}}, {"type": "Feature", "properties": {"osm_id": 479609004, "name": "Simaluguri Junction - Dibrugarh", "bridge": "yes", "highway": ""}, "geometry": {"type": "LineString", "coordinates": [[94.886405, 27.3086514], [94.8864733, 27.3086147]]}}, {"type": "Feature", "properties": {"osm_id": 479609006, "name": "Simaluguri Junction - Dibrugarh", "bridge": "yes", "highway": ""}, "geometry": {"type": "LineString", "coordinates": [[94.8720272, 27.4065994], [94.8719575, 27.4065494]]}}, {"type": "Feature", "properties": {"osm_id": 479609008, "name": "", "bridge": "yes", "highway": "unclassified"}, "geometry": {"type": "LineString", "coordinates": [[94.746431, 27.5113089], [94.7461226, 27.51168]]}}, {"type": "Feature", "properties": {"osm_id": 479609012, "name": "", "bridge": "yes", "highway": "unclassified"}, "geometry": {"type": "LineString", "coordinates": [[94.7353434, 27.5193838], [94.7348948, 27.519564]]}}, {"type": "Feature", "properties": {"osm_id": 479613768, "name": "Bogibeel Bridge North Block Hut - Tangani", "bridge": "yes", "highway": ""}, "geometry": {"type": "LineString", "coordinates": [[94.7219972, 27.4453598], [94.7217529, 27.4455951]]}}, {"type": "Feature", "properties": {"osm_id": 479613771, "name": "Bogibeel Bridge North Block Hut - Tangani", "bridge": "yes", "highway": ""}, "geometry": {"type": "LineString", "coordinates": [[94.7209688, 27.4463382], [94.7206324, 27.4466663]]}}, {"type": "Feature", "properties": {"osm_id": 479613779, "name": "", "bridge": "yes", "highway": "trunk"}, "geometry": {"type": "LineString", "coordinates": [[94.7034499, 27.4693205], [94.7025337, 27.4711334]]}}, {"type": "Feature", "properties": {"osm_id": 479613785, "name": "Bogibeel Bridge North Block Hut - Tangani", "bridge": "yes", "highway": ""}, "geometry": {"type": "LineString", "coordinates": [[94.705403, 27.46428], [94.7050507, 27.4649635]]}}, {"type": "Feature", "properties": {"osm_id": 479613794, "name": "Bogibeel Bridge North Block Hut - Tangani", "bridge": "yes", "highway": ""}, "geometry": {"type": "LineString", "coordinates": [[94.7038988, 27.4673775], [94.7038516, 27.4674607]]}}, {"type": "Feature", "properties": {"osm_id": 479613798, "name": "Bogibeel Bridge North Block Hut - Tangani", "bridge": "yes", "highway": ""}, "geometry": {"type": "LineString", "coordinates": [[94.7030319, 27.4691788], [94.7020936, 27.471007]]}}, {"type": "Feature", "properties": {"osm_id": 479613807, "name": "Bogibeel Bridge North Block Hut - Tangani", "bridge": "yes", "highway": ""}, "geometry": {"type": "LineString", "coordinates": [[94.6977867, 27.4796666], [94.6977559, 27.4797288]]}}, {"type": "Feature", "properties": {"osm_id": 479613820, "name": "Bogibeel Bridge North Block Hut - Tangani", "bridge": "yes", "highway": ""}, "geometry": {"type": "LineString", "coordinates": [[94.6902034, 27.494971], [94.690158, 27.4950407]]}}, {"type": "Feature", "properties": {"osm_id": 479613833, "name": "Bogibeel Bridge North Block Hut - Tangani", "bridge": "yes", "highway": ""}, "geometry": {"type": "LineString", "coordinates": [[94.6895663, 27.496228], [94.6895397, 27.4962815]]}}, {"type": "Feature", "properties": {"osm_id": 479613837, "name": "Bogibeel Bridge North Block Hut - Tangani", "bridge": "yes", "highway": ""}, "geometry": {"type": "LineString", "coordinates": [[94.6858788, 27.508699], [94.6858666, 27.508949]]}}, {"type": "Feature", "properties": {"osm_id": 479613846, "name": "", "bridge": "yes", "highway": "trunk"}, "geometry": {"type": "LineString", "coordinates": [[94.7212172, 27.4465298], [94.7208713, 27.4468616]]}}, {"type": "Feature", "properties": {"osm_id": 479613852, "name": "", "bridge": "yes", "highway": "trunk"}, "geometry": {"type": "LineString", "coordinates": [[94.7222235, 27.4455732], [94.721996, 27.4457923]]}}, {"type": "Feature", "properties": {"osm_id": 479613857, "name": "", "bridge": "yes", "highway": "trunk"}, "geometry": {"type": "LineString", "coordinates": [[94.7427763, 27.425313], [94.7421129, 27.4262313], [94.7419269, 27.4264583], [94.7416952, 27.4267047], [94.7380033, 27.4303432]]}}, {"type": "Feature", "properties": {"osm_id": 479613862, "name": "Bogibeel Bridge North Block Hut - Tangani", "bridge": "yes", "highway": ""}, "geometry": {"type": "LineString", "coordinates": [[94.7929362, 27.3769659], [94.7928321, 27.3770649]]}}, {"type": "Feature", "properties": {"osm_id": 479613870, "name": "old NH52B", "bridge": "yes", "highway": "trunk"}, "geometry": {"type": "LineString", "coordinates": [[94.7927251, 27.3768091], [94.792618, 27.3769087]]}}, {"type": "Feature", "properties": {"osm_id": 479613878, "name": "old NH52B", "bridge": "yes", "highway": "trunk"}, "geometry": {"type": "LineString", "coordinates": [[94.7829959, 27.3861856], [94.7793262, 27.3896865], [94.7791451, 27.389875], [94.7789984, 27.3900422], [94.7788283, 27.3902631], [94.7783244, 27.3909322], [94.778082, 27.3912354], [94.7778612, 27.3914807], [94.7774914, 27.39184]]}}, {"type": "Feature", "properties": {"osm_id": 479811366, "name": "", "bridge": "yes", "highway": ""}, "geometry": {"type": "LineString", "coordinates": [[94.9418569, 27.468914], [94.9419414, 27.4689807]]}}, {"type": "Feature", "properties": {"osm_id": 479929763, "name": "", "bridge": "yes", "highway": "path"}, "geometry": {"type": "LineString", "coordinates": [[94.4988455, 26.9589766], [94.4991915, 26.9588786]]}}, {"type": "Feature", "properties": {"osm_id": 479929789, "name": "Assam Trunk Road", "bridge": "yes", "highway": "trunk"}, "geometry": {"type": "LineString", "coordinates": [[94.5298433, 26.9462824], [94.5296104, 26.9458316]]}}, {"type": "Feature", "properties": {"osm_id": 479944090, "name": "", "bridge": "yes", "highway": "service"}, "geometry": {"type": "LineString", "coordinates": [[94.8757588, 27.3727607], [94.8758902, 27.3727392]]}}, {"type": "Feature", "properties": {"osm_id": 479944111, "name": "", "bridge": "yes", "highway": "service"}, "geometry": {"type": "LineString", "coordinates": [[94.8759559, 27.3720652], [94.8758192, 27.3721271]]}}, {"type": "Feature", "properties": {"osm_id": 480093420, "name": "", "bridge": "yes", "highway": "primary"}, "geometry": {"type": "LineString", "coordinates": [[94.8149664, 27.3981051], [94.8150759, 27.3982683]]}}, {"type": "Feature", "properties": {"osm_id": 480093422, "name": "", "bridge": "yes", "highway": "primary"}, "geometry": {"type": "LineString", "coordinates": [[94.890744, 27.467637], [94.890673, 27.4675452]]}}, {"type": "Feature", "properties": {"osm_id": 480093424, "name": "Dibrugarh Bypass", "bridge": "yes", "highway": "primary"}, "geometry": {"type": "LineString", "coordinates": [[94.8967531, 27.4711249], [94.8966556, 27.4712453]]}}, {"type": "Feature", "properties": {"osm_id": 480093426, "name": "", "bridge": "yes", "highway": "tertiary"}, "geometry": {"type": "LineString", "coordinates": [[94.8982262, 27.4774375], [94.8981537, 27.4774411]]}}, {"type": "Feature", "properties": {"osm_id": 480093428, "name": "", "bridge": "yes", "highway": ""}, "geometry": {"type": "LineString", "coordinates": [[94.8982101, 27.4776822], [94.8980934, 27.4776826]]}}, {"type": "Feature", "properties": {"osm_id": 480093430, "name": "", "bridge": "yes", "highway": "secondary"}, "geometry": {"type": "LineString", "coordinates": [[94.8982135, 27.4788564], [94.8983113, 27.4787776]]}}, {"type": "Feature", "properties": {"osm_id": 480093432, "name": "", "bridge": "yes", "highway": "residential"}, "geometry": {"type": "LineString", "coordinates": [[94.8985439, 27.4795], [94.8986203, 27.4794984]]}}, {"type": "Feature", "properties": {"osm_id": 480093434, "name": "", "bridge": "yes", "highway": "tertiary"}, "geometry": {"type": "LineString", "coordinates": [[94.9017986, 27.481494], [94.9018217, 27.4814111]]}}, {"type": "Feature", "properties": {"osm_id": 480093437, "name": "", "bridge": "yes", "highway": "path"}, "geometry": {"type": "LineString", "coordinates": [[94.9025726, 27.4820919], [94.9026343, 27.4820479]]}}, {"type": "Feature", "properties": {"osm_id": 480093441, "name": "", "bridge": "yes", "highway": "tertiary"}, "geometry": {"type": "LineString", "coordinates": [[94.9037163, 27.4826021], [94.9036991, 27.4826619]]}}, {"type": "Feature", "properties": {"osm_id": 480290279, "name": "", "bridge": "yes", "highway": ""}, "geometry": {"type": "LineString", "coordinates": [[94.8982138, 27.4776219], [94.8980871, 27.4776231]]}}, {"type": "Feature", "properties": {"osm_id": 480523095, "name": "", "bridge": "yes", "highway": ""}, "geometry": {"type": "LineString", "coordinates": [[94.9419347, 27.4688461], [94.9419984, 27.4689086]]}}, {"type": "Feature", "properties": {"osm_id": 480523097, "name": "Simaluguri Junction - Dibrugarh", "bridge": "yes", "highway": ""}, "geometry": {"type": "LineString", "coordinates": [[94.9419642, 27.4689461], [94.9418825, 27.468877]]}}, {"type": "Feature", "properties": {"osm_id": 480530395, "name": "", "bridge": "yes", "highway": ""}, "geometry": {"type": "LineString", "coordinates": [[95.070909, 27.4600987], [95.0707454, 27.4600369]]}}, {"type": "Feature", "properties": {"osm_id": 480530397, "name": "", "bridge": "yes", "highway": "primary"}, "geometry": {"type": "LineString", "coordinates": [[95.0709101, 27.4601942], [95.070743, 27.4601296]]}}, {"type": "Feature", "properties": {"osm_id": 480943943, "name": "", "bridge": "yes", "highway": "secondary"}, "geometry": {"type": "LineString", "coordinates": [[95.2511229, 27.4826297], [95.2511182, 27.4825375]]}}, {"type": "Feature", "properties": {"osm_id": 485291848, "name": "", "bridge": "yes", "highway": "primary"}, "geometry": {"type": "LineString", "coordinates": [[93.7505211, 27.1364326], [93.7518475, 27.1384387]]}}, {"type": "Feature", "properties": {"osm_id": 524206747, "name": "", "bridge": "yes", "highway": "residential"}, "geometry": {"type": "LineString", "coordinates": [[94.5391582, 27.4729061], [94.5389903, 27.4729549], [94.5389716, 27.4730067], [94.5389528, 27.4730995], [94.5389125, 27.4731685], [94.5388106, 27.4733875], [94.5387194, 27.473535], [94.5386953, 27.4736278]]}}, {"type": "Feature", "properties": {"osm_id": 549537524, "name": "", "bridge": "yes", "highway": "path"}, "geometry": {"type": "LineString", "coordinates": [[94.2360666, 26.9572257], [94.2356974, 26.9572222]]}}, {"type": "Feature", "properties": {"osm_id": 549537528, "name": "", "bridge": "yes", "highway": "unclassified"}, "geometry": {"type": "LineString", "coordinates": [[94.2300726, 26.952203], [94.2301493, 26.9518394]]}}, {"type": "Feature", "properties": {"osm_id": 561726246, "name": "", "bridge": "yes", "highway": "primary"}, "geometry": {"type": "LineString", "coordinates": [[94.738586, 27.1307498], [94.7389829, 27.1303238]]}}, {"type": "Feature", "properties": {"osm_id": 565100699, "name": "", "bridge": "yes", "highway": "trunk"}, "geometry": {"type": "LineString", "coordinates": [[95.2751495, 26.9701462], [95.2747633, 26.9702657]]}}, {"type": "Feature", "properties": {"osm_id": 565100702, "name": "", "bridge": "yes", "highway": "trunk"}, "geometry": {"type": "LineString", "coordinates": [[95.2204888, 27.0129519], [95.2204459, 27.0132267], [95.2204244, 27.0133438]]}}, {"type": "Feature", "properties": {"osm_id": 565159594, "name": "", "bridge": "yes", "highway": "trunk"}, "geometry": {"type": "LineString", "coordinates": [[93.7160098, 27.1410047], [93.7157178, 27.1411922]]}}, {"type": "Feature", "properties": {"osm_id": 606144244, "name": "", "bridge": "yes", "highway": "secondary"}, "geometry": {"type": "LineString", "coordinates": [[95.145244, 27.8351911], [95.1435918, 27.8347262]]}}, {"type": "Feature", "properties": {"osm_id": 606151344, "name": "", "bridge": "yes", "highway": "secondary"}, "geometry": {"type": "LineString", "coordinates": [[95.2743065, 27.7905434], [95.2747115, 27.7902777]]}}, {"type": "Feature", "properties": {"osm_id": 606151346, "name": "", "bridge": "yes", "highway": "tertiary"}, "geometry": {"type": "LineString", "coordinates": [[95.2521998, 27.7661906], [95.2526665, 27.7653695]]}}, {"type": "Feature", "properties": {"osm_id": 610526989, "name": "", "bridge": "yes", "highway": "tertiary"}, "geometry": {"type": "LineString", "coordinates": [[93.8172984, 26.9643441], [93.8165796, 26.9646118]]}}, {"type": "Feature", "properties": {"osm_id": 610526991, "name": "Balipara - Harmuti - Bogibeel", "bridge": "yes", "highway": ""}, "geometry": {"type": "LineString", "coordinates": [[93.639343, 26.9045123], [93.6397697, 26.9045913]]}}, {"type": "Feature", "properties": {"osm_id": 610526995, "name": "", "bridge": "yes", "highway": "trunk"}, "geometry": {"type": "LineString", "coordinates": [[93.8333722, 27.0542148], [93.8335759, 27.0540044]]}}, {"type": "Feature", "properties": {"osm_id": 610527006, "name": "", "bridge": "yes", "highway": ""}, "geometry": {"type": "LineString", "coordinates": [[93.8243488, 27.1299862], [93.8229686, 27.1303983]]}}, {"type": "Feature", "properties": {"osm_id": 610771002, "name": "Assam Trunk Road", "bridge": "yes", "highway": "trunk"}, "geometry": {"type": "LineString", "coordinates": [[94.492684, 26.8473984], [94.491241, 26.8465926]]}}, {"type": "Feature", "properties": {"osm_id": 613110182, "name": "Simaluguri Junction - Dibrugarh", "bridge": "yes", "highway": ""}, "geometry": {"type": "LineString", "coordinates": [[94.6830296, 27.053264], [94.6819487, 27.0521389]]}}, {"type": "Feature", "properties": {"osm_id": 613110209, "name": "", "bridge": "yes", "highway": "tertiary"}, "geometry": {"type": "LineString", "coordinates": [[94.776751, 26.9857733], [94.7771024, 26.9843703]]}}, {"type": "Feature", "properties": {"osm_id": 613110216, "name": "", "bridge": "yes", "highway": "unclassified"}, "geometry": {"type": "LineString", "coordinates": [[94.5847911, 26.9162488], [94.5848662, 26.9166984]]}}, {"type": "Feature", "properties": {"osm_id": 613110249, "name": "", "bridge": "yes", "highway": ""}, "geometry": {"type": "LineString", "coordinates": [[94.7292468, 26.9071889], [94.729008, 26.9070765]]}}, {"type": "Feature", "properties": {"osm_id": 613124554, "name": "", "bridge": "yes", "highway": "tertiary"}, "geometry": {"type": "LineString", "coordinates": [[93.8117409, 26.686684], [93.8122076, 26.6854738]]}}, {"type": "Feature", "properties": {"osm_id": 613488293, "name": "", "bridge": "yes", "highway": "primary"}, "geometry": {"type": "LineString", "coordinates": [[95.0262337, 27.0648029], [95.0263748, 27.0658032]]}}, {"type": "Feature", "properties": {"osm_id": 613488338, "name": "", "bridge": "yes", "highway": "tertiary"}, "geometry": {"type": "LineString", "coordinates": [[94.8367555, 27.0924266], [94.8364471, 27.0917723]]}}, {"type": "Feature", "properties": {"osm_id": 613488377, "name": "", "bridge": "yes", "highway": "tertiary"}, "geometry": {"type": "LineString", "coordinates": [[94.7886282, 27.0684887], [94.7881642, 27.0678248]]}}, {"type": "Feature", "properties": {"osm_id": 613488411, "name": "", "bridge": "yes", "highway": "track"}, "geometry": {"type": "LineString", "coordinates": [[94.8904301, 27.11305], [94.8906179, 27.1135191]]}}, {"type": "Feature", "properties": {"osm_id": 615470742, "name": "", "bridge": "yes", "highway": "primary"}, "geometry": {"type": "LineString", "coordinates": [[94.4218744, 27.3384224], [94.4218683, 27.3379485]]}}, {"type": "Feature", "properties": {"osm_id": 615470747, "name": "", "bridge": "yes", "highway": "unclassified"}, "geometry": {"type": "LineString", "coordinates": [[94.3606087, 27.3398027], [94.3611569, 27.3400178]]}}, {"type": "Feature", "properties": {"osm_id": 615470761, "name": "", "bridge": "yes", "highway": "tertiary"}, "geometry": {"type": "LineString", "coordinates": [[94.3550575, 27.3036459], [94.3560744, 27.3034833]]}}, {"type": "Feature", "properties": {"osm_id": 615470777, "name": "", "bridge": "yes", "highway": "tertiary"}, "geometry": {"type": "LineString", "coordinates": [[94.3775202, 27.2519938], [94.3780076, 27.2532512]]}}, {"type": "Feature", "properties": {"osm_id": 615470783, "name": "", "bridge": "yes", "highway": "primary"}, "geometry": {"type": "LineString", "coordinates": [[94.3824647, 27.3145539], [94.3839312, 27.313857]]}}, {"type": "Feature", "properties": {"osm_id": 615470787, "name": "", "bridge": "yes", "highway": "unclassified"}, "geometry": {"type": "LineString", "coordinates": [[94.3597779, 27.3572415], [94.3603118, 27.3573054]]}}, {"type": "Feature", "properties": {"osm_id": 615470795, "name": "", "bridge": "yes", "highway": "road"}, "geometry": {"type": "LineString", "coordinates": [[94.3639174, 27.3761442], [94.3638424, 27.376647]]}}, {"type": "Feature", "properties": {"osm_id": 615470809, "name": "Balipara - Harmuti - Bogibeel", "bridge": "yes", "highway": ""}, "geometry": {"type": "LineString", "coordinates": [[94.3763673, 27.4261378], [94.3786472, 27.4255474]]}}, {"type": "Feature", "properties": {"osm_id": 615470888, "name": "", "bridge": "yes", "highway": "trunk"}, "geometry": {"type": "LineString", "coordinates": [[94.3766236, 27.4231363], [94.3791834, 27.4224545]]}}, {"type": "Feature", "properties": {"osm_id": 617205769, "name": "", "bridge": "yes", "highway": "tertiary"}, "geometry": {"type": "LineString", "coordinates": [[94.8212747, 27.3116493], [94.8205273, 27.311742]]}}, {"type": "Feature", "properties": {"osm_id": 617213863, "name": "Balipara - Harmuti - Bogibeel", "bridge": "yes", "highway": ""}, "geometry": {"type": "LineString", "coordinates": [[94.1262688, 27.3679085], [94.1265555, 27.3690029]]}}, {"type": "Feature", "properties": {"osm_id": 617213865, "name": "Balipara - Harmuti - Bogibeel", "bridge": "yes", "highway": ""}, "geometry": {"type": "LineString", "coordinates": [[94.1412698, 27.378948], [94.1423967, 27.379704]]}}, {"type": "Feature", "properties": {"osm_id": 617213867, "name": "Balipara - Harmuti - Bogibeel", "bridge": "yes", "highway": ""}, "geometry": {"type": "LineString", "coordinates": [[94.2104487, 27.4461012], [94.2107248, 27.4462973]]}}, {"type": "Feature", "properties": {"osm_id": 617213868, "name": "Balipara - Harmuti - Bogibeel", "bridge": "yes", "highway": ""}, "geometry": {"type": "LineString", "coordinates": [[94.4597486, 27.4245633], [94.4627004, 27.4247344]]}}, {"type": "Feature", "properties": {"osm_id": 617213871, "name": "Balipara - Harmuti - Bogibeel", "bridge": "yes", "highway": ""}, "geometry": {"type": "LineString", "coordinates": [[94.4499833, 27.4239999], [94.4524641, 27.4241242]]}}, {"type": "Feature", "properties": {"osm_id": 617634190, "name": "", "bridge": "yes", "highway": "tertiary"}, "geometry": {"type": "LineString", "coordinates": [[94.0359914, 27.0656583], [94.0365951, 27.0654583]]}}, {"type": "Feature", "properties": {"osm_id": 618147538, "name": "Bogibeel Bridge North Block Hut - Murkongselek", "bridge": "yes", "highway": ""}, "geometry": {"type": "LineString", "coordinates": [[95.0515702, 27.7561589], [95.0519049, 27.7559895]]}}, {"type": "Feature", "properties": {"osm_id": 624382955, "name": "", "bridge": "yes", "highway": "secondary"}, "geometry": {"type": "LineString", "coordinates": [[94.7743535, 26.6938133], [94.7745037, 26.6937175], [94.7746324, 26.6936312], [94.7746968, 26.6935881]]}}, {"type": "Feature", "properties": {"osm_id": 624970332, "name": "", "bridge": "yes", "highway": "tertiary"}, "geometry": {"type": "LineString", "coordinates": [[95.0816381, 26.6758442], [95.0818419, 26.6756908]]}}, {"type": "Feature", "properties": {"osm_id": 625008048, "name": "Mon - Longwa Road", "bridge": "yes", "highway": "tertiary"}, "geometry": {"type": "LineString", "coordinates": [[95.159685, 26.6951409], [95.1600552, 26.6951615]]}}, {"type": "Feature", "properties": {"osm_id": 625013537, "name": "", "bridge": "yes", "highway": "service"}, "geometry": {"type": "LineString", "coordinates": [[95.1977509, 26.7038919], [95.1980191, 26.7041315]]}}, {"type": "Feature", "properties": {"osm_id": 628095895, "name": "", "bridge": "yes", "highway": "trunk"}, "geometry": {"type": "LineString", "coordinates": [[95.0570126, 26.9544937], [95.0570798, 26.9545504]]}}, {"type": "Feature", "properties": {"osm_id": 628095898, "name": "", "bridge": "yes", "highway": "tertiary"}, "geometry": {"type": "LineString", "coordinates": [[95.0801119, 26.9476324], [95.0798759, 26.9480867]]}}, {"type": "Feature", "properties": {"osm_id": 628111845, "name": "", "bridge": "yes", "highway": "trunk"}, "geometry": {"type": "LineString", "coordinates": [[95.071292, 26.8583076], [95.071342, 26.8586755]]}}, {"type": "Feature", "properties": {"osm_id": 628327240, "name": "Changkikong Road", "bridge": "yes", "highway": "secondary"}, "geometry": {"type": "LineString", "coordinates": [[94.6399024, 26.6685795], [94.6402819, 26.6689773]]}}, {"type": "Feature", "properties": {"osm_id": 628559736, "name": "", "bridge": "yes", "highway": "secondary"}, "geometry": {"type": "LineString", "coordinates": [[94.8285314, 26.7216721], [94.8290625, 26.7225753]]}}, {"type": "Feature", "properties": {"osm_id": 629443703, "name": "", "bridge": "yes", "highway": "trunk"}, "geometry": {"type": "LineString", "coordinates": [[95.078314, 26.883487], [95.0785914, 26.8837033]]}}, {"type": "Feature", "properties": {"osm_id": 629443705, "name": "", "bridge": "yes", "highway": "tertiary"}, "geometry": {"type": "LineString", "coordinates": [[95.0523081, 26.9223856], [95.0529841, 26.9224573]]}}, {"type": "Feature", "properties": {"osm_id": 629447427, "name": "Mon - Longwa Road", "bridge": "yes", "highway": "tertiary"}, "geometry": {"type": "LineString", "coordinates": [[95.0730166, 26.7141234], [95.073475, 26.7138631]]}}, {"type": "Feature", "properties": {"osm_id": 629447429, "name": "", "bridge": "yes", "highway": "primary"}, "geometry": {"type": "LineString", "coordinates": [[95.0160957, 26.7371549], [95.0161077, 26.7372495]]}}, {"type": "Feature", "properties": {"osm_id": 629447431, "name": "", "bridge": "yes", "highway": "tertiary"}, "geometry": {"type": "LineString", "coordinates": [[95.1181671, 26.6617194], [95.1185882, 26.6617026]]}}, {"type": "Feature", "properties": {"osm_id": 636944286, "name": "", "bridge": "yes", "highway": "trunk"}, "geometry": {"type": "LineString", "coordinates": [[94.155357, 27.3017653], [94.1555423, 27.3023247]]}}, {"type": "Feature", "properties": {"osm_id": 636944288, "name": "", "bridge": "yes", "highway": "trunk"}, "geometry": {"type": "LineString", "coordinates": [[93.7323696, 26.8973096], [93.7320872, 26.8973936]]}}, {"type": "Feature", "properties": {"osm_id": 636948680, "name": "", "bridge": "yes", "highway": "trunk"}, "geometry": {"type": "LineString", "coordinates": [[95.2328417, 27.8456259], [95.2332715, 27.8457593]]}}, {"type": "Feature", "properties": {"osm_id": 636948683, "name": "", "bridge": "yes", "highway": "trunk"}, "geometry": {"type": "LineString", "coordinates": [[95.08787, 27.7453229], [95.0882333, 27.7456647]]}}, {"type": "Feature", "properties": {"osm_id": 636948685, "name": "", "bridge": "yes", "highway": "trunk"}, "geometry": {"type": "LineString", "coordinates": [[94.8245535, 27.6912095], [94.8248054, 27.6913452]]}}, {"type": "Feature", "properties": {"osm_id": 636948688, "name": "", "bridge": "yes", "highway": "trunk"}, "geometry": {"type": "LineString", "coordinates": [[94.7716293, 27.6190446], [94.7719043, 27.6193167], [94.7723523, 27.6197022]]}}, {"type": "Feature", "properties": {"osm_id": 636948689, "name": "", "bridge": "yes", "highway": "trunk"}, "geometry": {"type": "LineString", "coordinates": [[93.7435521, 27.1287], [93.7439239, 27.1286772], [93.7442857, 27.1286274], [93.7448666, 27.1285165]]}}, {"type": "Feature", "properties": {"osm_id": 636948691, "name": "", "bridge": "yes", "highway": "trunk"}, "geometry": {"type": "LineString", "coordinates": [[93.6723881, 27.1015419], [93.6726308, 27.1015299]]}}, {"type": "Feature", "properties": {"osm_id": 636948693, "name": "", "bridge": "yes", "highway": "trunk"}, "geometry": {"type": "LineString", "coordinates": [[93.600374, 27.0842842], [93.6005506, 27.084166]]}}, {"type": "Feature", "properties": {"osm_id": 653507665, "name": "", "bridge": "yes", "highway": "footway"}, "geometry": {"type": "LineString", "coordinates": [[94.309233, 26.6530215], [94.3090345, 26.6532565]]}}, {"type": "Feature", "properties": {"osm_id": 656821387, "name": "Bogibeel Bridge", "bridge": "yes", "highway": ""}, "geometry": {"type": "LineString", "coordinates": [[94.743515, 27.424553], [94.7775078, 27.3918526]]}}, {"type": "Feature", "properties": {"osm_id": 659389686, "name": "Mariani Road", "bridge": "yes", "highway": "primary"}, "geometry": {"type": "LineString", "coordinates": [[94.5164617, 26.8039916], [94.5172029, 26.8042862]]}}, {"type": "Feature", "properties": {"osm_id": 659690014, "name": "", "bridge": "yes", "highway": "primary"}, "geometry": {"type": "LineString", "coordinates": [[94.5252387, 27.4039051], [94.5253591, 27.4032279]]}}, {"type": "Feature", "properties": {"osm_id": 659690017, "name": "", "bridge": "yes", "highway": "primary"}, "geometry": {"type": "LineString", "coordinates": [[94.4863325, 27.3916569], [94.4857371, 27.3916497]]}}, {"type": "Feature", "properties": {"osm_id": 659690019, "name": "", "bridge": "yes", "highway": "primary"}, "geometry": {"type": "LineString", "coordinates": [[94.4788679, 27.3855089], [94.4784924, 27.3853041]]}}, {"type": "Feature", "properties": {"osm_id": 659690022, "name": "", "bridge": "yes", "highway": "primary"}, "geometry": {"type": "LineString", "coordinates": [[94.4723062, 27.3759432], [94.4721313, 27.3756955]]}}, {"type": "Feature", "properties": {"osm_id": 659690026, "name": "", "bridge": "yes", "highway": "primary"}, "geometry": {"type": "LineString", "coordinates": [[94.4474243, 27.3584458], [94.4470701, 27.3584148]]}}, {"type": "Feature", "properties": {"osm_id": 664483509, "name": "", "bridge": "yes", "highway": ""}, "geometry": {"type": "LineString", "coordinates": [[94.8171406, 27.3734702], [94.8175414, 27.3733604]]}}, {"type": "Feature", "properties": {"osm_id": 668560785, "name": "", "bridge": "yes", "highway": "tertiary"}, "geometry": {"type": "LineString", "coordinates": [[93.9972251, 26.737444], [93.9979171, 26.7369074]]}}, {"type": "Feature", "properties": {"osm_id": 668560808, "name": "", "bridge": "yes", "highway": "tertiary"}, "geometry": {"type": "LineString", "coordinates": [[93.9680061, 26.7289856], [93.9680994, 26.7299871]]}}, {"type": "Feature", "properties": {"osm_id": 668560818, "name": "", "bridge": "yes", "highway": "unclassified"}, "geometry": {"type": "LineString", "coordinates": [[93.9591739, 26.7210109], [93.9603004, 26.7201508]]}}, {"type": "Feature", "properties": {"osm_id": 668565155, "name": "", "bridge": "yes", "highway": "tertiary"}, "geometry": {"type": "LineString", "coordinates": [[93.9500034, 26.7081234], [93.9492255, 26.7090674]]}}, {"type": "Feature", "properties": {"osm_id": 668565159, "name": "", "bridge": "yes", "highway": "tertiary"}, "geometry": {"type": "LineString", "coordinates": [[93.9148732, 26.729391], [93.9154417, 26.7297659]]}}, {"type": "Feature", "properties": {"osm_id": 668565161, "name": "", "bridge": "yes", "highway": "unclassified"}, "geometry": {"type": "LineString", "coordinates": [[93.9516906, 26.7447738], [93.9515885, 26.7451461]]}}, {"type": "Feature", "properties": {"osm_id": 668565167, "name": "", "bridge": "yes", "highway": "tertiary"}, "geometry": {"type": "LineString", "coordinates": [[93.9651978, 26.753885], [93.9651466, 26.7539492]]}}, {"type": "Feature", "properties": {"osm_id": 669395714, "name": "", "bridge": "yes", "highway": "primary"}, "geometry": {"type": "LineString", "coordinates": [[94.6864361, 27.675476], [94.6866131, 27.6749795]]}}, {"type": "Feature", "properties": {"osm_id": 669395719, "name": "", "bridge": "yes", "highway": "primary"}, "geometry": {"type": "LineString", "coordinates": [[94.6792799, 27.690556], [94.6795106, 27.6903565]]}}, {"type": "Feature", "properties": {"osm_id": 669395724, "name": "", "bridge": "yes", "highway": "primary"}, "geometry": {"type": "LineString", "coordinates": [[94.6731243, 27.698626], [94.6730223, 27.698303]]}}, {"type": "Feature", "properties": {"osm_id": 669395727, "name": "", "bridge": "yes", "highway": "primary"}, "geometry": {"type": "LineString", "coordinates": [[94.6865326, 27.7137171], [94.6860284, 27.7135271]]}}, {"type": "Feature", "properties": {"osm_id": 669395729, "name": "", "bridge": "yes", "highway": "primary"}, "geometry": {"type": "LineString", "coordinates": [[94.7002763, 27.7180267], [94.6997157, 27.7179151]]}}, {"type": "Feature", "properties": {"osm_id": 669395731, "name": "", "bridge": "yes", "highway": "primary"}, "geometry": {"type": "LineString", "coordinates": [[94.7040984, 27.717851], [94.7038436, 27.7175946]]}}, {"type": "Feature", "properties": {"osm_id": 669395733, "name": "", "bridge": "yes", "highway": "primary"}, "geometry": {"type": "LineString", "coordinates": [[94.7068316, 27.7227588], [94.7066411, 27.7225546]]}}, {"type": "Feature", "properties": {"osm_id": 669395735, "name": "", "bridge": "yes", "highway": "primary"}, "geometry": {"type": "LineString", "coordinates": [[94.7148433, 27.7316978], [94.7147159, 27.7315221]]}}, {"type": "Feature", "properties": {"osm_id": 669395737, "name": "", "bridge": "yes", "highway": "primary"}, "geometry": {"type": "LineString", "coordinates": [[94.7159779, 27.7375498], [94.7159243, 27.7373908]]}}, {"type": "Feature", "properties": {"osm_id": 669395739, "name": "", "bridge": "yes", "highway": "primary"}, "geometry": {"type": "LineString", "coordinates": [[94.7171366, 27.7473397], [94.7167289, 27.7472638]]}}, {"type": "Feature", "properties": {"osm_id": 669395741, "name": "", "bridge": "yes", "highway": "primary"}, "geometry": {"type": "LineString", "coordinates": [[94.7195023, 27.7476483], [94.7195211, 27.747373]]}}, {"type": "Feature", "properties": {"osm_id": 669395743, "name": "", "bridge": "yes", "highway": "primary"}, "geometry": {"type": "LineString", "coordinates": [[94.7159055, 27.7590703], [94.7162542, 27.7585576]]}}, {"type": "Feature", "properties": {"osm_id": 669395748, "name": "", "bridge": "yes", "highway": "primary"}, "geometry": {"type": "LineString", "coordinates": [[94.7301909, 27.8218295], [94.7299844, 27.8217346]]}}, {"type": "Feature", "properties": {"osm_id": 669395749, "name": "", "bridge": "yes", "highway": "tertiary"}, "geometry": {"type": "LineString", "coordinates": [[94.7086823, 27.8174718], [94.7087494, 27.8172868]]}}, {"type": "Feature", "properties": {"osm_id": 669395754, "name": "", "bridge": "yes", "highway": "tertiary"}, "geometry": {"type": "LineString", "coordinates": [[94.6951318, 27.8169048], [94.6950164, 27.8167198]]}}, {"type": "Feature", "properties": {"osm_id": 669395767, "name": "", "bridge": "yes", "highway": "tertiary"}, "geometry": {"type": "LineString", "coordinates": [[94.6223861, 27.8420797], [94.6229842, 27.8422173]]}}, {"type": "Feature", "properties": {"osm_id": 669395771, "name": "", "bridge": "yes", "highway": "tertiary"}, "geometry": {"type": "LineString", "coordinates": [[94.6359354, 27.8417799], [94.6361634, 27.8418178]]}}, {"type": "Feature", "properties": {"osm_id": 669395812, "name": "", "bridge": "yes", "highway": "primary"}, "geometry": {"type": "LineString", "coordinates": [[94.7724143, 27.8405727], [94.7717813, 27.8402003]]}}, {"type": "Feature", "properties": {"osm_id": 713370317, "name": "", "bridge": "yes", "highway": "unclassified"}, "geometry": {"type": "LineString", "coordinates": [[95.0466599, 27.2299914], [95.0465134, 27.229994], [95.0463178, 27.2299953]]}}, {"type": "Feature", "properties": {"osm_id": 713398525, "name": "", "bridge": "yes", "highway": "unclassified"}, "geometry": {"type": "LineString", "coordinates": [[95.0729897, 27.2506289], [95.0731056, 27.2506562]]}}, {"type": "Feature", "properties": {"osm_id": 713398963, "name": "", "bridge": "yes", "highway": "unclassified"}, "geometry": {"type": "LineString", "coordinates": [[95.0473528, 27.2469908], [95.0472589, 27.2470051]]}}, {"type": "Feature", "properties": {"osm_id": 713605140, "name": "", "bridge": "yes", "highway": "unclassified"}, "geometry": {"type": "LineString", "coordinates": [[94.9992815, 27.1809233], [94.9993151, 27.1812961]]}}, {"type": "Feature", "properties": {"osm_id": 713611725, "name": "", "bridge": "yes", "highway": "trunk"}, "geometry": {"type": "LineString", "coordinates": [[95.0273552, 27.2023729], [95.0274295, 27.201938]]}}, {"type": "Feature", "properties": {"osm_id": 713614386, "name": "", "bridge": "yes", "highway": "residential"}, "geometry": {"type": "LineString", "coordinates": [[95.0198485, 27.1904598], [95.0199993, 27.1903251]]}}, {"type": "Feature", "properties": {"osm_id": 713691696, "name": "", "bridge": "yes", "highway": "unclassified"}, "geometry": {"type": "LineString", "coordinates": [[95.1003, 27.1950499], [95.1002564, 27.1951631]]}}, {"type": "Feature", "properties": {"osm_id": 713692285, "name": "", "bridge": "yes", "highway": "unclassified"}, "geometry": {"type": "LineString", "coordinates": [[95.0861284, 27.1949456], [95.0861287, 27.1952751]]}}, {"type": "Feature", "properties": {"osm_id": 713873324, "name": "", "bridge": "yes", "highway": "unclassified"}, "geometry": {"type": "LineString", "coordinates": [[94.9873215, 27.2703841], [94.9872697, 27.2707745]]}}, {"type": "Feature", "properties": {"osm_id": 713889385, "name": "", "bridge": "yes", "highway": "residential"}, "geometry": {"type": "LineString", "coordinates": [[95.1103525, 27.2587093], [95.1106314, 27.258633]]}}, {"type": "Feature", "properties": {"osm_id": 713901843, "name": "", "bridge": "yes", "highway": "tertiary"}, "geometry": {"type": "LineString", "coordinates": [[95.1041519, 27.2960898], [95.1045076, 27.296427]]}}, {"type": "Feature", "properties": {"osm_id": 713932301, "name": "", "bridge": "yes", "highway": "unclassified"}, "geometry": {"type": "LineString", "coordinates": [[95.010269, 27.1804239], [95.0103214, 27.1802878]]}}, {"type": "Feature", "properties": {"osm_id": 713951194, "name": "", "bridge": "yes", "highway": "trunk"}, "geometry": {"type": "LineString", "coordinates": [[94.9043709, 27.2907121], [94.9044107, 27.2904132]]}}, {"type": "Feature", "properties": {"osm_id": 713951823, "name": "", "bridge": "yes", "highway": "unclassified"}, "geometry": {"type": "LineString", "coordinates": [[94.9012889, 27.2886054], [94.9013306, 27.2885657]]}}, {"type": "Feature", "properties": {"osm_id": 713951859, "name": "Simaluguri Junction - Dibrugarh", "bridge": "yes", "highway": ""}, "geometry": {"type": "LineString", "coordinates": [[94.9004731, 27.2878502], [94.9005335, 27.2876833]]}}, {"type": "Feature", "properties": {"osm_id": 713952006, "name": "Simaluguri Junction - Dibrugarh", "bridge": "yes", "highway": ""}, "geometry": {"type": "LineString", "coordinates": [[94.8998151, 27.2896697], [94.8999179, 27.2893853]]}}, {"type": "Feature", "properties": {"osm_id": 714361319, "name": "", "bridge": "yes", "highway": "unclassified"}, "geometry": {"type": "LineString", "coordinates": [[94.9368147, 27.2333957], [94.9370908, 27.2331601]]}}, {"type": "Feature", "properties": {"osm_id": 714361355, "name": "", "bridge": "yes", "highway": "unclassified"}, "geometry": {"type": "LineString", "coordinates": [[94.9391514, 27.239207], [94.9393308, 27.2391965]]}}, {"type": "Feature", "properties": {"osm_id": 714361497, "name": "", "bridge": "yes", "highway": "residential"}, "geometry": {"type": "LineString", "coordinates": [[94.944133, 27.247885], [94.944276, 27.2477417]]}}, {"type": "Feature", "properties": {"osm_id": 714368234, "name": "Simaluguri Junction - Dibrugarh", "bridge": "yes", "highway": ""}, "geometry": {"type": "LineString", "coordinates": [[94.9058372, 27.273252], [94.906203, 27.2722728]]}}, {"type": "Feature", "properties": {"osm_id": 714370009, "name": "", "bridge": "yes", "highway": "primary"}, "geometry": {"type": "LineString", "coordinates": [[94.8914368, 27.2714077], [94.891422, 27.2714955]]}}, {"type": "Feature", "properties": {"osm_id": 714370050, "name": "", "bridge": "yes", "highway": "primary"}, "geometry": {"type": "LineString", "coordinates": [[94.8944464, 27.273099], [94.8946803, 27.2731328]]}}, {"type": "Feature", "properties": {"osm_id": 714370631, "name": "", "bridge": "yes", "highway": "primary"}, "geometry": {"type": "LineString", "coordinates": [[94.902531, 27.2723267], [94.9028237, 27.2723119]]}}, {"type": "Feature", "properties": {"osm_id": 714371695, "name": "", "bridge": "yes", "highway": "trunk"}, "geometry": {"type": "LineString", "coordinates": [[94.9044834, 27.2724991], [94.9045184, 27.2728058]]}}, {"type": "Feature", "properties": {"osm_id": 714372114, "name": "", "bridge": "yes", "highway": "tertiary"}, "geometry": {"type": "LineString", "coordinates": [[94.8872827, 27.2574337], [94.8873156, 27.2577669]]}}, {"type": "Feature", "properties": {"osm_id": 714372532, "name": "", "bridge": "yes", "highway": "primary"}, "geometry": {"type": "LineString", "coordinates": [[94.8789348, 27.2643454], [94.8788597, 27.2644417]]}}, {"type": "Feature", "properties": {"osm_id": 714381549, "name": "Simaluguri Junction - Dibrugarh", "bridge": "yes", "highway": ""}, "geometry": {"type": "LineString", "coordinates": [[94.9208327, 27.2319854], [94.9209932, 27.2315625]]}}, {"type": "Feature", "properties": {"osm_id": 714410127, "name": "", "bridge": "yes", "highway": "trunk"}, "geometry": {"type": "LineString", "coordinates": [[95.0342192, 27.1818008], [95.0342917, 27.1821193]]}}, {"type": "Feature", "properties": {"osm_id": 714752736, "name": "", "bridge": "yes", "highway": "unclassified"}, "geometry": {"type": "LineString", "coordinates": [[95.0032609, 27.4325254], [95.0034901, 27.4321542]]}}, {"type": "Feature", "properties": {"osm_id": 714975818, "name": "", "bridge": "yes", "highway": "unclassified"}, "geometry": {"type": "LineString", "coordinates": [[95.1376476, 27.3801313], [95.1374133, 27.380007]]}}, {"type": "Feature", "properties": {"osm_id": 715003149, "name": "", "bridge": "yes", "highway": "unclassified"}, "geometry": {"type": "LineString", "coordinates": [[95.1287603, 27.4191097], [95.1287135, 27.4189644]]}}, {"type": "Feature", "properties": {"osm_id": 715148560, "name": "Bogibeel Bridge North Block Hut - Tangani", "bridge": "yes", "highway": ""}, "geometry": {"type": "LineString", "coordinates": [[94.8180324, 27.3767582], [94.8177339, 27.376594]]}}, {"type": "Feature", "properties": {"osm_id": 715148563, "name": "old NH52B", "bridge": "yes", "highway": "trunk"}, "geometry": {"type": "LineString", "coordinates": [[94.8236334, 27.3702292], [94.8219353, 27.3692409]]}}, {"type": "Feature", "properties": {"osm_id": 715148611, "name": "", "bridge": "yes", "highway": "unclassified"}, "geometry": {"type": "LineString", "coordinates": [[94.8358595, 27.4151881], [94.8361807, 27.4150809]]}}, {"type": "Feature", "properties": {"osm_id": 715148622, "name": "", "bridge": "yes", "highway": "service"}, "geometry": {"type": "LineString", "coordinates": [[94.839274, 27.3848027], [94.8393401, 27.3846899]]}}, {"type": "Feature", "properties": {"osm_id": 715148625, "name": "", "bridge": "yes", "highway": "steps"}, "geometry": {"type": "LineString", "coordinates": [[94.8379279, 27.3878476], [94.8380514, 27.387916]]}}, {"type": "Feature", "properties": {"osm_id": 715148626, "name": "", "bridge": "yes", "highway": "footway"}, "geometry": {"type": "LineString", "coordinates": [[94.8382009, 27.3877031], [94.8380514, 27.387916]]}}, {"type": "Feature", "properties": {"osm_id": 715148635, "name": "", "bridge": "yes", "highway": "steps"}, "geometry": {"type": "LineString", "coordinates": [[94.8380812, 27.3876368], [94.8382009, 27.3877031]]}}, {"type": "Feature", "properties": {"osm_id": 715157105, "name": "", "bridge": "yes", "highway": "unclassified"}, "geometry": {"type": "LineString", "coordinates": [[95.0968409, 27.4524895], [95.0965592, 27.4526537]]}}, {"type": "Feature", "properties": {"osm_id": 715157112, "name": "", "bridge": "yes", "highway": "tertiary"}, "geometry": {"type": "LineString", "coordinates": [[95.103994, 27.4796565], [95.1038059, 27.4799053]]}}, {"type": "Feature", "properties": {"osm_id": 715157115, "name": "", "bridge": "yes", "highway": "residential"}, "geometry": {"type": "LineString", "coordinates": [[95.1081916, 27.4820926], [95.1083529, 27.4820439]]}}, {"type": "Feature", "properties": {"osm_id": 715221581, "name": "", "bridge": "yes", "highway": "unclassified"}, "geometry": {"type": "LineString", "coordinates": [[95.163475, 27.4200906], [95.1635554, 27.4199382]]}}, {"type": "Feature", "properties": {"osm_id": 715221583, "name": "", "bridge": "yes", "highway": "unclassified"}, "geometry": {"type": "LineString", "coordinates": [[95.1573912, 27.4175967], [95.1573252, 27.4173901]]}}, {"type": "Feature", "properties": {"osm_id": 715221594, "name": "", "bridge": "yes", "highway": "unclassified"}, "geometry": {"type": "LineString", "coordinates": [[95.1061285, 27.4225973], [95.1064181, 27.4228462]]}}, {"type": "Feature", "properties": {"osm_id": 715221596, "name": "", "bridge": "yes", "highway": "unclassified"}, "geometry": {"type": "LineString", "coordinates": [[95.1473641, 27.4140868], [95.1474022, 27.4143408]]}}, {"type": "Feature", "properties": {"osm_id": 715221606, "name": "", "bridge": "yes", "highway": "secondary"}, "geometry": {"type": "LineString", "coordinates": [[95.1716744, 27.4077628], [95.1715943, 27.4075735]]}}, {"type": "Feature", "properties": {"osm_id": 715523745, "name": "", "bridge": "yes", "highway": "unclassified"}, "geometry": {"type": "LineString", "coordinates": [[95.1522828, 27.3540034], [95.1523747, 27.3528431]]}}, {"type": "Feature", "properties": {"osm_id": 715711367, "name": "", "bridge": "yes", "highway": "unclassified"}, "geometry": {"type": "LineString", "coordinates": [[95.0639061, 27.4507653], [95.0639837, 27.4504593]]}}, {"type": "Feature", "properties": {"osm_id": 716000011, "name": "", "bridge": "yes", "highway": "unclassified"}, "geometry": {"type": "LineString", "coordinates": [[95.0878506, 27.4452094], [95.0881435, 27.4450316]]}}, {"type": "Feature", "properties": {"osm_id": 716000018, "name": "", "bridge": "yes", "highway": "unclassified"}, "geometry": {"type": "LineString", "coordinates": [[95.0827039, 27.441326], [95.0823355, 27.4410545]]}}, {"type": "Feature", "properties": {"osm_id": 716010786, "name": "", "bridge": "yes", "highway": "unclassified"}, "geometry": {"type": "LineString", "coordinates": [[95.1082296, 27.4459409], [95.1083921, 27.4460517]]}}, {"type": "Feature", "properties": {"osm_id": 716031265, "name": "", "bridge": "yes", "highway": "unclassified"}, "geometry": {"type": "LineString", "coordinates": [[95.1317283, 27.4412331], [95.1316425, 27.4410783]]}}, {"type": "Feature", "properties": {"osm_id": 716063307, "name": "", "bridge": "yes", "highway": "unclassified"}, "geometry": {"type": "LineString", "coordinates": [[95.1441231, 27.4462853], [95.1441193, 27.4461651]]}}, {"type": "Feature", "properties": {"osm_id": 716063314, "name": "", "bridge": "yes", "highway": "residential"}, "geometry": {"type": "LineString", "coordinates": [[95.1417636, 27.4461279], [95.1418832, 27.4462509]]}}, {"type": "Feature", "properties": {"osm_id": 716063325, "name": "", "bridge": "yes", "highway": "unclassified"}, "geometry": {"type": "LineString", "coordinates": [[95.1450091, 27.4367913], [95.1450564, 27.436597]]}}, {"type": "Feature", "properties": {"osm_id": 716539328, "name": "", "bridge": "yes", "highway": "track"}, "geometry": {"type": "LineString", "coordinates": [[95.1469298, 27.4472077], [95.1470049, 27.4471256]]}}, {"type": "Feature", "properties": {"osm_id": 716539333, "name": "", "bridge": "yes", "highway": "track"}, "geometry": {"type": "LineString", "coordinates": [[95.1508793, 27.4399024], [95.1509652, 27.4397405]]}}, {"type": "Feature", "properties": {"osm_id": 716596707, "name": "", "bridge": "yes", "highway": "unclassified"}, "geometry": {"type": "LineString", "coordinates": [[95.1624611, 27.444975], [95.1623324, 27.4451369]]}}, {"type": "Feature", "properties": {"osm_id": 716596717, "name": "", "bridge": "yes", "highway": "track"}, "geometry": {"type": "LineString", "coordinates": [[95.1527433, 27.4467231], [95.1526774, 27.4466951]]}}, {"type": "Feature", "properties": {"osm_id": 716734195, "name": "", "bridge": "yes", "highway": "unclassified"}, "geometry": {"type": "LineString", "coordinates": [[95.1915149, 27.3282707], [95.1915341, 27.3281981]]}}, {"type": "Feature", "properties": {"osm_id": 717013274, "name": "", "bridge": "yes", "highway": "unclassified"}, "geometry": {"type": "LineString", "coordinates": [[95.172624, 27.4526847], [95.1726884, 27.4525038]]}}, {"type": "Feature", "properties": {"osm_id": 717032728, "name": "", "bridge": "yes", "highway": "residential"}, "geometry": {"type": "LineString", "coordinates": [[95.1870858, 27.4609619], [95.1872703, 27.4608175]]}}, {"type": "Feature", "properties": {"osm_id": 717032753, "name": "", "bridge": "yes", "highway": "secondary"}, "geometry": {"type": "LineString", "coordinates": [[95.1996445, 27.4574472], [95.1997599, 27.4569998]]}}, {"type": "Feature", "properties": {"osm_id": 717038296, "name": "", "bridge": "yes", "highway": "unclassified"}, "geometry": {"type": "LineString", "coordinates": [[95.2256668, 27.4618712], [95.2257656, 27.462066]]}}, {"type": "Feature", "properties": {"osm_id": 717088509, "name": "", "bridge": "yes", "highway": "unclassified"}, "geometry": {"type": "LineString", "coordinates": [[94.9175004, 27.3016238], [94.9176258, 27.3014634]]}}, {"type": "Feature", "properties": {"osm_id": 717089038, "name": "", "bridge": "yes", "highway": "residential"}, "geometry": {"type": "LineString", "coordinates": [[94.9189083, 27.3029367], [94.9190066, 27.302826]]}}, {"type": "Feature", "properties": {"osm_id": 717093598, "name": "", "bridge": "yes", "highway": "residential"}, "geometry": {"type": "LineString", "coordinates": [[95.2146676, 27.448161], [95.2146837, 27.4482658]]}}, {"type": "Feature", "properties": {"osm_id": 717093601, "name": "", "bridge": "yes", "highway": "unclassified"}, "geometry": {"type": "LineString", "coordinates": [[95.2077717, 27.4559692], [95.2076043, 27.4558531]]}}, {"type": "Feature", "properties": {"osm_id": 717093608, "name": "", "bridge": "yes", "highway": "unclassified"}, "geometry": {"type": "LineString", "coordinates": [[95.2254695, 27.4484465], [95.2254602, 27.4483205]]}}, {"type": "Feature", "properties": {"osm_id": 717093612, "name": "", "bridge": "yes", "highway": "residential"}, "geometry": {"type": "LineString", "coordinates": [[95.2196015, 27.4479968], [95.2196673, 27.4481979]]}}, {"type": "Feature", "properties": {"osm_id": 717127916, "name": "", "bridge": "yes", "highway": "unclassified"}, "geometry": {"type": "LineString", "coordinates": [[94.8058605, 27.2020368], [94.8054987, 27.2023597]]}}, {"type": "Feature", "properties": {"osm_id": 717128315, "name": "", "bridge": "yes", "highway": "tertiary"}, "geometry": {"type": "LineString", "coordinates": [[94.79756, 27.1962911], [94.7981077, 27.1966557]]}}, {"type": "Feature", "properties": {"osm_id": 717156290, "name": "", "bridge": "yes", "highway": "unclassified"}, "geometry": {"type": "LineString", "coordinates": [[94.8287776, 27.2113761], [94.8291571, 27.2114066]]}}, {"type": "Feature", "properties": {"osm_id": 717159809, "name": "", "bridge": "yes", "highway": "residential"}, "geometry": {"type": "LineString", "coordinates": [[94.7892623, 27.1919714], [94.7890618, 27.1922389]]}}, {"type": "Feature", "properties": {"osm_id": 717178969, "name": "", "bridge": "yes", "highway": "unclassified"}, "geometry": {"type": "LineString", "coordinates": [[94.8377178, 27.2128101], [94.8373841, 27.213218]]}}, {"type": "Feature", "properties": {"osm_id": 717432387, "name": "", "bridge": "yes", "highway": "residential"}, "geometry": {"type": "LineString", "coordinates": [[95.1846727, 27.4128076], [95.1847792, 27.4127969]]}}, {"type": "Feature", "properties": {"osm_id": 717435767, "name": "", "bridge": "yes", "highway": "unclassified"}, "geometry": {"type": "LineString", "coordinates": [[95.2168503, 27.429995], [95.21687, 27.4298932]]}}, {"type": "Feature", "properties": {"osm_id": 717435769, "name": "", "bridge": "yes", "highway": "unclassified"}, "geometry": {"type": "LineString", "coordinates": [[95.2055885, 27.4295193], [95.2055625, 27.429433]]}}, {"type": "Feature", "properties": {"osm_id": 717435771, "name": "", "bridge": "yes", "highway": "secondary"}, "geometry": {"type": "LineString", "coordinates": [[95.1944572, 27.4297708], [95.1941997, 27.4294946]]}}, {"type": "Feature", "properties": {"osm_id": 717444888, "name": "", "bridge": "yes", "highway": "unclassified"}, "geometry": {"type": "LineString", "coordinates": [[95.2959372, 27.4149942], [95.2959533, 27.415293]]}}, {"type": "Feature", "properties": {"osm_id": 717444900, "name": "", "bridge": "yes", "highway": "primary"}, "geometry": {"type": "LineString", "coordinates": [[95.2142214, 27.3628109], [95.2135139, 27.362943]]}}, {"type": "Feature", "properties": {"osm_id": 717444907, "name": "", "bridge": "yes", "highway": "unclassified"}, "geometry": {"type": "LineString", "coordinates": [[95.1994327, 27.392881], [95.199253, 27.3929643]]}}, {"type": "Feature", "properties": {"osm_id": 717444919, "name": "", "bridge": "yes", "highway": "unclassified"}, "geometry": {"type": "LineString", "coordinates": [[95.2481772, 27.4025864], [95.2483488, 27.4025144], [95.2484843, 27.4024436]]}}, {"type": "Feature", "properties": {"osm_id": 717484311, "name": "", "bridge": "yes", "highway": "unclassified"}, "geometry": {"type": "LineString", "coordinates": [[95.2823424, 27.3970984], [95.28238, 27.3969413]]}}, {"type": "Feature", "properties": {"osm_id": 717519695, "name": "", "bridge": "yes", "highway": "residential"}, "geometry": {"type": "LineString", "coordinates": [[95.2337891, 27.3851195], [95.2341525, 27.3849968]]}}, {"type": "Feature", "properties": {"osm_id": 717778843, "name": "", "bridge": "yes", "highway": "primary"}, "geometry": {"type": "LineString", "coordinates": [[95.257123, 27.2572667], [95.2567354, 27.2569591]]}}, {"type": "Feature", "properties": {"osm_id": 718074959, "name": "", "bridge": "yes", "highway": "track"}, "geometry": {"type": "LineString", "coordinates": [[95.2499423, 27.2570839], [95.2499633, 27.2568657]]}}, {"type": "Feature", "properties": {"osm_id": 718334526, "name": "", "bridge": "yes", "highway": "unclassified"}, "geometry": {"type": "LineString", "coordinates": [[94.8579754, 27.2300153], [94.8581643, 27.2297271]]}}, {"type": "Feature", "properties": {"osm_id": 718336652, "name": "", "bridge": "yes", "highway": "unclassified"}, "geometry": {"type": "LineString", "coordinates": [[94.8680405, 27.2272868], [94.8681696, 27.2275648]]}}, {"type": "Feature", "properties": {"osm_id": 718402655, "name": "", "bridge": "yes", "highway": "secondary"}, "geometry": {"type": "LineString", "coordinates": [[94.9468431, 27.3376173], [94.9472249, 27.3350951]]}}, {"type": "Feature", "properties": {"osm_id": 718865930, "name": "", "bridge": "yes", "highway": "trunk"}, "geometry": {"type": "LineString", "coordinates": [[94.8894605, 27.2284097], [94.8896583, 27.2280893]]}}, {"type": "Feature", "properties": {"osm_id": 718865932, "name": "", "bridge": "yes", "highway": "residential"}, "geometry": {"type": "LineString", "coordinates": [[94.8974518, 27.2346174], [94.8976182, 27.2348121]]}}, {"type": "Feature", "properties": {"osm_id": 718872151, "name": "", "bridge": "yes", "highway": "unclassified"}, "geometry": {"type": "LineString", "coordinates": [[94.9072426, 27.2274864], [94.9070004, 27.2274193]]}}, {"type": "Feature", "properties": {"osm_id": 718872154, "name": "", "bridge": "yes", "highway": "residential"}, "geometry": {"type": "LineString", "coordinates": [[94.9151306, 27.2254666], [94.9149376, 27.2256007]]}}, {"type": "Feature", "properties": {"osm_id": 719979638, "name": "", "bridge": "yes", "highway": "secondary"}, "geometry": {"type": "LineString", "coordinates": [[95.1812662, 27.5155863], [95.181258, 27.5154319]]}}, {"type": "Feature", "properties": {"osm_id": 719979641, "name": "", "bridge": "yes", "highway": "unclassified"}, "geometry": {"type": "LineString", "coordinates": [[95.1751587, 27.512892], [95.1752264, 27.5127802]]}}, {"type": "Feature", "properties": {"osm_id": 720860785, "name": "", "bridge": "yes", "highway": "residential"}, "geometry": {"type": "LineString", "coordinates": [[94.8646554, 27.4604176], [94.864913, 27.4600653]]}}, {"type": "Feature", "properties": {"osm_id": 720862537, "name": "", "bridge": "yes", "highway": "unclassified"}, "geometry": {"type": "LineString", "coordinates": [[94.8713985, 27.4484288], [94.8714876, 27.4483281]]}}, {"type": "Feature", "properties": {"osm_id": 720862539, "name": "", "bridge": "yes", "highway": "unclassified"}, "geometry": {"type": "LineString", "coordinates": [[94.8662192, 27.4412711], [94.8658259, 27.4412917]]}}, {"type": "Feature", "properties": {"osm_id": 720862541, "name": "", "bridge": "yes", "highway": "unclassified"}, "geometry": {"type": "LineString", "coordinates": [[94.8607376, 27.4385706], [94.860737, 27.4383599]]}}, {"type": "Feature", "properties": {"osm_id": 721486356, "name": "", "bridge": "yes", "highway": "residential"}, "geometry": {"type": "LineString", "coordinates": [[95.1129579, 27.2909443], [95.1130122, 27.291156]]}}, {"type": "Feature", "properties": {"osm_id": 721486357, "name": "", "bridge": "yes", "highway": "unclassified"}, "geometry": {"type": "LineString", "coordinates": [[95.1020574, 27.3004225], [95.1021794, 27.3007417]]}}, {"type": "Feature", "properties": {"osm_id": 721564529, "name": "", "bridge": "yes", "highway": "unclassified"}, "geometry": {"type": "LineString", "coordinates": [[94.9069583, 27.3772119], [94.9073558, 27.3767891]]}}, {"type": "Feature", "properties": {"osm_id": 721912772, "name": "", "bridge": "yes", "highway": "unclassified"}, "geometry": {"type": "LineString", "coordinates": [[94.9736987, 27.4255053], [94.9733999, 27.4260566]]}}, {"type": "Feature", "properties": {"osm_id": 722441325, "name": "", "bridge": "yes", "highway": "unclassified"}, "geometry": {"type": "LineString", "coordinates": [[94.7692714, 27.3266086], [94.7697903, 27.3267956]]}}, {"type": "Feature", "properties": {"osm_id": 722442561, "name": "", "bridge": "yes", "highway": "unclassified"}, "geometry": {"type": "LineString", "coordinates": [[94.7731007, 27.3360027], [94.7732771, 27.3359845]]}}, {"type": "Feature", "properties": {"osm_id": 722484621, "name": "Simaluguri Junction - Dibrugarh", "bridge": "yes", "highway": ""}, "geometry": {"type": "LineString", "coordinates": [[94.8774382, 27.4130106], [94.877368, 27.4129007]]}}, {"type": "Feature", "properties": {"osm_id": 722644676, "name": "", "bridge": "yes", "highway": "unclassified"}, "geometry": {"type": "LineString", "coordinates": [[94.4760342, 27.0073818], [94.4753072, 27.0075443]]}}, {"type": "Feature", "properties": {"osm_id": 722871001, "name": "", "bridge": "yes", "highway": "residential"}, "geometry": {"type": "LineString", "coordinates": [[95.1836842, 27.1627568], [95.1837525, 27.1632794]]}}, {"type": "Feature", "properties": {"osm_id": 722929357, "name": "", "bridge": "yes", "highway": "residential"}, "geometry": {"type": "LineString", "coordinates": [[94.8830238, 27.4615057], [94.8831625, 27.4613604]]}}, {"type": "Feature", "properties": {"osm_id": 722932360, "name": "", "bridge": "yes", "highway": "residential"}, "geometry": {"type": "LineString", "coordinates": [[94.8998035, 27.4737605], [94.8999466, 27.4737597]]}}, {"type": "Feature", "properties": {"osm_id": 723121721, "name": "", "bridge": "yes", "highway": "secondary"}, "geometry": {"type": "LineString", "coordinates": [[94.9117623, 27.3899674], [94.9128222, 27.3902244]]}}, {"type": "Feature", "properties": {"osm_id": 725033086, "name": "", "bridge": "yes", "highway": "primary"}, "geometry": {"type": "LineString", "coordinates": [[95.0229278, 27.4423684], [95.022128, 27.4423581]]}}, {"type": "Feature", "properties": {"osm_id": 725176343, "name": "", "bridge": "yes", "highway": "trunk"}, "geometry": {"type": "LineString", "coordinates": [[95.1834802, 27.0410008], [95.1835446, 27.0417509]]}}, {"type": "Feature", "properties": {"osm_id": 725176347, "name": "", "bridge": "yes", "highway": "tertiary"}, "geometry": {"type": "LineString", "coordinates": [[95.1536045, 27.0507331], [95.1533335, 27.0504942]]}}, {"type": "Feature", "properties": {"osm_id": 725176349, "name": "", "bridge": "yes", "highway": "tertiary"}, "geometry": {"type": "LineString", "coordinates": [[95.1263251, 27.0449127], [95.1261896, 27.0446761]]}}, {"type": "Feature", "properties": {"osm_id": 725176354, "name": "", "bridge": "yes", "highway": "tertiary"}, "geometry": {"type": "LineString", "coordinates": [[95.0777623, 27.0350413], [95.0774794, 27.0349971]]}}, {"type": "Feature", "properties": {"osm_id": 725176355, "name": "", "bridge": "yes", "highway": "unclassified"}, "geometry": {"type": "LineString", "coordinates": [[95.1039697, 27.0433651], [95.1040746, 27.0430415]]}}, {"type": "Feature", "properties": {"osm_id": 725176356, "name": "", "bridge": "yes", "highway": "trunk"}, "geometry": {"type": "LineString", "coordinates": [[95.0749726, 27.038797], [95.0753202, 27.0390776]]}}, {"type": "Feature", "properties": {"osm_id": 725176358, "name": "", "bridge": "yes", "highway": "primary"}, "geometry": {"type": "LineString", "coordinates": [[95.0200477, 27.039217], [95.0201975, 27.0397362]]}}, {"type": "Feature", "properties": {"osm_id": 729080519, "name": "", "bridge": "yes", "highway": "unclassified"}, "geometry": {"type": "LineString", "coordinates": [[94.9787111, 27.349715], [94.9776486, 27.3541076]]}}, {"type": "Feature", "properties": {"osm_id": 735150620, "name": "", "bridge": "yes", "highway": "unclassified"}, "geometry": {"type": "LineString", "coordinates": [[95.2944117, 26.8828349], [95.2945136, 26.8831698]]}}, {"type": "Feature", "properties": {"osm_id": 735553488, "name": "", "bridge": "yes", "highway": "unclassified"}, "geometry": {"type": "LineString", "coordinates": [[95.2961583, 26.7174752], [95.2961607, 26.7176385]]}}, {"type": "Feature", "properties": {"osm_id": 739742224, "name": "", "bridge": "yes", "highway": "track"}, "geometry": {"type": "LineString", "coordinates": [[95.2021417, 27.361859], [95.2020596, 27.3617052]]}}, {"type": "Feature", "properties": {"osm_id": 739746808, "name": "", "bridge": "yes", "highway": "residential"}, "geometry": {"type": "LineString", "coordinates": [[95.2468176, 27.2740809], [95.2465183, 27.2740728]]}}, {"type": "Feature", "properties": {"osm_id": 739746812, "name": "", "bridge": "yes", "highway": "unclassified"}, "geometry": {"type": "LineString", "coordinates": [[95.239044, 27.2652523], [95.238795, 27.2650959]]}}, {"type": "Feature", "properties": {"osm_id": 740035389, "name": "", "bridge": "yes", "highway": "unclassified"}, "geometry": {"type": "LineString", "coordinates": [[95.1039075, 27.3507797], [95.1040212, 27.3506948]]}}, {"type": "Feature", "properties": {"osm_id": 740035391, "name": "", "bridge": "yes", "highway": "unclassified"}, "geometry": {"type": "LineString", "coordinates": [[95.1025526, 27.3357338], [95.1025929, 27.3356969]]}}, {"type": "Feature", "properties": {"osm_id": 740036615, "name": "", "bridge": "yes", "highway": "unclassified"}, "geometry": {"type": "LineString", "coordinates": [[95.0869057, 27.2938693], [95.0868282, 27.2940372]]}}, {"type": "Feature", "properties": {"osm_id": 741229774, "name": "", "bridge": "yes", "highway": "tertiary"}, "geometry": {"type": "LineString", "coordinates": [[95.148276, 27.3015022], [95.1485552, 27.3015861]]}}, {"type": "Feature", "properties": {"osm_id": 742059133, "name": "", "bridge": "yes", "highway": "unclassified"}, "geometry": {"type": "LineString", "coordinates": [[95.2657811, 27.3185938], [95.2673355, 27.320194], [95.2688098, 27.32178], [95.2699293, 27.3229777], [95.2701925, 27.3232618]]}}, {"type": "Feature", "properties": {"osm_id": 742777887, "name": "", "bridge": "yes", "highway": "unclassified"}, "geometry": {"type": "LineString", "coordinates": [[94.7869291, 27.2071196], [94.787397, 27.207159]]}}, {"type": "Feature", "properties": {"osm_id": 742777889, "name": "", "bridge": "yes", "highway": "unclassified"}, "geometry": {"type": "LineString", "coordinates": [[94.7793879, 27.1958138], [94.7792244, 27.196253]]}}, {"type": "Feature", "properties": {"osm_id": 751952923, "name": "", "bridge": "yes", "highway": "unclassified"}, "geometry": {"type": "LineString", "coordinates": [[95.2809213, 27.3414221], [95.2809291, 27.341358]]}}, {"type": "Feature", "properties": {"osm_id": 751952945, "name": "", "bridge": "yes", "highway": "primary"}, "geometry": {"type": "LineString", "coordinates": [[95.2775952, 27.3365991], [95.2774212, 27.336635]]}}, {"type": "Feature", "properties": {"osm_id": 776525093, "name": "", "bridge": "yes", "highway": "track"}, "geometry": {"type": "LineString", "coordinates": [[95.2998546, 27.3729154], [95.2997768, 27.3729201]]}}, {"type": "Feature", "properties": {"osm_id": 786465639, "name": "", "bridge": "yes", "highway": "residential"}, "geometry": {"type": "LineString", "coordinates": [[94.4659076, 27.5627685], [94.4660889, 27.5627954]]}}, {"type": "Feature", "properties": {"osm_id": 816078891, "name": "", "bridge": "yes", "highway": "trunk"}, "geometry": {"type": "LineString", "coordinates": [[93.6505641, 27.2168216], [93.6507729, 27.2168771]]}}, {"type": "Feature", "properties": {"osm_id": 851534053, "name": "Simaluguri Junction - Sripuriagaon", "bridge": "yes", "highway": ""}, "geometry": {"type": "LineString", "coordinates": [[95.0740716, 27.0709107], [95.0743438, 27.0709578]]}}, {"type": "Feature", "properties": {"osm_id": 851544653, "name": "Simaluguri Junction - Dibrugarh", "bridge": "yes", "highway": ""}, "geometry": {"type": "LineString", "coordinates": [[94.8256177, 27.3809633], [94.8259689, 27.3811565]]}}, {"type": "Feature", "properties": {"osm_id": 851544661, "name": "Bogibeel Bridge North Block Hut - Tangani", "bridge": "yes", "highway": ""}, "geometry": {"type": "LineString", "coordinates": [[94.8177001, 27.3766136], [94.8179986, 27.3767778]]}}, {"type": "Feature", "properties": {"osm_id": 851544663, "name": "Bogibeel Bridge North Block Hut - Tangani", "bridge": "yes", "highway": ""}, "geometry": {"type": "LineString", "coordinates": [[94.7928642, 27.3770941], [94.7929704, 27.3769931]]}}, {"type": "Feature", "properties": {"osm_id": 851544666, "name": "Bogibeel Bridge", "bridge": "yes", "highway": ""}, "geometry": {"type": "LineString", "coordinates": [[94.7774731, 27.3918212], [94.7434765, 27.4245228]]}}, {"type": "Feature", "properties": {"osm_id": 851544668, "name": "Bogibeel Bridge North Block Hut - Tangani", "bridge": "yes", "highway": ""}, "geometry": {"type": "LineString", "coordinates": [[94.7220436, 27.4453838], [94.7217995, 27.4456261]]}}, {"type": "Feature", "properties": {"osm_id": 851544670, "name": "Bogibeel Bridge North Block Hut - Tangani", "bridge": "yes", "highway": ""}, "geometry": {"type": "LineString", "coordinates": [[94.7210024, 27.4463764], [94.7206659, 27.446703]]}}, {"type": "Feature", "properties": {"osm_id": 851544674, "name": "Simaluguri Junction - Dibrugarh", "bridge": "yes", "highway": ""}, "geometry": {"type": "LineString", "coordinates": [[94.826, 27.3811119], [94.8256488, 27.3809187]]}}, {"type": "Feature", "properties": {"osm_id": 851963485, "name": "", "bridge": "yes", "highway": "trunk"}, "geometry": {"type": "LineString", "coordinates": [[94.9709979, 27.4606376], [94.9700227, 27.4599299]]}}, {"type": "Feature", "properties": {"osm_id": 889975410, "name": "", "bridge": "yes", "highway": "tertiary"}, "geometry": {"type": "LineString", "coordinates": [[94.0568842, 26.8015783], [94.0567199, 26.8017554]]}}, {"type": "Feature", "properties": {"osm_id": 889984135, "name": "", "bridge": "yes", "highway": "unclassified"}, "geometry": {"type": "LineString", "coordinates": [[94.0535072, 26.9771859], [94.052972, 26.9783475], [94.0524262, 26.9794055]]}}, {"type": "Feature", "properties": {"osm_id": 889984170, "name": "", "bridge": "yes", "highway": "unclassified"}, "geometry": {"type": "LineString", "coordinates": [[94.002931, 26.9185086], [94.003674, 26.9185693]]}}, {"type": "Feature", "properties": {"osm_id": 889984176, "name": "", "bridge": "yes", "highway": "unclassified"}, "geometry": {"type": "LineString", "coordinates": [[94.0076226, 26.9272093], [94.0074313, 26.926582]]}}, {"type": "Feature", "properties": {"osm_id": 890846139, "name": "", "bridge": "yes", "highway": "unclassified"}, "geometry": {"type": "LineString", "coordinates": [[94.1771527, 26.9824967], [94.176568, 26.9827302]]}}, {"type": "Feature", "properties": {"osm_id": 890846154, "name": "", "bridge": "yes", "highway": "primary"}, "geometry": {"type": "LineString", "coordinates": [[94.1646233, 26.9432946], [94.1644032, 26.9442009]]}}, {"type": "Feature", "properties": {"osm_id": 890847165, "name": "", "bridge": "yes", "highway": "unclassified"}, "geometry": {"type": "LineString", "coordinates": [[94.1831317, 26.9723479], [94.1827561, 26.9718855]]}}, {"type": "Feature", "properties": {"osm_id": 896583626, "name": "", "bridge": "yes", "highway": "unclassified"}, "geometry": {"type": "LineString", "coordinates": [[94.3638732, 26.866493], [94.363968, 26.8661795]]}}, {"type": "Feature", "properties": {"osm_id": 897120080, "name": "", "bridge": "yes", "highway": "unclassified"}, "geometry": {"type": "LineString", "coordinates": [[93.9751446, 27.7813132], [93.9757951, 27.7823059]]}}, {"type": "Feature", "properties": {"osm_id": 897126482, "name": "", "bridge": "yes", "highway": "unclassified"}, "geometry": {"type": "LineString", "coordinates": [[93.9929727, 27.7354544], [93.9937182, 27.7348562]]}}, {"type": "Feature", "properties": {"osm_id": 901163940, "name": "", "bridge": "yes", "highway": "trunk"}, "geometry": {"type": "LineString", "coordinates": [[95.0513783, 27.7512168], [95.0515828, 27.7510762]]}}, {"type": "Feature", "properties": {"osm_id": 904141120, "name": "", "bridge": "yes", "highway": "unclassified"}, "geometry": {"type": "LineString", "coordinates": [[93.9354852, 27.837756], [93.9359097, 27.8375807], [93.9362571, 27.8374597], [93.9365722, 27.8373732]]}}, {"type": "Feature", "properties": {"osm_id": 907503021, "name": "", "bridge": "yes", "highway": "primary"}, "geometry": {"type": "LineString", "coordinates": [[93.7505329, 27.1583046], [93.7504899, 27.1593451]]}}, {"type": "Feature", "properties": {"osm_id": 907600914, "name": "", "bridge": "yes", "highway": "tertiary"}, "geometry": {"type": "LineString", "coordinates": [[93.6953759, 27.0987482], [93.6954886, 27.0991159]]}}, {"type": "Feature", "properties": {"osm_id": 915161261, "name": "Balipara - Harmuti - Bogibeel", "bridge": "yes", "highway": ""}, "geometry": {"type": "LineString", "coordinates": [[94.6707317, 27.5603891], [94.6709647, 27.5603634]]}}, {"type": "Feature", "properties": {"osm_id": 915185179, "name": "Balipara - Harmuti - Bogibeel", "bridge": "yes", "highway": ""}, "geometry": {"type": "LineString", "coordinates": [[93.8484701, 27.115691], [93.8486974, 27.1157969]]}}, {"type": "Feature", "properties": {"osm_id": 915185180, "name": "Balipara - Harmuti - Bogibeel", "bridge": "yes", "highway": ""}, "geometry": {"type": "LineString", "coordinates": [[93.9091114, 27.1318345], [93.9096209, 27.1319669]]}}, {"type": "Feature", "properties": {"osm_id": 915185182, "name": "Balipara - Harmuti - Bogibeel", "bridge": "yes", "highway": ""}, "geometry": {"type": "LineString", "coordinates": [[93.9398582, 27.1495577], [93.9402667, 27.1498781]]}}, {"type": "Feature", "properties": {"osm_id": 915185184, "name": "Balipara - Harmuti - Bogibeel", "bridge": "yes", "highway": ""}, "geometry": {"type": "LineString", "coordinates": [[93.9232392, 27.1363588], [93.9236275, 27.1366579]]}}, {"type": "Feature", "properties": {"osm_id": 915185186, "name": "", "bridge": "yes", "highway": "trunk"}, "geometry": {"type": "LineString", "coordinates": [[93.8690892, 27.1215406], [93.8693453, 27.1211312]]}}, {"type": "Feature", "properties": {"osm_id": 915185188, "name": "", "bridge": "yes", "highway": "tertiary"}, "geometry": {"type": "LineString", "coordinates": [[93.9071399, 27.1476891], [93.907295, 27.1483116]]}}, {"type": "Feature", "properties": {"osm_id": 915185191, "name": "Balipara - Harmuti - Bogibeel", "bridge": "yes", "highway": ""}, "geometry": {"type": "LineString", "coordinates": [[93.8665782, 27.1206143], [93.8669936, 27.1207225]]}}, {"type": "Feature", "properties": {"osm_id": 915185192, "name": "", "bridge": "yes", "highway": ""}, "geometry": {"type": "LineString", "coordinates": [[93.8669648, 27.1207974], [93.8665428, 27.1206887]]}}, {"type": "Feature", "properties": {"osm_id": 915187091, "name": "", "bridge": "yes", "highway": ""}, "geometry": {"type": "LineString", "coordinates": [[93.8040247, 26.94963], [93.8043623, 26.9503302]]}}, {"type": "Feature", "properties": {"osm_id": 936699286, "name": "Balipara - Harmuti - Bogibeel", "bridge": "yes", "highway": ""}, "geometry": {"type": "LineString", "coordinates": [[94.5464952, 27.4933068], [94.5466571, 27.4934599]]}}, {"type": "Feature", "properties": {"osm_id": 938066135, "name": "", "bridge": "yes", "highway": "secondary"}, "geometry": {"type": "LineString", "coordinates": [[94.6296591, 26.9753165], [94.6310202, 26.976437]]}}, {"type": "Feature", "properties": {"osm_id": 938066139, "name": "", "bridge": "yes", "highway": "unclassified"}, "geometry": {"type": "LineString", "coordinates": [[94.6296209, 26.9757059], [94.6306043, 26.9764842]]}}, {"type": "Feature", "properties": {"osm_id": 961105191, "name": "", "bridge": "yes", "highway": "unclassified"}, "geometry": {"type": "LineString", "coordinates": [[95.0370069, 27.8064282], [95.0378662, 27.8068991]]}}, {"type": "Feature", "properties": {"osm_id": 961105200, "name": "", "bridge": "yes", "highway": "unclassified"}, "geometry": {"type": "LineString", "coordinates": [[94.9585642, 27.7878595], [94.9583021, 27.7879257]]}}, {"type": "Feature", "properties": {"osm_id": 961105202, "name": "", "bridge": "yes", "highway": "unclassified"}, "geometry": {"type": "LineString", "coordinates": [[94.9293488, 27.7653764], [94.9289998, 27.7652007]]}}, {"type": "Feature", "properties": {"osm_id": 961105217, "name": "", "bridge": "yes", "highway": "unclassified"}, "geometry": {"type": "LineString", "coordinates": [[94.4987033, 27.4701772], [94.4989933, 27.469996]]}}, {"type": "Feature", "properties": {"osm_id": 961105223, "name": "", "bridge": "yes", "highway": "tertiary"}, "geometry": {"type": "LineString", "coordinates": [[94.4209089, 27.38491], [94.4210222, 27.3847429], [94.4224493, 27.3830352]]}}, {"type": "Feature", "properties": {"osm_id": 961105225, "name": "", "bridge": "yes", "highway": "unclassified"}, "geometry": {"type": "LineString", "coordinates": [[94.4023296, 27.3559721], [94.4033291, 27.3555332]]}}, {"type": "Feature", "properties": {"osm_id": 961127358, "name": "", "bridge": "yes", "highway": "unclassified"}, "geometry": {"type": "LineString", "coordinates": [[94.2529312, 27.526701], [94.2528445, 27.5265319]]}}, {"type": "Feature", "properties": {"osm_id": 961127360, "name": "", "bridge": "yes", "highway": "unclassified"}, "geometry": {"type": "LineString", "coordinates": [[94.2503709, 27.5147637], [94.2500646, 27.5133183]]}}, {"type": "Feature", "properties": {"osm_id": 961127367, "name": "", "bridge": "yes", "highway": "unclassified"}, "geometry": {"type": "LineString", "coordinates": [[94.2266323, 27.4612133], [94.2271814, 27.4615877]]}}, {"type": "Feature", "properties": {"osm_id": 961127379, "name": "", "bridge": "yes", "highway": "tertiary"}, "geometry": {"type": "LineString", "coordinates": [[94.3561498, 27.5198812], [94.3569186, 27.519812]]}}, {"type": "Feature", "properties": {"osm_id": 961145678, "name": "", "bridge": "yes", "highway": "secondary"}, "geometry": {"type": "LineString", "coordinates": [[94.9072088, 27.3898483], [94.9073232, 27.389833]]}}, {"type": "Feature", "properties": {"osm_id": 961145698, "name": "", "bridge": "yes", "highway": "unclassified"}, "geometry": {"type": "LineString", "coordinates": [[95.1247073, 27.4425869], [95.1244997, 27.442355]]}}, {"type": "Feature", "properties": {"osm_id": 965124773, "name": "", "bridge": "yes", "highway": "tertiary"}, "geometry": {"type": "LineString", "coordinates": [[94.278925, 26.979595], [94.2792311, 26.9789211]]}}, {"type": "Feature", "properties": {"osm_id": 965124783, "name": "", "bridge": "yes", "highway": "unclassified"}, "geometry": {"type": "LineString", "coordinates": [[94.2827821, 26.9922334], [94.2827604, 26.9923274]]}}, {"type": "Feature", "properties": {"osm_id": 965124785, "name": "", "bridge": "yes", "highway": "unclassified"}, "geometry": {"type": "LineString", "coordinates": [[94.2944252, 27.0081043], [94.2945191, 27.0082271]]}}, {"type": "Feature", "properties": {"osm_id": 965124786, "name": "", "bridge": "yes", "highway": "secondary"}, "geometry": {"type": "LineString", "coordinates": [[94.2625364, 26.9778284], [94.2626945, 26.9769052]]}}, {"type": "Feature", "properties": {"osm_id": 965124788, "name": "", "bridge": "yes", "highway": "unclassified"}, "geometry": {"type": "LineString", "coordinates": [[94.3064368, 27.030989], [94.3071115, 27.0302685]]}}, {"type": "Feature", "properties": {"osm_id": 965124800, "name": "", "bridge": "yes", "highway": "unclassified"}, "geometry": {"type": "LineString", "coordinates": [[94.2795796, 27.041753], [94.2802113, 27.0414625]]}}, {"type": "Feature", "properties": {"osm_id": 965124804, "name": "", "bridge": "yes", "highway": "secondary"}, "geometry": {"type": "LineString", "coordinates": [[94.2702914, 27.0192312], [94.2701837, 27.0188474]]}}, {"type": "Feature", "properties": {"osm_id": 965124809, "name": "", "bridge": "yes", "highway": "unclassified"}, "geometry": {"type": "LineString", "coordinates": [[94.3758941, 27.0980814], [94.3774496, 27.0972717]]}}, {"type": "Feature", "properties": {"osm_id": 965124812, "name": "", "bridge": "yes", "highway": "unclassified"}, "geometry": {"type": "LineString", "coordinates": [[94.3668821, 27.0798396], [94.3669197, 27.0795817]]}}, {"type": "Feature", "properties": {"osm_id": 965124822, "name": "", "bridge": "yes", "highway": "unclassified"}, "geometry": {"type": "LineString", "coordinates": [[94.3608861, 27.1222261], [94.360796, 27.1224155], [94.3607024, 27.1225937], [94.3605784, 27.1228434], [94.3604971, 27.1230153], [94.3603975, 27.1232342]]}}, {"type": "Feature", "properties": {"osm_id": 965124828, "name": "", "bridge": "yes", "highway": "unclassified"}, "geometry": {"type": "LineString", "coordinates": [[94.3608466, 27.1391508], [94.3607025, 27.1400912]]}}, {"type": "Feature", "properties": {"osm_id": 965124829, "name": "", "bridge": "yes", "highway": "primary"}, "geometry": {"type": "LineString", "coordinates": [[94.3652512, 27.1672323], [94.3655453, 27.1663796]]}}, {"type": "Feature", "properties": {"osm_id": 965124832, "name": "", "bridge": "yes", "highway": "primary"}, "geometry": {"type": "LineString", "coordinates": [[94.3181861, 27.1163615], [94.3175268, 27.1156872]]}}, {"type": "Feature", "properties": {"osm_id": 965124840, "name": "", "bridge": "yes", "highway": "unclassified"}, "geometry": {"type": "LineString", "coordinates": [[94.6585495, 27.4774359], [94.6586506, 27.476467]]}}, {"type": "Feature", "properties": {"osm_id": 965124842, "name": "", "bridge": "yes", "highway": "unclassified"}, "geometry": {"type": "LineString", "coordinates": [[94.6287878, 27.4315534], [94.6278349, 27.4310419]]}}, {"type": "Feature", "properties": {"osm_id": 965124846, "name": "", "bridge": "yes", "highway": "unclassified"}, "geometry": {"type": "LineString", "coordinates": [[94.6102324, 27.515359], [94.610728, 27.5153887]]}}, {"type": "Feature", "properties": {"osm_id": 965124854, "name": "", "bridge": "yes", "highway": "unclassified"}, "geometry": {"type": "LineString", "coordinates": [[94.6551507, 27.432814], [94.6541796, 27.433333]]}}, {"type": "Feature", "properties": {"osm_id": 965124860, "name": "", "bridge": "yes", "highway": "trunk"}, "geometry": {"type": "LineString", "coordinates": [[94.7042846, 27.4675201], [94.7042338, 27.4676233]]}}, {"type": "Feature", "properties": {"osm_id": 965124868, "name": "", "bridge": "yes", "highway": "trunk"}, "geometry": {"type": "LineString", "coordinates": [[94.6160102, 27.5427912], [94.6175062, 27.5431003]]}}, {"type": "Feature", "properties": {"osm_id": 965124875, "name": "", "bridge": "yes", "highway": "secondary"}, "geometry": {"type": "LineString", "coordinates": [[94.3682802, 27.1942852], [94.3691638, 27.1938106]]}}, {"type": "Feature", "properties": {"osm_id": 965124877, "name": "", "bridge": "yes", "highway": "secondary"}, "geometry": {"type": "LineString", "coordinates": [[94.3569589, 27.2011516], [94.3588364, 27.2004858]]}}, {"type": "Feature", "properties": {"osm_id": 965124879, "name": "", "bridge": "yes", "highway": "tertiary"}, "geometry": {"type": "LineString", "coordinates": [[94.4434986, 27.2004851], [94.4445866, 27.1997228]]}}, {"type": "Feature", "properties": {"osm_id": 965124881, "name": "", "bridge": "yes", "highway": "tertiary"}, "geometry": {"type": "LineString", "coordinates": [[94.461117, 27.1669174], [94.4615477, 27.1664126]]}}, {"type": "Feature", "properties": {"osm_id": 965124883, "name": "", "bridge": "yes", "highway": "tertiary"}, "geometry": {"type": "LineString", "coordinates": [[94.4658388, 27.1498186], [94.4660202, 27.1494032]]}}, {"type": "Feature", "properties": {"osm_id": 965124885, "name": "", "bridge": "yes", "highway": "unclassified"}, "geometry": {"type": "LineString", "coordinates": [[94.3357105, 27.0485453], [94.3359899, 27.0485061]]}}, {"type": "Feature", "properties": {"osm_id": 965124887, "name": "", "bridge": "yes", "highway": "unclassified"}, "geometry": {"type": "LineString", "coordinates": [[94.7698442, 27.5374505], [94.7701195, 27.5370874]]}}, {"type": "Feature", "properties": {"osm_id": 965275211, "name": "", "bridge": "yes", "highway": "trunk"}, "geometry": {"type": "LineString", "coordinates": [[94.9165382, 27.7456603], [94.9167671, 27.7457739]]}}, {"type": "Feature", "properties": {"osm_id": 965275212, "name": "", "bridge": "yes", "highway": "unclassified"}, "geometry": {"type": "LineString", "coordinates": [[94.9173465, 27.7383592], [94.9175122, 27.7381814]]}}, {"type": "Feature", "properties": {"osm_id": 965275217, "name": "", "bridge": "yes", "highway": "unclassified"}, "geometry": {"type": "LineString", "coordinates": [[94.933466, 27.7224968], [94.9335686, 27.7221396]]}}, {"type": "Feature", "properties": {"osm_id": 965275220, "name": "", "bridge": "yes", "highway": "unclassified"}, "geometry": {"type": "LineString", "coordinates": [[94.9631601, 27.6900326], [94.9630862, 27.6897488]]}}, {"type": "Feature", "properties": {"osm_id": 965275259, "name": "Bogibeel Bridge North Block Hut - Murkongselek", "bridge": "yes", "highway": ""}, "geometry": {"type": "LineString", "coordinates": [[94.9951559, 27.7648663], [94.9957632, 27.7649518]]}}, {"type": "Feature", "properties": {"osm_id": 965275261, "name": "", "bridge": "yes", "highway": "unclassified"}, "geometry": {"type": "LineString", "coordinates": [[94.9983408, 27.7000328], [94.998188, 27.6999702]]}}, {"type": "Feature", "properties": {"osm_id": 971215852, "name": "Simaluguri Junction - Sripuriagaon", "bridge": "yes", "highway": ""}, "geometry": {"type": "LineString", "coordinates": [[95.1420713, 27.101503], [95.1425971, 27.1017454]]}}, {"type": "Feature", "properties": {"osm_id": 978242794, "name": "", "bridge": "yes", "highway": "trunk"}, "geometry": {"type": "LineString", "coordinates": [[93.8644245, 27.1234042], [93.8647497, 27.1233523]]}}, {"type": "Feature", "properties": {"osm_id": 993093549, "name": "", "bridge": "yes", "highway": "tertiary"}, "geometry": {"type": "LineString", "coordinates": [[95.0961174, 27.3437129], [95.0960969, 27.3436262]]}}, {"type": "Feature", "properties": {"osm_id": 997835851, "name": "", "bridge": "yes", "highway": "residential"}, "geometry": {"type": "LineString", "coordinates": [[94.837883, 27.4227517], [94.8377824, 27.4228289]]}}, {"type": "Feature", "properties": {"osm_id": 997864620, "name": "", "bridge": "yes", "highway": "footway"}, "geometry": {"type": "LineString", "coordinates": [[94.9361473, 27.4641544], [94.936308, 27.464016], [94.9364649, 27.4638804]]}}, {"type": "Feature", "properties": {"osm_id": 997864625, "name": "", "bridge": "yes", "highway": "footway"}, "geometry": {"type": "LineString", "coordinates": [[94.9383756, 27.4654824], [94.938226, 27.4656282], [94.9380608, 27.4657933]]}}, {"type": "Feature", "properties": {"osm_id": 1001892215, "name": "", "bridge": "yes", "highway": "trunk"}, "geometry": {"type": "LineString", "coordinates": [[95.0969777, 27.7518684], [95.0987117, 27.7523561]]}}, {"type": "Feature", "properties": {"osm_id": 1005926029, "name": "", "bridge": "yes", "highway": "unclassified"}, "geometry": {"type": "LineString", "coordinates": [[94.4414793, 26.7024363], [94.4417524, 26.7023956]]}}, {"type": "Feature", "properties": {"osm_id": 1005926033, "name": "", "bridge": "yes", "highway": "tertiary"}, "geometry": {"type": "LineString", "coordinates": [[94.4511212, 26.6731816], [94.4512868, 26.6732389]]}}, {"type": "Feature", "properties": {"osm_id": 1005927945, "name": "", "bridge": "yes", "highway": "residential"}, "geometry": {"type": "LineString", "coordinates": [[94.4509971, 26.6800911], [94.4513914, 26.6802109]]}}, {"type": "Feature", "properties": {"osm_id": 1009831833, "name": "", "bridge": "yes", "highway": "secondary"}, "geometry": {"type": "LineString", "coordinates": [[95.1032587, 27.2548447], [95.1030227, 27.2549806]]}}, {"type": "Feature", "properties": {"osm_id": 1009831837, "name": "", "bridge": "yes", "highway": "secondary"}, "geometry": {"type": "LineString", "coordinates": [[95.0996501, 27.2562897], [95.0995681, 27.2563007]]}}, {"type": "Feature", "properties": {"osm_id": 1009831839, "name": "", "bridge": "yes", "highway": "secondary"}, "geometry": {"type": "LineString", "coordinates": [[95.0977094, 27.2561725], [95.0975961, 27.2561487]]}}, {"type": "Feature", "properties": {"osm_id": 1009831841, "name": "", "bridge": "yes", "highway": "secondary"}, "geometry": {"type": "LineString", "coordinates": [[95.096788, 27.2559776], [95.0966869, 27.2559553]]}}, {"type": "Feature", "properties": {"osm_id": 1009831842, "name": "", "bridge": "yes", "highway": "secondary"}, "geometry": {"type": "LineString", "coordinates": [[95.0958949, 27.255781], [95.0958119, 27.2557631]]}}, {"type": "Feature", "properties": {"osm_id": 1009831844, "name": "", "bridge": "yes", "highway": "secondary"}, "geometry": {"type": "LineString", "coordinates": [[95.0949812, 27.2555824], [95.0949034, 27.2555648]]}}, {"type": "Feature", "properties": {"osm_id": 1009831846, "name": "", "bridge": "yes", "highway": "secondary"}, "geometry": {"type": "LineString", "coordinates": [[95.0914311, 27.2546426], [95.0913409, 27.2546298]]}}, {"type": "Feature", "properties": {"osm_id": 1009831849, "name": "", "bridge": "yes", "highway": "secondary"}, "geometry": {"type": "LineString", "coordinates": [[95.0846768, 27.2538715], [95.0846, 27.2538841]]}}, {"type": "Feature", "properties": {"osm_id": 1009831853, "name": "", "bridge": "yes", "highway": "secondary"}, "geometry": {"type": "LineString", "coordinates": [[95.0817632, 27.2548833], [95.081695, 27.254913]]}}, {"type": "Feature", "properties": {"osm_id": 1009831855, "name": "", "bridge": "yes", "highway": "secondary"}, "geometry": {"type": "LineString", "coordinates": [[95.0812808, 27.2551014], [95.0812087, 27.2551381]]}}, {"type": "Feature", "properties": {"osm_id": 1009831857, "name": "", "bridge": "yes", "highway": "secondary"}, "geometry": {"type": "LineString", "coordinates": [[95.0789102, 27.2563926], [95.0787606, 27.2564673]]}}, {"type": "Feature", "properties": {"osm_id": 1009831860, "name": "", "bridge": "yes", "highway": "secondary"}, "geometry": {"type": "LineString", "coordinates": [[95.0772768, 27.2572327], [95.0771959, 27.2572731]]}}, {"type": "Feature", "properties": {"osm_id": 1009831862, "name": "", "bridge": "yes", "highway": "secondary"}, "geometry": {"type": "LineString", "coordinates": [[95.0764745, 27.2576322], [95.0764001, 27.2576703]]}}, {"type": "Feature", "properties": {"osm_id": 1009831864, "name": "", "bridge": "yes", "highway": "secondary"}, "geometry": {"type": "LineString", "coordinates": [[95.0757301, 27.2580185], [95.0756465, 27.2580624]]}}, {"type": "Feature", "properties": {"osm_id": 1009831866, "name": "", "bridge": "yes", "highway": "secondary"}, "geometry": {"type": "LineString", "coordinates": [[95.0743929, 27.2587085], [95.0743259, 27.2587461]]}}, {"type": "Feature", "properties": {"osm_id": 1009831868, "name": "", "bridge": "yes", "highway": "secondary"}, "geometry": {"type": "LineString", "coordinates": [[95.0734006, 27.2593071], [95.0733254, 27.2593578]]}}, {"type": "Feature", "properties": {"osm_id": 1009831871, "name": "", "bridge": "yes", "highway": "secondary"}, "geometry": {"type": "LineString", "coordinates": [[95.0703647, 27.2604841], [95.0702894, 27.2604963]]}}, {"type": "Feature", "properties": {"osm_id": 1009831873, "name": "", "bridge": "yes", "highway": "secondary"}, "geometry": {"type": "LineString", "coordinates": [[95.06879, 27.2606331], [95.0687006, 27.2606355]]}}, {"type": "Feature", "properties": {"osm_id": 1009831875, "name": "", "bridge": "yes", "highway": "secondary"}, "geometry": {"type": "LineString", "coordinates": [[95.0655328, 27.2608515], [95.06544, 27.2608668]]}}, {"type": "Feature", "properties": {"osm_id": 1009831877, "name": "", "bridge": "yes", "highway": "secondary"}, "geometry": {"type": "LineString", "coordinates": [[95.0636087, 27.261278], [95.0635164, 27.2612994]]}}, {"type": "Feature", "properties": {"osm_id": 1009831879, "name": "", "bridge": "yes", "highway": "secondary"}, "geometry": {"type": "LineString", "coordinates": [[95.0601452, 27.2624798], [95.0600576, 27.2625132]]}}, {"type": "Feature", "properties": {"osm_id": 1009831881, "name": "", "bridge": "yes", "highway": "secondary"}, "geometry": {"type": "LineString", "coordinates": [[95.0524363, 27.2664968], [95.0523572, 27.2665208]]}}, {"type": "Feature", "properties": {"osm_id": 1009831883, "name": "", "bridge": "yes", "highway": "secondary"}, "geometry": {"type": "LineString", "coordinates": [[95.0485915, 27.2682848], [95.0485214, 27.2683201]]}}, {"type": "Feature", "properties": {"osm_id": 1009831885, "name": "", "bridge": "yes", "highway": "secondary"}, "geometry": {"type": "LineString", "coordinates": [[95.0439296, 27.2712102], [95.0438635, 27.2712543]]}}, {"type": "Feature", "properties": {"osm_id": 1009831887, "name": "", "bridge": "yes", "highway": "secondary"}, "geometry": {"type": "LineString", "coordinates": [[95.0367443, 27.2781568], [95.0366752, 27.2782137]]}}, {"type": "Feature", "properties": {"osm_id": 1009831890, "name": "", "bridge": "yes", "highway": "primary"}, "geometry": {"type": "LineString", "coordinates": [[95.0265323, 27.2836318], [95.0264179, 27.2836568]]}}, {"type": "Feature", "properties": {"osm_id": 1009831892, "name": "", "bridge": "yes", "highway": "primary"}, "geometry": {"type": "LineString", "coordinates": [[95.0231802, 27.2844622], [95.0231187, 27.2845015]]}}, {"type": "Feature", "properties": {"osm_id": 1009831895, "name": "", "bridge": "yes", "highway": "secondary"}, "geometry": {"type": "LineString", "coordinates": [[95.1055095, 27.2532788], [95.1055665, 27.2532107]]}}, {"type": "Feature", "properties": {"osm_id": 1009831897, "name": "", "bridge": "yes", "highway": "secondary"}, "geometry": {"type": "LineString", "coordinates": [[95.1067701, 27.2519195], [95.1068238, 27.2518621]]}}, {"type": "Feature", "properties": {"osm_id": 1009831899, "name": "", "bridge": "yes", "highway": "secondary"}, "geometry": {"type": "LineString", "coordinates": [[95.1077075, 27.2508352], [95.1077559, 27.2507677]]}}, {"type": "Feature", "properties": {"osm_id": 1009831901, "name": "", "bridge": "yes", "highway": "secondary"}, "geometry": {"type": "LineString", "coordinates": [[95.1085433, 27.2497134], [95.1085912, 27.2496459]]}}, {"type": "Feature", "properties": {"osm_id": 1009831903, "name": "", "bridge": "yes", "highway": "secondary"}, "geometry": {"type": "LineString", "coordinates": [[95.109966, 27.2478233], [95.1100693, 27.2476408]]}}, {"type": "Feature", "properties": {"osm_id": 1009831905, "name": "", "bridge": "yes", "highway": "secondary"}, "geometry": {"type": "LineString", "coordinates": [[95.1101371, 27.2453942], [95.1101079, 27.245319]]}}, {"type": "Feature", "properties": {"osm_id": 1009831907, "name": "", "bridge": "yes", "highway": "secondary"}, "geometry": {"type": "LineString", "coordinates": [[95.1085674, 27.2414701], [95.1085548, 27.2413959]]}}, {"type": "Feature", "properties": {"osm_id": 1009831911, "name": "", "bridge": "yes", "highway": "secondary"}, "geometry": {"type": "LineString", "coordinates": [[95.1088816, 27.2361284], [95.1088435, 27.2360277]]}}, {"type": "Feature", "properties": {"osm_id": 1009831913, "name": "", "bridge": "yes", "highway": "secondary"}, "geometry": {"type": "LineString", "coordinates": [[95.1075398, 27.2327515], [95.1075122, 27.2326793]]}}, {"type": "Feature", "properties": {"osm_id": 1009831916, "name": "", "bridge": "yes", "highway": "secondary"}, "geometry": {"type": "LineString", "coordinates": [[95.1059133, 27.2282097], [95.1058941, 27.228139]]}}, {"type": "Feature", "properties": {"osm_id": 1009831918, "name": "", "bridge": "yes", "highway": "secondary"}, "geometry": {"type": "LineString", "coordinates": [[95.1050022, 27.2250882], [95.1049799, 27.2250176]]}}, {"type": "Feature", "properties": {"osm_id": 1009831920, "name": "", "bridge": "yes", "highway": "secondary"}, "geometry": {"type": "LineString", "coordinates": [[95.1047923, 27.2240181], [95.1047833, 27.2239506]]}}, {"type": "Feature", "properties": {"osm_id": 1009831922, "name": "", "bridge": "yes", "highway": "secondary"}, "geometry": {"type": "LineString", "coordinates": [[95.1065854, 27.2176146], [95.1065924, 27.2175357]]}}, {"type": "Feature", "properties": {"osm_id": 1009831924, "name": "", "bridge": "yes", "highway": "secondary"}, "geometry": {"type": "LineString", "coordinates": [[95.1068818, 27.2148667], [95.1068881, 27.2147882]]}}, {"type": "Feature", "properties": {"osm_id": 1009831926, "name": "", "bridge": "yes", "highway": "secondary"}, "geometry": {"type": "LineString", "coordinates": [[95.1073232, 27.2043218], [95.1073253, 27.2042516]]}}, {"type": "Feature", "properties": {"osm_id": 1009831928, "name": "", "bridge": "yes", "highway": "secondary"}, "geometry": {"type": "LineString", "coordinates": [[95.1073559, 27.201858], [95.1073558, 27.2017899]]}}, {"type": "Feature", "properties": {"osm_id": 1009831930, "name": "", "bridge": "yes", "highway": "secondary"}, "geometry": {"type": "LineString", "coordinates": [[95.107551, 27.1976654], [95.1075598, 27.1973643]]}}, {"type": "Feature", "properties": {"osm_id": 1009831932, "name": "", "bridge": "yes", "highway": "secondary"}, "geometry": {"type": "LineString", "coordinates": [[95.103493, 27.1858109], [95.1034173, 27.1857284]]}}, {"type": "Feature", "properties": {"osm_id": 1009831934, "name": "", "bridge": "yes", "highway": "secondary"}, "geometry": {"type": "LineString", "coordinates": [[95.1005798, 27.1761895], [95.1006151, 27.1761364]]}}, {"type": "Feature", "properties": {"osm_id": 1009831940, "name": "", "bridge": "yes", "highway": "secondary"}, "geometry": {"type": "LineString", "coordinates": [[95.1031575, 27.1732447], [95.1030889, 27.1733137]]}}, {"type": "Feature", "properties": {"osm_id": 1009831942, "name": "", "bridge": "yes", "highway": "secondary"}, "geometry": {"type": "LineString", "coordinates": [[95.1037687, 27.1726293], [95.1036909, 27.1727076]]}}, {"type": "Feature", "properties": {"osm_id": 1009831943, "name": "", "bridge": "yes", "highway": "secondary"}, "geometry": {"type": "LineString", "coordinates": [[95.1057137, 27.1694067], [95.1057423, 27.1693324]]}}, {"type": "Feature", "properties": {"osm_id": 1009831945, "name": "", "bridge": "yes", "highway": "secondary"}, "geometry": {"type": "LineString", "coordinates": [[95.106277, 27.1683308], [95.1063293, 27.1682681]]}}, {"type": "Feature", "properties": {"osm_id": 1009831947, "name": "", "bridge": "yes", "highway": "secondary"}, "geometry": {"type": "LineString", "coordinates": [[95.1085357, 27.1657835], [95.1085863, 27.1657198]]}}, {"type": "Feature", "properties": {"osm_id": 1009831949, "name": "", "bridge": "yes", "highway": "secondary"}, "geometry": {"type": "LineString", "coordinates": [[95.109775, 27.1635281], [95.1098231, 27.163322]]}}, {"type": "Feature", "properties": {"osm_id": 1009831951, "name": "", "bridge": "yes", "highway": "secondary"}, "geometry": {"type": "LineString", "coordinates": [[95.1096766, 27.1621612], [95.1096538, 27.1621043]]}}, {"type": "Feature", "properties": {"osm_id": 1009831953, "name": "", "bridge": "yes", "highway": "secondary"}, "geometry": {"type": "LineString", "coordinates": [[95.1080301, 27.1599751], [95.1079735, 27.159904]]}}, {"type": "Feature", "properties": {"osm_id": 1009831955, "name": "", "bridge": "yes", "highway": "secondary"}, "geometry": {"type": "LineString", "coordinates": [[95.1070905, 27.1580488], [95.1070842, 27.1579817]]}}, {"type": "Feature", "properties": {"osm_id": 1009831957, "name": "", "bridge": "yes", "highway": "secondary"}, "geometry": {"type": "LineString", "coordinates": [[95.1070606, 27.1568318], [95.1070658, 27.1567636]]}}, {"type": "Feature", "properties": {"osm_id": 1009831960, "name": "", "bridge": "yes", "highway": "trunk"}, "geometry": {"type": "LineString", "coordinates": [[95.1081806, 27.1550355], [95.1080914, 27.1550528]]}}, {"type": "Feature", "properties": {"osm_id": 1013464362, "name": "", "bridge": "yes", "highway": "tertiary"}, "geometry": {"type": "LineString", "coordinates": [[93.8329634, 27.5558923], [93.8328175, 27.5558375]]}}, {"type": "Feature", "properties": {"osm_id": 1013464364, "name": "", "bridge": "yes", "highway": "tertiary"}, "geometry": {"type": "LineString", "coordinates": [[93.8338703, 27.5562113], [93.8338247, 27.5561947]]}}, {"type": "Feature", "properties": {"osm_id": 1013464371, "name": "", "bridge": "yes", "highway": "tertiary"}, "geometry": {"type": "LineString", "coordinates": [[93.8341521, 27.5717334], [93.834087, 27.5717492]]}}, {"type": "Feature", "properties": {"osm_id": 1013464373, "name": "", "bridge": "yes", "highway": "tertiary"}, "geometry": {"type": "LineString", "coordinates": [[93.8336777, 27.5718436], [93.8335035, 27.5718859]]}}, {"type": "Feature", "properties": {"osm_id": 1013464399, "name": "", "bridge": "yes", "highway": "unclassified"}, "geometry": {"type": "LineString", "coordinates": [[93.8330152, 27.5772903], [93.8328082, 27.5771397]]}}, {"type": "Feature", "properties": {"osm_id": 1022168526, "name": "", "bridge": "yes", "highway": "tertiary"}, "geometry": {"type": "LineString", "coordinates": [[93.6155319, 27.0738339], [93.6154997, 27.0729024]]}}, {"type": "Feature", "properties": {"osm_id": 1025406801, "name": "Nau-Pukhri Road", "bridge": "yes", "highway": "primary"}, "geometry": {"type": "LineString", "coordinates": [[95.2703981, 27.4001086], [95.2702035, 27.4001109]]}}, {"type": "Feature", "properties": {"osm_id": 1041056637, "name": "", "bridge": "yes", "highway": "footway"}, "geometry": {"type": "LineString", "coordinates": [[94.7453956, 27.6320702], [94.74453, 27.6317799]]}}, {"type": "Feature", "properties": {"osm_id": 1041056641, "name": "", "bridge": "yes", "highway": "unclassified"}, "geometry": {"type": "LineString", "coordinates": [[94.7382985, 27.6171483], [94.7386854, 27.6173331]]}}, {"type": "Feature", "properties": {"osm_id": 1041056660, "name": "", "bridge": "yes", "highway": "footway"}, "geometry": {"type": "LineString", "coordinates": [[94.7173881, 27.5922996], [94.7172479, 27.5924464]]}}, {"type": "Feature", "properties": {"osm_id": 1041056669, "name": "", "bridge": "yes", "highway": "unclassified"}, "geometry": {"type": "LineString", "coordinates": [[94.7339675, 27.5830527], [94.7341332, 27.5831874]]}}, {"type": "Feature", "properties": {"osm_id": 1041056675, "name": "", "bridge": "yes", "highway": "unclassified"}, "geometry": {"type": "LineString", "coordinates": [[94.7378942, 27.5758372], [94.7384103, 27.5758125]]}}, {"type": "Feature", "properties": {"osm_id": 1041385738, "name": "", "bridge": "yes", "highway": "track"}, "geometry": {"type": "LineString", "coordinates": [[94.7414364, 27.610331], [94.7413425, 27.6104251]]}}, {"type": "Feature", "properties": {"osm_id": 1041385745, "name": "", "bridge": "yes", "highway": "unclassified"}, "geometry": {"type": "LineString", "coordinates": [[94.7256285, 27.6183958], [94.7258806, 27.6186572]]}}, {"type": "Feature", "properties": {"osm_id": 1041385749, "name": "", "bridge": "yes", "highway": "track"}, "geometry": {"type": "LineString", "coordinates": [[94.7178606, 27.6284189], [94.7181053, 27.6283752]]}}, {"type": "Feature", "properties": {"osm_id": 1041385751, "name": "", "bridge": "yes", "highway": "unclassified"}, "geometry": {"type": "LineString", "coordinates": [[94.7195283, 27.6373198], [94.7201214, 27.6374211]]}}, {"type": "Feature", "properties": {"osm_id": 1041606386, "name": "", "bridge": "yes", "highway": "unclassified"}, "geometry": {"type": "LineString", "coordinates": [[94.68068, 27.5770212], [94.6805566, 27.5768024]]}}, {"type": "Feature", "properties": {"osm_id": 1042225999, "name": "", "bridge": "yes", "highway": "tertiary"}, "geometry": {"type": "LineString", "coordinates": [[94.7510664, 27.6685953], [94.7513215, 27.6686583]]}}, {"type": "Feature", "properties": {"osm_id": 1042226001, "name": "", "bridge": "yes", "highway": "tertiary"}, "geometry": {"type": "LineString", "coordinates": [[94.7389813, 27.670438], [94.7392126, 27.6703473]]}}, {"type": "Feature", "properties": {"osm_id": 1042226002, "name": "", "bridge": "yes", "highway": "tertiary"}, "geometry": {"type": "LineString", "coordinates": [[94.7290127, 27.6709889], [94.7299817, 27.670996]]}}, {"type": "Feature", "properties": {"osm_id": 1042226004, "name": "", "bridge": "yes", "highway": "tertiary"}, "geometry": {"type": "LineString", "coordinates": [[94.7205484, 27.668592], [94.7206512, 27.668623], [94.7230649, 27.6693495]]}}, {"type": "Feature", "properties": {"osm_id": 1042238078, "name": "", "bridge": "yes", "highway": "unclassified"}, "geometry": {"type": "LineString", "coordinates": [[94.7311804, 27.6421953], [94.7311565, 27.6431331]]}}, {"type": "Feature", "properties": {"osm_id": 1042548888, "name": "", "bridge": "yes", "highway": "footway"}, "geometry": {"type": "LineString", "coordinates": [[94.6873426, 27.6541599], [94.6886408, 27.6549035]]}}, {"type": "Feature", "properties": {"osm_id": 1042548891, "name": "", "bridge": "yes", "highway": "unclassified"}, "geometry": {"type": "LineString", "coordinates": [[94.6888008, 27.6690404], [94.6890246, 27.6695208]]}}, {"type": "Feature", "properties": {"osm_id": 1043671764, "name": "", "bridge": "yes", "highway": "footway"}, "geometry": {"type": "LineString", "coordinates": [[94.7199317, 27.6234383], [94.7201821, 27.6236147]]}}, {"type": "Feature", "properties": {"osm_id": 1044817060, "name": "", "bridge": "yes", "highway": "unclassified"}, "geometry": {"type": "LineString", "coordinates": [[94.6692861, 27.5353892], [94.6695243, 27.5352554]]}}, {"type": "Feature", "properties": {"osm_id": 1046113669, "name": "", "bridge": "yes", "highway": "primary"}, "geometry": {"type": "LineString", "coordinates": [[95.20254, 27.3667544], [95.2024522, 27.3668415]]}}, {"type": "Feature", "properties": {"osm_id": 1046207142, "name": "", "bridge": "yes", "highway": "path"}, "geometry": {"type": "LineString", "coordinates": [[94.7276899, 27.5098137], [94.7272576, 27.5100452]]}}, {"type": "Feature", "properties": {"osm_id": 1046244803, "name": "", "bridge": "yes", "highway": "unclassified"}, "geometry": {"type": "LineString", "coordinates": [[94.7504685, 27.5153772], [94.7517075, 27.5150216]]}}, {"type": "Feature", "properties": {"osm_id": 1046404917, "name": "", "bridge": "yes", "highway": "primary"}, "geometry": {"type": "LineString", "coordinates": [[94.8953278, 27.4419674], [94.8953412, 27.4418365]]}}, {"type": "Feature", "properties": {"osm_id": 1046494403, "name": "", "bridge": "yes", "highway": "trunk"}, "geometry": {"type": "LineString", "coordinates": [[95.004137, 27.2218603], [95.0042202, 27.2217649]]}}, {"type": "Feature", "properties": {"osm_id": 1046756227, "name": "", "bridge": "yes", "highway": "trunk"}, "geometry": {"type": "LineString", "coordinates": [[95.055386, 27.1710096], [95.0551902, 27.1711158]]}}, {"type": "Feature", "properties": {"osm_id": 1046796318, "name": "", "bridge": "yes", "highway": "trunk"}, "geometry": {"type": "LineString", "coordinates": [[94.9042717, 27.2903831], [94.9042422, 27.2906811]]}}, {"type": "Feature", "properties": {"osm_id": 1046880176, "name": "", "bridge": "yes", "highway": "unclassified"}, "geometry": {"type": "LineString", "coordinates": [[94.767758, 27.6822205], [94.7674152, 27.6818728]]}}, {"type": "Feature", "properties": {"osm_id": 1046880180, "name": "", "bridge": "yes", "highway": "unclassified"}, "geometry": {"type": "LineString", "coordinates": [[94.7736911, 27.6852771], [94.7735109, 27.685262]]}}, {"type": "Feature", "properties": {"osm_id": 1046910130, "name": "", "bridge": "yes", "highway": "unclassified"}, "geometry": {"type": "LineString", "coordinates": [[94.8149885, 27.5892818], [94.8146551, 27.5894206]]}}, {"type": "Feature", "properties": {"osm_id": 1046910134, "name": "", "bridge": "yes", "highway": "unclassified"}, "geometry": {"type": "LineString", "coordinates": [[94.788306, 27.5931799], [94.7877493, 27.5932882]]}}, {"type": "Feature", "properties": {"osm_id": 1046910136, "name": "", "bridge": "yes", "highway": "unclassified"}, "geometry": {"type": "LineString", "coordinates": [[94.785043, 27.5939044], [94.7847317, 27.5939738]]}}, {"type": "Feature", "properties": {"osm_id": 1046910138, "name": "", "bridge": "yes", "highway": "unclassified"}, "geometry": {"type": "LineString", "coordinates": [[94.781333, 27.5949093], [94.7809637, 27.5950175]]}}, {"type": "Feature", "properties": {"osm_id": 1046910140, "name": "", "bridge": "yes", "highway": "unclassified"}, "geometry": {"type": "LineString", "coordinates": [[94.7770054, 27.5962593], [94.7765997, 27.5963768]]}}, {"type": "Feature", "properties": {"osm_id": 1046918518, "name": "", "bridge": "yes", "highway": "trunk"}, "geometry": {"type": "LineString", "coordinates": [[94.7652975, 27.6130594], [94.7655568, 27.6132477]]}}, {"type": "Feature", "properties": {"osm_id": 1047015425, "name": "", "bridge": "yes", "highway": "primary"}, "geometry": {"type": "LineString", "coordinates": [[95.1409337, 27.1938589], [95.1410142, 27.1938863]]}}, {"type": "Feature", "properties": {"osm_id": 1047016351, "name": "", "bridge": "yes", "highway": "primary"}, "geometry": {"type": "LineString", "coordinates": [[95.1758829, 27.2130135], [95.1757005, 27.2133462]]}}, {"type": "Feature", "properties": {"osm_id": 1047018888, "name": "", "bridge": "yes", "highway": "primary"}, "geometry": {"type": "LineString", "coordinates": [[95.291133, 27.2732056], [95.2907507, 27.2733002]]}}, {"type": "Feature", "properties": {"osm_id": 1047135071, "name": "", "bridge": "yes", "highway": "unclassified"}, "geometry": {"type": "LineString", "coordinates": [[94.7844443, 27.6347345], [94.7843719, 27.6347556]]}}, {"type": "Feature", "properties": {"osm_id": 1047135078, "name": "", "bridge": "yes", "highway": "unclassified"}, "geometry": {"type": "LineString", "coordinates": [[94.7666089, 27.6286305], [94.7659878, 27.6284328]]}}, {"type": "Feature", "properties": {"osm_id": 1047136733, "name": "", "bridge": "yes", "highway": "footway"}, "geometry": {"type": "LineString", "coordinates": [[94.779544, 27.6562705], [94.7798062, 27.6562222]]}}, {"type": "Feature", "properties": {"osm_id": 1047147119, "name": "", "bridge": "yes", "highway": "unclassified"}, "geometry": {"type": "LineString", "coordinates": [[94.7759805, 27.6188463], [94.7761281, 27.6185882]]}}, {"type": "Feature", "properties": {"osm_id": 1048252400, "name": "", "bridge": "yes", "highway": "residential"}, "geometry": {"type": "LineString", "coordinates": [[94.7246736, 27.5943374], [94.724847, 27.5944158]]}}, {"type": "Feature", "properties": {"osm_id": 1048252402, "name": "", "bridge": "yes", "highway": "residential"}, "geometry": {"type": "LineString", "coordinates": [[94.7246006, 27.5927418], [94.7247624, 27.5927373]]}}, {"type": "Feature", "properties": {"osm_id": 1048252578, "name": "", "bridge": "yes", "highway": "residential"}, "geometry": {"type": "LineString", "coordinates": [[94.7232172, 27.5965843], [94.7233014, 27.59664]]}}, {"type": "Feature", "properties": {"osm_id": 1048252581, "name": "Balipara - Harmuti - Bogibeel", "bridge": "yes", "highway": ""}, "geometry": {"type": "LineString", "coordinates": [[94.7229369, 27.5965001], [94.7232349, 27.5966999]]}}, {"type": "Feature", "properties": {"osm_id": 1049089033, "name": "", "bridge": "yes", "highway": "residential"}, "geometry": {"type": "LineString", "coordinates": [[94.7214939, 27.599091], [94.7213658, 27.5989963]]}}, {"type": "Feature", "properties": {"osm_id": 1049642474, "name": "", "bridge": "yes", "highway": "unclassified"}, "geometry": {"type": "LineString", "coordinates": [[94.8599507, 27.6277283], [94.8599378, 27.6279997]]}}, {"type": "Feature", "properties": {"osm_id": 1049642479, "name": "", "bridge": "yes", "highway": "unclassified"}, "geometry": {"type": "LineString", "coordinates": [[94.8151429, 27.5652159], [94.8147254, 27.5656851]]}}, {"type": "Feature", "properties": {"osm_id": 1049642482, "name": "Kulibazaar Road", "bridge": "yes", "highway": "unclassified"}, "geometry": {"type": "LineString", "coordinates": [[94.8410833, 27.5840505], [94.8409635, 27.5826652]]}}, {"type": "Feature", "properties": {"osm_id": 1049644808, "name": "", "bridge": "yes", "highway": "unclassified"}, "geometry": {"type": "LineString", "coordinates": [[94.8494339, 27.6002562], [94.8495734, 27.6001183]]}}, {"type": "Feature", "properties": {"osm_id": 1050001999, "name": "", "bridge": "yes", "highway": "residential"}, "geometry": {"type": "LineString", "coordinates": [[94.7210698, 27.5996386], [94.7211693, 27.5997333]]}}, {"type": "Feature", "properties": {"osm_id": 1053409023, "name": "Noga Ali", "bridge": "yes", "highway": "tertiary"}, "geometry": {"type": "LineString", "coordinates": [[94.543258, 26.9280009], [94.5436774, 26.9282049]]}}, {"type": "Feature", "properties": {"osm_id": 1054014545, "name": "", "bridge": "yes", "highway": "unclassified"}, "geometry": {"type": "LineString", "coordinates": [[94.5112304, 27.4915442], [94.5113761, 27.4914282]]}}, {"type": "Feature", "properties": {"osm_id": 1054027556, "name": "", "bridge": "yes", "highway": "residential"}, "geometry": {"type": "LineString", "coordinates": [[94.4967033, 27.5736169], [94.4968416, 27.5737283]]}}, {"type": "Feature", "properties": {"osm_id": 1054615286, "name": "", "bridge": "yes", "highway": "residential"}, "geometry": {"type": "LineString", "coordinates": [[95.283591, 27.5665621], [95.2836339, 27.5665324]]}}, {"type": "Feature", "properties": {"osm_id": 1054615289, "name": "", "bridge": "yes", "highway": "residential"}, "geometry": {"type": "LineString", "coordinates": [[95.2808484, 27.5646861], [95.2808847, 27.564635]]}}, {"type": "Feature", "properties": {"osm_id": 1054626319, "name": "", "bridge": "yes", "highway": "unclassified"}, "geometry": {"type": "LineString", "coordinates": [[95.256321, 27.3951183], [95.2562486, 27.3951445]]}}, {"type": "Feature", "properties": {"osm_id": 1054630317, "name": "", "bridge": "yes", "highway": "unclassified"}, "geometry": {"type": "LineString", "coordinates": [[95.266257, 27.3571887], [95.266316, 27.3570628]]}}, {"type": "Feature", "properties": {"osm_id": 1054631115, "name": "", "bridge": "yes", "highway": "track"}, "geometry": {"type": "LineString", "coordinates": [[95.2137249, 27.3631047], [95.2141944, 27.3630532]]}}, {"type": "Feature", "properties": {"osm_id": 1054636102, "name": "", "bridge": "yes", "highway": "unclassified"}, "geometry": {"type": "LineString", "coordinates": [[95.2472461, 27.3462756], [95.2468955, 27.3463346]]}}, {"type": "Feature", "properties": {"osm_id": 1054650832, "name": "", "bridge": "yes", "highway": "unclassified"}, "geometry": {"type": "LineString", "coordinates": [[95.2636354, 27.357519], [95.2635683, 27.3574904]]}}, {"type": "Feature", "properties": {"osm_id": 1054666761, "name": "", "bridge": "yes", "highway": "residential"}, "geometry": {"type": "LineString", "coordinates": [[95.1789393, 27.5417884], [95.1790162, 27.5417501]]}}, {"type": "Feature", "properties": {"osm_id": 1054666763, "name": "", "bridge": "yes", "highway": "residential"}, "geometry": {"type": "LineString", "coordinates": [[95.1887119, 27.538982], [95.1887923, 27.5389654]]}}, {"type": "Feature", "properties": {"osm_id": 1054669187, "name": "", "bridge": "yes", "highway": "trunk"}, "geometry": {"type": "LineString", "coordinates": [[95.2258936, 27.5062211], [95.2259715, 27.5062277]]}}, {"type": "Feature", "properties": {"osm_id": 1054669851, "name": "", "bridge": "yes", "highway": "track"}, "geometry": {"type": "LineString", "coordinates": [[95.1902354, 27.5386484], [95.1902367, 27.5386027]]}}, {"type": "Feature", "properties": {"osm_id": 1054671248, "name": "", "bridge": "yes", "highway": "unclassified"}, "geometry": {"type": "LineString", "coordinates": [[95.2780918, 27.3609046], [95.2780879, 27.3609883]]}}, {"type": "Feature", "properties": {"osm_id": 1054671250, "name": "", "bridge": "yes", "highway": "residential"}, "geometry": {"type": "LineString", "coordinates": [[95.268742, 27.3602959], [95.2688583, 27.3602062]]}}, {"type": "Feature", "properties": {"osm_id": 1054674226, "name": "", "bridge": "yes", "highway": "unclassified"}, "geometry": {"type": "LineString", "coordinates": [[95.2680989, 27.3532572], [95.2680702, 27.3533252]]}}, {"type": "Feature", "properties": {"osm_id": 1054684233, "name": "", "bridge": "yes", "highway": "unclassified"}, "geometry": {"type": "LineString", "coordinates": [[95.2711531, 27.3913311], [95.271129, 27.3913585]]}}, {"type": "Feature", "properties": {"osm_id": 1054690794, "name": "", "bridge": "yes", "highway": "unclassified"}, "geometry": {"type": "LineString", "coordinates": [[95.1906967, 27.5182365], [95.190576, 27.5183269]]}}, {"type": "Feature", "properties": {"osm_id": 1054691343, "name": "", "bridge": "yes", "highway": "unclassified"}, "geometry": {"type": "LineString", "coordinates": [[95.1763222, 27.429501], [95.1764019, 27.4296386]]}}, {"type": "Feature", "properties": {"osm_id": 1054695789, "name": "", "bridge": "yes", "highway": "unclassified"}, "geometry": {"type": "LineString", "coordinates": [[95.2662741, 27.3341382], [95.2660609, 27.3340754]]}}, {"type": "Feature", "properties": {"osm_id": 1054697053, "name": "", "bridge": "yes", "highway": "unclassified"}, "geometry": {"type": "LineString", "coordinates": [[95.2844037, 27.3911809], [95.284415, 27.3911562]]}}, {"type": "Feature", "properties": {"osm_id": 1054701329, "name": "", "bridge": "yes", "highway": "service"}, "geometry": {"type": "LineString", "coordinates": [[95.2748743, 27.3294993], [95.2750712, 27.3294576]]}}, {"type": "Feature", "properties": {"osm_id": 1054702725, "name": "", "bridge": "yes", "highway": "residential"}, "geometry": {"type": "LineString", "coordinates": [[95.2880366, 27.3971939], [95.288032, 27.3973355]]}}, {"type": "Feature", "properties": {"osm_id": 1054705488, "name": "", "bridge": "yes", "highway": "track"}, "geometry": {"type": "LineString", "coordinates": [[95.179359, 27.512199], [95.1793966, 27.5121158]]}}, {"type": "Feature", "properties": {"osm_id": 1054971775, "name": "", "bridge": "yes", "highway": "trunk"}, "geometry": {"type": "LineString", "coordinates": [[95.2120417, 27.5056044], [95.2121837, 27.50561]]}}, {"type": "Feature", "properties": {"osm_id": 1054971777, "name": "", "bridge": "yes", "highway": "residential"}, "geometry": {"type": "LineString", "coordinates": [[95.2120115, 27.5162319], [95.2119741, 27.516149]]}}, {"type": "Feature", "properties": {"osm_id": 1054974085, "name": "", "bridge": "yes", "highway": "residential"}, "geometry": {"type": "LineString", "coordinates": [[95.2046382, 27.5052697], [95.2046341, 27.5053209]]}}, {"type": "Feature", "properties": {"osm_id": 1054974868, "name": "", "bridge": "yes", "highway": "tertiary"}, "geometry": {"type": "LineString", "coordinates": [[95.2946149, 27.2971996], [95.294525, 27.297286]]}}, {"type": "Feature", "properties": {"osm_id": 1054975579, "name": "", "bridge": "yes", "highway": "unclassified"}, "geometry": {"type": "LineString", "coordinates": [[95.2097098, 27.2828543], [95.2097423, 27.2832599]]}}, {"type": "Feature", "properties": {"osm_id": 1054975652, "name": "", "bridge": "yes", "highway": "residential"}, "geometry": {"type": "LineString", "coordinates": [[95.1821258, 27.4667227], [95.1821602, 27.46668]]}}, {"type": "Feature", "properties": {"osm_id": 1054976550, "name": "", "bridge": "yes", "highway": "residential"}, "geometry": {"type": "LineString", "coordinates": [[95.157822, 27.2877588], [95.1576456, 27.2876405]]}}, {"type": "Feature", "properties": {"osm_id": 1054976607, "name": "", "bridge": "yes", "highway": "trunk"}, "geometry": {"type": "LineString", "coordinates": [[95.1731209, 27.5040813], [95.1732557, 27.5041081]]}}, {"type": "Feature", "properties": {"osm_id": 1054977372, "name": "", "bridge": "yes", "highway": "residential"}, "geometry": {"type": "LineString", "coordinates": [[95.160308, 27.2871717], [95.1603046, 27.2869387]]}}, {"type": "Feature", "properties": {"osm_id": 1054979717, "name": "", "bridge": "yes", "highway": "unclassified"}, "geometry": {"type": "LineString", "coordinates": [[95.2517122, 27.274839], [95.2517428, 27.2749096]]}}, {"type": "Feature", "properties": {"osm_id": 1054980054, "name": "", "bridge": "yes", "highway": "unclassified"}, "geometry": {"type": "LineString", "coordinates": [[95.2003185, 27.2713148], [95.200308, 27.2714058]]}}, {"type": "Feature", "properties": {"osm_id": 1054982627, "name": "", "bridge": "yes", "highway": "unclassified"}, "geometry": {"type": "LineString", "coordinates": [[95.1709177, 27.273043], [95.1709271, 27.2729543]]}}, {"type": "Feature", "properties": {"osm_id": 1054982680, "name": "", "bridge": "yes", "highway": "unclassified"}, "geometry": {"type": "LineString", "coordinates": [[95.1692202, 27.2800286], [95.1692342, 27.2803897]]}}, {"type": "Feature", "properties": {"osm_id": 1054986021, "name": "", "bridge": "yes", "highway": "unclassified"}, "geometry": {"type": "LineString", "coordinates": [[95.2892301, 27.2830095], [95.2894115, 27.2830171]]}}, {"type": "Feature", "properties": {"osm_id": 1054986173, "name": "", "bridge": "yes", "highway": "track"}, "geometry": {"type": "LineString", "coordinates": [[95.1537253, 27.3241619], [95.1535592, 27.3242622]]}}, {"type": "Feature", "properties": {"osm_id": 1054986245, "name": "", "bridge": "yes", "highway": "primary"}, "geometry": {"type": "LineString", "coordinates": [[95.158538, 27.2696934], [95.1581925, 27.2698271]]}}, {"type": "Feature", "properties": {"osm_id": 1054986253, "name": "", "bridge": "yes", "highway": "residential"}, "geometry": {"type": "LineString", "coordinates": [[95.166046, 27.2799474], [95.1661407, 27.2798599]]}}, {"type": "Feature", "properties": {"osm_id": 1054988411, "name": "", "bridge": "yes", "highway": "unclassified"}, "geometry": {"type": "LineString", "coordinates": [[95.1333417, 27.3361263], [95.1334584, 27.3361406]]}}, {"type": "Feature", "properties": {"osm_id": 1054988413, "name": "", "bridge": "yes", "highway": "unclassified"}, "geometry": {"type": "LineString", "coordinates": [[95.1417849, 27.3353318], [95.1417395, 27.3353952]]}}, {"type": "Feature", "properties": {"osm_id": 1054989863, "name": "", "bridge": "yes", "highway": "unclassified"}, "geometry": {"type": "LineString", "coordinates": [[95.1473683, 27.2055639], [95.1471913, 27.2058144]]}}, {"type": "Feature", "properties": {"osm_id": 1054992970, "name": "", "bridge": "yes", "highway": "residential"}, "geometry": {"type": "LineString", "coordinates": [[95.1687932, 27.3852183], [95.1688671, 27.38521]]}}, {"type": "Feature", "properties": {"osm_id": 1054996367, "name": "", "bridge": "yes", "highway": "residential"}, "geometry": {"type": "LineString", "coordinates": [[95.1921684, 27.2226719], [95.1921546, 27.2227333]]}}, {"type": "Feature", "properties": {"osm_id": 1054996369, "name": "", "bridge": "yes", "highway": "unclassified"}, "geometry": {"type": "LineString", "coordinates": [[95.2046829, 27.4830677], [95.2046868, 27.4831412]]}}, {"type": "Feature", "properties": {"osm_id": 1054997131, "name": "", "bridge": "yes", "highway": "residential"}, "geometry": {"type": "LineString", "coordinates": [[95.1429051, 27.2050343], [95.1428971, 27.2048602]]}}, {"type": "Feature", "properties": {"osm_id": 1055003377, "name": "", "bridge": "yes", "highway": "track"}, "geometry": {"type": "LineString", "coordinates": [[95.1530133, 27.4428382], [95.1529382, 27.4428485]]}}, {"type": "Feature", "properties": {"osm_id": 1055003379, "name": "", "bridge": "yes", "highway": "track"}, "geometry": {"type": "LineString", "coordinates": [[95.1516148, 27.4430068], [95.1515637, 27.4429984]]}}, {"type": "Feature", "properties": {"osm_id": 1055004654, "name": "", "bridge": "yes", "highway": "unclassified"}, "geometry": {"type": "LineString", "coordinates": [[95.1465118, 27.4328562], [95.1465468, 27.4328167]]}}, {"type": "Feature", "properties": {"osm_id": 1055005568, "name": "", "bridge": "yes", "highway": "track"}, "geometry": {"type": "LineString", "coordinates": [[95.1829277, 27.2157749], [95.1828496, 27.2158026]]}}, {"type": "Feature", "properties": {"osm_id": 1055005760, "name": "", "bridge": "yes", "highway": "track"}, "geometry": {"type": "LineString", "coordinates": [[95.1464321, 27.4340405], [95.1464949, 27.4340468]]}}, {"type": "Feature", "properties": {"osm_id": 1055016177, "name": "", "bridge": "yes", "highway": "secondary"}, "geometry": {"type": "LineString", "coordinates": [[95.1893872, 27.2220061], [95.1894723, 27.2219413]]}}, {"type": "Feature", "properties": {"osm_id": 1055021064, "name": "", "bridge": "yes", "highway": "residential"}, "geometry": {"type": "LineString", "coordinates": [[95.196726, 27.2072313], [95.1967487, 27.2071791]]}}, {"type": "Feature", "properties": {"osm_id": 1055021687, "name": "", "bridge": "yes", "highway": "residential"}, "geometry": {"type": "LineString", "coordinates": [[95.2848385, 27.2513769], [95.2847529, 27.2514687]]}}, {"type": "Feature", "properties": {"osm_id": 1055021870, "name": "", "bridge": "yes", "highway": "residential"}, "geometry": {"type": "LineString", "coordinates": [[95.1331593, 27.2363192], [95.1331484, 27.2363834]]}}, {"type": "Feature", "properties": {"osm_id": 1055024171, "name": "", "bridge": "yes", "highway": "track"}, "geometry": {"type": "LineString", "coordinates": [[95.2426973, 27.2871156], [95.2426399, 27.2871362]]}}, {"type": "Feature", "properties": {"osm_id": 1055028944, "name": "", "bridge": "yes", "highway": "unclassified"}, "geometry": {"type": "LineString", "coordinates": [[95.1383367, 27.2917614], [95.1383868, 27.2919011]]}}, {"type": "Feature", "properties": {"osm_id": 1055029940, "name": "", "bridge": "yes", "highway": "secondary"}, "geometry": {"type": "LineString", "coordinates": [[95.1682374, 27.3886182], [95.1682381, 27.3884747]]}}, {"type": "Feature", "properties": {"osm_id": 1055032537, "name": "", "bridge": "yes", "highway": "track"}, "geometry": {"type": "LineString", "coordinates": [[95.2263607, 27.295695], [95.2263631, 27.2956664]]}}, {"type": "Feature", "properties": {"osm_id": 1055036894, "name": "", "bridge": "yes", "highway": "track"}, "geometry": {"type": "LineString", "coordinates": [[95.1965756, 27.360967], [95.1961346, 27.3603172]]}}, {"type": "Feature", "properties": {"osm_id": 1055036897, "name": "", "bridge": "yes", "highway": "track"}, "geometry": {"type": "LineString", "coordinates": [[95.1969017, 27.3617274], [95.196847, 27.3613749]]}}, {"type": "Feature", "properties": {"osm_id": 1055037228, "name": "", "bridge": "yes", "highway": "unclassified"}, "geometry": {"type": "LineString", "coordinates": [[95.2552924, 27.3694413], [95.2553098, 27.3693377]]}}, {"type": "Feature", "properties": {"osm_id": 1055039289, "name": "", "bridge": "yes", "highway": "unclassified"}, "geometry": {"type": "LineString", "coordinates": [[95.1715277, 27.4579588], [95.1715124, 27.4577806]]}}, {"type": "Feature", "properties": {"osm_id": 1055041098, "name": "", "bridge": "yes", "highway": "unclassified"}, "geometry": {"type": "LineString", "coordinates": [[95.2861847, 27.2474689], [95.286241, 27.2475381]]}}, {"type": "Feature", "properties": {"osm_id": 1055041101, "name": "", "bridge": "yes", "highway": "residential"}, "geometry": {"type": "LineString", "coordinates": [[95.267894, 27.2477121], [95.2679571, 27.2477413]]}}, {"type": "Feature", "properties": {"osm_id": 1055049744, "name": "", "bridge": "yes", "highway": "unclassified"}, "geometry": {"type": "LineString", "coordinates": [[95.114268, 27.4852203], [95.1143288, 27.4850423]]}}, {"type": "Feature", "properties": {"osm_id": 1055049750, "name": "", "bridge": "yes", "highway": "residential"}, "geometry": {"type": "LineString", "coordinates": [[95.1154535, 27.4855592], [95.1156637, 27.4855535]]}}, {"type": "Feature", "properties": {"osm_id": 1055049752, "name": "", "bridge": "yes", "highway": "residential"}, "geometry": {"type": "LineString", "coordinates": [[95.1176539, 27.4843058], [95.1177051, 27.4842642]]}}, {"type": "Feature", "properties": {"osm_id": 1055049754, "name": "", "bridge": "yes", "highway": "residential"}, "geometry": {"type": "LineString", "coordinates": [[95.1170008, 27.4858934], [95.1170136, 27.4858583]]}}, {"type": "Feature", "properties": {"osm_id": 1055055364, "name": "", "bridge": "yes", "highway": "residential"}, "geometry": {"type": "LineString", "coordinates": [[95.208463, 27.4573938], [95.2085699, 27.4573447]]}}, {"type": "Feature", "properties": {"osm_id": 1055059111, "name": "", "bridge": "yes", "highway": "unclassified"}, "geometry": {"type": "LineString", "coordinates": [[95.1641701, 27.3123677], [95.164159, 27.3122762]]}}, {"type": "Feature", "properties": {"osm_id": 1055060697, "name": "", "bridge": "yes", "highway": "residential"}, "geometry": {"type": "LineString", "coordinates": [[95.1389471, 27.4519034], [95.1390502, 27.4519315]]}}, {"type": "Feature", "properties": {"osm_id": 1055060726, "name": "", "bridge": "yes", "highway": "unclassified"}, "geometry": {"type": "LineString", "coordinates": [[95.2785, 27.3686958], [95.2784345, 27.3687725]]}}, {"type": "Feature", "properties": {"osm_id": 1055250350, "name": "", "bridge": "yes", "highway": "unclassified"}, "geometry": {"type": "LineString", "coordinates": [[95.2269489, 27.2770445], [95.2266873, 27.2768649]]}}, {"type": "Feature", "properties": {"osm_id": 1055250931, "name": "", "bridge": "yes", "highway": "unclassified"}, "geometry": {"type": "LineString", "coordinates": [[95.1792653, 27.2362783], [95.179357, 27.2362352]]}}, {"type": "Feature", "properties": {"osm_id": 1055251647, "name": "", "bridge": "yes", "highway": "residential"}, "geometry": {"type": "LineString", "coordinates": [[95.2657609, 27.2414546], [95.2658537, 27.2414891]]}}, {"type": "Feature", "properties": {"osm_id": 1055251673, "name": "", "bridge": "yes", "highway": "residential"}, "geometry": {"type": "LineString", "coordinates": [[95.2306225, 27.359715], [95.2306699, 27.3596673]]}}, {"type": "Feature", "properties": {"osm_id": 1055253667, "name": "", "bridge": "yes", "highway": "residential"}, "geometry": {"type": "LineString", "coordinates": [[95.266462, 27.2433903], [95.2663499, 27.2434023]]}}, {"type": "Feature", "properties": {"osm_id": 1055255813, "name": "", "bridge": "yes", "highway": "secondary"}, "geometry": {"type": "LineString", "coordinates": [[95.2563999, 27.4080672], [95.2560434, 27.4086841]]}}, {"type": "Feature", "properties": {"osm_id": 1055257270, "name": "", "bridge": "yes", "highway": "primary"}, "geometry": {"type": "LineString", "coordinates": [[95.2708411, 27.3662834], [95.2707566, 27.3662965]]}}, {"type": "Feature", "properties": {"osm_id": 1055258159, "name": "", "bridge": "yes", "highway": "unclassified"}, "geometry": {"type": "LineString", "coordinates": [[95.1815011, 27.2849689], [95.1814908, 27.2847537]]}}, {"type": "Feature", "properties": {"osm_id": 1055259448, "name": "", "bridge": "yes", "highway": "unclassified"}, "geometry": {"type": "LineString", "coordinates": [[95.10936, 27.3557765], [95.1093083, 27.3556711]]}}, {"type": "Feature", "properties": {"osm_id": 1055260033, "name": "", "bridge": "yes", "highway": "residential"}, "geometry": {"type": "LineString", "coordinates": [[95.099297, 27.2360814], [95.0993063, 27.2358524]]}}, {"type": "Feature", "properties": {"osm_id": 1055261184, "name": "", "bridge": "yes", "highway": "residential"}, "geometry": {"type": "LineString", "coordinates": [[95.2871851, 27.27962], [95.2870621, 27.2796269]]}}, {"type": "Feature", "properties": {"osm_id": 1055262015, "name": "", "bridge": "yes", "highway": "residential"}, "geometry": {"type": "LineString", "coordinates": [[95.1828442, 27.2842005], [95.1829164, 27.2842091]]}}, {"type": "Feature", "properties": {"osm_id": 1055262017, "name": "", "bridge": "yes", "highway": "unclassified"}, "geometry": {"type": "LineString", "coordinates": [[95.198208, 27.2908814], [95.1983131, 27.2907858]]}}, {"type": "Feature", "properties": {"osm_id": 1055263521, "name": "", "bridge": "yes", "highway": "unclassified"}, "geometry": {"type": "LineString", "coordinates": [[95.1893878, 27.2944365], [95.1894745, 27.2944784]]}}, {"type": "Feature", "properties": {"osm_id": 1055263709, "name": "", "bridge": "yes", "highway": "track"}, "geometry": {"type": "LineString", "coordinates": [[95.0889981, 27.2274199], [95.0890571, 27.227253]]}}, {"type": "Feature", "properties": {"osm_id": 1055268860, "name": "", "bridge": "yes", "highway": "residential"}, "geometry": {"type": "LineString", "coordinates": [[95.0845145, 27.2244673], [95.0846718, 27.2246119]]}}, {"type": "Feature", "properties": {"osm_id": 1055274994, "name": "", "bridge": "yes", "highway": "residential"}, "geometry": {"type": "LineString", "coordinates": [[95.1210337, 27.3537386], [95.1209754, 27.3538092]]}}, {"type": "Feature", "properties": {"osm_id": 1055276489, "name": "", "bridge": "yes", "highway": "residential"}, "geometry": {"type": "LineString", "coordinates": [[95.1208527, 27.2223582], [95.1208795, 27.2223636]]}}, {"type": "Feature", "properties": {"osm_id": 1055276520, "name": "", "bridge": "yes", "highway": "residential"}, "geometry": {"type": "LineString", "coordinates": [[95.2904338, 27.3789587], [95.290467, 27.3789043]]}}, {"type": "Feature", "properties": {"osm_id": 1055276696, "name": "", "bridge": "yes", "highway": "unclassified"}, "geometry": {"type": "LineString", "coordinates": [[95.0943877, 27.1770424], [95.094425, 27.1769933]]}}, {"type": "Feature", "properties": {"osm_id": 1055276733, "name": "", "bridge": "yes", "highway": "residential"}, "geometry": {"type": "LineString", "coordinates": [[95.1256558, 27.2060243], [95.1257229, 27.2059861]]}}, {"type": "Feature", "properties": {"osm_id": 1055278692, "name": "", "bridge": "yes", "highway": "unclassified"}, "geometry": {"type": "LineString", "coordinates": [[95.2210996, 27.465613], [95.2212713, 27.4655844]]}}, {"type": "Feature", "properties": {"osm_id": 1055282055, "name": "", "bridge": "yes", "highway": "unclassified"}, "geometry": {"type": "LineString", "coordinates": [[95.122843, 27.385107], [95.1228701, 27.3851795]]}}, {"type": "Feature", "properties": {"osm_id": 1055282057, "name": "", "bridge": "yes", "highway": "unclassified"}, "geometry": {"type": "LineString", "coordinates": [[95.1235222, 27.3881275], [95.123507, 27.3882043]]}}, {"type": "Feature", "properties": {"osm_id": 1055283855, "name": "", "bridge": "yes", "highway": "unclassified"}, "geometry": {"type": "LineString", "coordinates": [[95.114119, 27.3834476], [95.1141229, 27.3836914]]}}, {"type": "Feature", "properties": {"osm_id": 1055283931, "name": "", "bridge": "yes", "highway": "unclassified"}, "geometry": {"type": "LineString", "coordinates": [[95.1905507, 27.4015461], [95.1905755, 27.4016202]]}}, {"type": "Feature", "properties": {"osm_id": 1055283933, "name": "", "bridge": "yes", "highway": "unclassified"}, "geometry": {"type": "LineString", "coordinates": [[95.1841255, 27.4040338], [95.1840847, 27.404003]]}}, {"type": "Feature", "properties": {"osm_id": 1055284466, "name": "", "bridge": "yes", "highway": "unclassified"}, "geometry": {"type": "LineString", "coordinates": [[95.0676484, 27.2446751], [95.0674999, 27.2447761]]}}, {"type": "Feature", "properties": {"osm_id": 1055285321, "name": "", "bridge": "yes", "highway": "unclassified"}, "geometry": {"type": "LineString", "coordinates": [[95.2989158, 27.3737657], [95.2989117, 27.3737166]]}}, {"type": "Feature", "properties": {"osm_id": 1055285324, "name": "", "bridge": "yes", "highway": "unclassified"}, "geometry": {"type": "LineString", "coordinates": [[95.294741, 27.3733331], [95.294745, 27.3733763]]}}, {"type": "Feature", "properties": {"osm_id": 1055285325, "name": "", "bridge": "yes", "highway": "unclassified"}, "geometry": {"type": "LineString", "coordinates": [[95.2909, 27.3739384], [95.2908799, 27.3736657]]}}, {"type": "Feature", "properties": {"osm_id": 1055285327, "name": "", "bridge": "yes", "highway": "unclassified"}, "geometry": {"type": "LineString", "coordinates": [[95.2908169, 27.3738503], [95.2908128, 27.3737919]]}}, {"type": "Feature", "properties": {"osm_id": 1055285543, "name": "", "bridge": "yes", "highway": "residential"}, "geometry": {"type": "LineString", "coordinates": [[95.2641959, 27.4155537], [95.2641973, 27.4156513]]}}, {"type": "Feature", "properties": {"osm_id": 1055285766, "name": "", "bridge": "yes", "highway": "unclassified"}, "geometry": {"type": "LineString", "coordinates": [[95.0801006, 27.2594033], [95.0802004, 27.2593363]]}}, {"type": "Feature", "properties": {"osm_id": 1055287224, "name": "", "bridge": "yes", "highway": "residential"}, "geometry": {"type": "LineString", "coordinates": [[95.0818768, 27.2621212], [95.0819648, 27.2620907]]}}, {"type": "Feature", "properties": {"osm_id": 1055287227, "name": "", "bridge": "yes", "highway": "residential"}, "geometry": {"type": "LineString", "coordinates": [[95.0829971, 27.2626203], [95.0830146, 27.2627115]]}}, {"type": "Feature", "properties": {"osm_id": 1055287466, "name": "", "bridge": "yes", "highway": "residential"}, "geometry": {"type": "LineString", "coordinates": [[95.1816465, 27.4067518], [95.181763, 27.4067232]]}}, {"type": "Feature", "properties": {"osm_id": 1055288667, "name": "", "bridge": "yes", "highway": "unclassified"}, "geometry": {"type": "LineString", "coordinates": [[95.0982196, 27.1725893], [95.0981398, 27.1724812]]}}, {"type": "Feature", "properties": {"osm_id": 1055291169, "name": "", "bridge": "yes", "highway": "unclassified"}, "geometry": {"type": "LineString", "coordinates": [[95.1080056, 27.1720897], [95.1079679, 27.1720526]]}}, {"type": "Feature", "properties": {"osm_id": 1055294562, "name": "", "bridge": "yes", "highway": "track"}, "geometry": {"type": "LineString", "coordinates": [[95.0688989, 27.2994353], [95.0689975, 27.2994705]]}}, {"type": "Feature", "properties": {"osm_id": 1055294564, "name": "", "bridge": "yes", "highway": "track"}, "geometry": {"type": "LineString", "coordinates": [[95.0693958, 27.2996546], [95.0694957, 27.2996576]]}}, {"type": "Feature", "properties": {"osm_id": 1055302539, "name": "", "bridge": "yes", "highway": "residential"}, "geometry": {"type": "LineString", "coordinates": [[95.2337093, 27.3548038], [95.233773, 27.3547091]]}}, {"type": "Feature", "properties": {"osm_id": 1055303622, "name": "", "bridge": "yes", "highway": "unclassified"}, "geometry": {"type": "LineString", "coordinates": [[94.978882, 27.3448847], [94.9789728, 27.3445548]]}}, {"type": "Feature", "properties": {"osm_id": 1055308964, "name": "", "bridge": "yes", "highway": "residential"}, "geometry": {"type": "LineString", "coordinates": [[95.0117075, 27.3465471], [95.011391, 27.3462374]]}}, {"type": "Feature", "properties": {"osm_id": 1055314628, "name": "", "bridge": "yes", "highway": "unclassified"}, "geometry": {"type": "LineString", "coordinates": [[95.0938051, 27.3431473], [95.0937183, 27.3430782]]}}, {"type": "Feature", "properties": {"osm_id": 1055316211, "name": "", "bridge": "yes", "highway": "unclassified"}, "geometry": {"type": "LineString", "coordinates": [[95.2935903, 27.3620533], [95.2935858, 27.3619876]]}}, {"type": "Feature", "properties": {"osm_id": 1055317219, "name": "", "bridge": "yes", "highway": "track"}, "geometry": {"type": "LineString", "coordinates": [[95.0948469, 27.1731506], [95.0947804, 27.1730684]]}}, {"type": "Feature", "properties": {"osm_id": 1055318155, "name": "", "bridge": "yes", "highway": "track"}, "geometry": {"type": "LineString", "coordinates": [[95.2006009, 27.3029709], [95.2005646, 27.3029689]]}}, {"type": "Feature", "properties": {"osm_id": 1055320312, "name": "", "bridge": "yes", "highway": "unclassified"}, "geometry": {"type": "LineString", "coordinates": [[95.1571599, 27.4131031], [95.1571358, 27.4130195]]}}, {"type": "Feature", "properties": {"osm_id": 1055321504, "name": "", "bridge": "yes", "highway": "residential"}, "geometry": {"type": "LineString", "coordinates": [[95.0735526, 27.2153702], [95.0735512, 27.2154226]]}}, {"type": "Feature", "properties": {"osm_id": 1055322646, "name": "", "bridge": "yes", "highway": "residential"}, "geometry": {"type": "LineString", "coordinates": [[95.1607291, 27.2114644], [95.1606947, 27.2115756]]}}, {"type": "Feature", "properties": {"osm_id": 1055326839, "name": "", "bridge": "yes", "highway": "residential"}, "geometry": {"type": "LineString", "coordinates": [[95.2157164, 27.1716563], [95.2156708, 27.1712005]]}}, {"type": "Feature", "properties": {"osm_id": 1055326902, "name": "", "bridge": "yes", "highway": "unclassified"}, "geometry": {"type": "LineString", "coordinates": [[95.0836317, 27.2220565], [95.0836793, 27.2219676]]}}, {"type": "Feature", "properties": {"osm_id": 1055326907, "name": "", "bridge": "yes", "highway": "track"}, "geometry": {"type": "LineString", "coordinates": [[95.0661698, 27.2143898], [95.0662556, 27.2143874]]}}, {"type": "Feature", "properties": {"osm_id": 1055326909, "name": "", "bridge": "yes", "highway": "track"}, "geometry": {"type": "LineString", "coordinates": [[95.070169, 27.2142467], [95.0702494, 27.2142443]]}}, {"type": "Feature", "properties": {"osm_id": 1055326911, "name": "", "bridge": "yes", "highway": "track"}, "geometry": {"type": "LineString", "coordinates": [[95.071781, 27.214806], [95.0717904, 27.2148549]]}}, {"type": "Feature", "properties": {"osm_id": 1055335731, "name": "", "bridge": "yes", "highway": "residential"}, "geometry": {"type": "LineString", "coordinates": [[95.1135028, 27.2912984], [95.1135133, 27.2914331]]}}, {"type": "Feature", "properties": {"osm_id": 1055343902, "name": "", "bridge": "yes", "highway": "residential"}, "geometry": {"type": "LineString", "coordinates": [[95.2066974, 27.2949171], [95.2067212, 27.2949087]]}}, {"type": "Feature", "properties": {"osm_id": 1055354343, "name": "", "bridge": "yes", "highway": "tertiary"}, "geometry": {"type": "LineString", "coordinates": [[95.0625825, 27.3607086], [95.062949, 27.3605734]]}}, {"type": "Feature", "properties": {"osm_id": 1055357958, "name": "", "bridge": "yes", "highway": "residential"}, "geometry": {"type": "LineString", "coordinates": [[95.0614629, 27.3453278], [95.0615113, 27.3451525]]}}, {"type": "Feature", "properties": {"osm_id": 1055367078, "name": "", "bridge": "yes", "highway": "primary"}, "geometry": {"type": "LineString", "coordinates": [[95.0167422, 27.2956991], [95.0167198, 27.2957831]]}}, {"type": "Feature", "properties": {"osm_id": 1055371716, "name": "", "bridge": "yes", "highway": "unclassified"}, "geometry": {"type": "LineString", "coordinates": [[95.058664, 27.3367182], [95.0584815, 27.3365669]]}}, {"type": "Feature", "properties": {"osm_id": 1055379520, "name": "", "bridge": "yes", "highway": "unclassified"}, "geometry": {"type": "LineString", "coordinates": [[95.0498055, 27.3408698], [95.0498211, 27.3411543]]}}, {"type": "Feature", "properties": {"osm_id": 1055577008, "name": "", "bridge": "yes", "highway": "residential"}, "geometry": {"type": "LineString", "coordinates": [[95.0792425, 27.280766], [95.0792449, 27.280714]]}}, {"type": "Feature", "properties": {"osm_id": 1055580659, "name": "", "bridge": "yes", "highway": "unclassified"}, "geometry": {"type": "LineString", "coordinates": [[95.0459796, 27.2171572], [95.0462195, 27.2171162]]}}, {"type": "Feature", "properties": {"osm_id": 1055581287, "name": "", "bridge": "yes", "highway": "unclassified"}, "geometry": {"type": "LineString", "coordinates": [[94.9670042, 27.3253107], [94.9669389, 27.3252182]]}}, {"type": "Feature", "properties": {"osm_id": 1055582651, "name": "", "bridge": "yes", "highway": "residential"}, "geometry": {"type": "LineString", "coordinates": [[94.9751809, 27.2830042], [94.975248, 27.2830668]]}}, {"type": "Feature", "properties": {"osm_id": 1055584370, "name": "", "bridge": "yes", "highway": "unclassified"}, "geometry": {"type": "LineString", "coordinates": [[95.1297563, 27.1855808], [95.1298061, 27.1855882]]}}, {"type": "Feature", "properties": {"osm_id": 1055585119, "name": "", "bridge": "yes", "highway": "unclassified"}, "geometry": {"type": "LineString", "coordinates": [[94.9368582, 27.2930707], [94.9370805, 27.2930359]]}}, {"type": "Feature", "properties": {"osm_id": 1055587383, "name": "", "bridge": "yes", "highway": "tertiary"}, "geometry": {"type": "LineString", "coordinates": [[95.1769343, 27.1937897], [95.1769718, 27.1936764]]}}, {"type": "Feature", "properties": {"osm_id": 1055592080, "name": "", "bridge": "yes", "highway": "residential"}, "geometry": {"type": "LineString", "coordinates": [[95.0798173, 27.1983437], [95.0797951, 27.1983427]]}}, {"type": "Feature", "properties": {"osm_id": 1055592318, "name": "", "bridge": "yes", "highway": "unclassified"}, "geometry": {"type": "LineString", "coordinates": [[94.9571967, 27.3827843], [94.9575544, 27.3829971]]}}, {"type": "Feature", "properties": {"osm_id": 1055593877, "name": "", "bridge": "yes", "highway": "unclassified"}, "geometry": {"type": "LineString", "coordinates": [[95.0757392, 27.4055639], [95.0757552, 27.4056431]]}}, {"type": "Feature", "properties": {"osm_id": 1055595373, "name": "", "bridge": "yes", "highway": "unclassified"}, "geometry": {"type": "LineString", "coordinates": [[95.1396794, 27.3831989], [95.139672, 27.3831444]]}}, {"type": "Feature", "properties": {"osm_id": 1055595676, "name": "", "bridge": "yes", "highway": "unclassified"}, "geometry": {"type": "LineString", "coordinates": [[95.0002822, 27.2181069], [95.0003076, 27.2181559]]}}, {"type": "Feature", "properties": {"osm_id": 1055596765, "name": "", "bridge": "yes", "highway": "residential"}, "geometry": {"type": "LineString", "coordinates": [[95.0763363, 27.367054], [95.0763455, 27.3671456]]}}, {"type": "Feature", "properties": {"osm_id": 1055597651, "name": "", "bridge": "yes", "highway": "service"}, "geometry": {"type": "LineString", "coordinates": [[95.0209099, 27.2715466], [95.0210191, 27.2714441]]}}, {"type": "Feature", "properties": {"osm_id": 1055600671, "name": "", "bridge": "yes", "highway": "unclassified"}, "geometry": {"type": "LineString", "coordinates": [[95.1010553, 27.5061214], [95.1011582, 27.5061761]]}}, {"type": "Feature", "properties": {"osm_id": 1055600674, "name": "", "bridge": "yes", "highway": "unclassified"}, "geometry": {"type": "LineString", "coordinates": [[95.1013765, 27.5062874], [95.1014925, 27.5063498]]}}, {"type": "Feature", "properties": {"osm_id": 1055601936, "name": "", "bridge": "yes", "highway": "residential"}, "geometry": {"type": "LineString", "coordinates": [[94.9921584, 27.3824602], [94.9920899, 27.3823443]]}}, {"type": "Feature", "properties": {"osm_id": 1055603367, "name": "", "bridge": "yes", "highway": "unclassified"}, "geometry": {"type": "LineString", "coordinates": [[95.0600386, 27.4571664], [95.0600588, 27.4571243]]}}, {"type": "Feature", "properties": {"osm_id": 1055603759, "name": "", "bridge": "yes", "highway": "residential"}, "geometry": {"type": "LineString", "coordinates": [[94.9903745, 27.3200538], [94.9903714, 27.3200844]]}}, {"type": "Feature", "properties": {"osm_id": 1055604370, "name": "", "bridge": "yes", "highway": "unclassified"}, "geometry": {"type": "LineString", "coordinates": [[95.093192, 27.2675518], [95.0932091, 27.2674881]]}}, {"type": "Feature", "properties": {"osm_id": 1055604387, "name": "", "bridge": "yes", "highway": "unclassified"}, "geometry": {"type": "LineString", "coordinates": [[95.0625267, 27.2261463], [95.0626065, 27.225931]]}}, {"type": "Feature", "properties": {"osm_id": 1055606520, "name": "", "bridge": "yes", "highway": "unclassified"}, "geometry": {"type": "LineString", "coordinates": [[94.9311074, 27.2670553], [94.9310646, 27.2670738]]}}, {"type": "Feature", "properties": {"osm_id": 1055607593, "name": "", "bridge": "yes", "highway": "residential"}, "geometry": {"type": "LineString", "coordinates": [[95.0918962, 27.2671251], [95.0919016, 27.2671775]]}}, {"type": "Feature", "properties": {"osm_id": 1055611730, "name": "", "bridge": "yes", "highway": "track"}, "geometry": {"type": "LineString", "coordinates": [[95.1291214, 27.4437463], [95.1291801, 27.4437512]]}}, {"type": "Feature", "properties": {"osm_id": 1055612279, "name": "", "bridge": "yes", "highway": "unclassified"}, "geometry": {"type": "LineString", "coordinates": [[95.1175716, 27.1627224], [95.1175868, 27.1626179]]}}, {"type": "Feature", "properties": {"osm_id": 1055614520, "name": "", "bridge": "yes", "highway": "tertiary"}, "geometry": {"type": "LineString", "coordinates": [[95.0566845, 27.404302], [95.0569376, 27.4041297]]}}, {"type": "Feature", "properties": {"osm_id": 1055615124, "name": "", "bridge": "yes", "highway": "unclassified"}, "geometry": {"type": "LineString", "coordinates": [[95.0909795, 27.4790074], [95.0910672, 27.4791258]]}}, {"type": "Feature", "properties": {"osm_id": 1055616623, "name": "", "bridge": "yes", "highway": "unclassified"}, "geometry": {"type": "LineString", "coordinates": [[95.0204, 27.2236713], [95.0203843, 27.2237529]]}}, {"type": "Feature", "properties": {"osm_id": 1055616625, "name": "", "bridge": "yes", "highway": "residential"}, "geometry": {"type": "LineString", "coordinates": [[95.0288711, 27.2255649], [95.0288918, 27.2254779]]}}, {"type": "Feature", "properties": {"osm_id": 1055617744, "name": "", "bridge": "yes", "highway": "unclassified"}, "geometry": {"type": "LineString", "coordinates": [[95.0449172, 27.4100699], [95.0449673, 27.4101456]]}}, {"type": "Feature", "properties": {"osm_id": 1055617759, "name": "", "bridge": "yes", "highway": "residential"}, "geometry": {"type": "LineString", "coordinates": [[95.2383274, 27.1801532], [95.2377541, 27.1807849]]}}, {"type": "Feature", "properties": {"osm_id": 1055617933, "name": "", "bridge": "yes", "highway": "unclassified"}, "geometry": {"type": "LineString", "coordinates": [[95.1320646, 27.2023612], [95.1320511, 27.2024586]]}}, {"type": "Feature", "properties": {"osm_id": 1055617935, "name": "", "bridge": "yes", "highway": "unclassified"}, "geometry": {"type": "LineString", "coordinates": [[95.1339641, 27.2014756], [95.1339318, 27.2016166]]}}, {"type": "Feature", "properties": {"osm_id": 1055621856, "name": "", "bridge": "yes", "highway": "residential"}, "geometry": {"type": "LineString", "coordinates": [[95.1071917, 27.3822248], [95.1071682, 27.3821088]]}}, {"type": "Feature", "properties": {"osm_id": 1055624433, "name": "", "bridge": "yes", "highway": "residential"}, "geometry": {"type": "LineString", "coordinates": [[95.0538296, 27.191538], [95.0538624, 27.1914284]]}}, {"type": "Feature", "properties": {"osm_id": 1055624448, "name": "", "bridge": "yes", "highway": "track"}, "geometry": {"type": "LineString", "coordinates": [[94.9208877, 27.3116523], [94.9209293, 27.3117522]]}}, {"type": "Feature", "properties": {"osm_id": 1055625668, "name": "", "bridge": "yes", "highway": "residential"}, "geometry": {"type": "LineString", "coordinates": [[95.1429372, 27.1946976], [95.1429544, 27.1946556]]}}, {"type": "Feature", "properties": {"osm_id": 1055627163, "name": "", "bridge": "yes", "highway": "track"}, "geometry": {"type": "LineString", "coordinates": [[95.1405425, 27.2020999], [95.1406021, 27.2020116]]}}, {"type": "Feature", "properties": {"osm_id": 1055628576, "name": "", "bridge": "yes", "highway": "residential"}, "geometry": {"type": "LineString", "coordinates": [[95.0193982, 27.3301809], [95.0194172, 27.3305405]]}}, {"type": "Feature", "properties": {"osm_id": 1055629498, "name": "", "bridge": "yes", "highway": "track"}, "geometry": {"type": "LineString", "coordinates": [[95.0471368, 27.1849983], [95.0471982, 27.1850206]]}}, {"type": "Feature", "properties": {"osm_id": 1055637553, "name": "", "bridge": "yes", "highway": "unclassified"}, "geometry": {"type": "LineString", "coordinates": [[94.9945099, 27.3914467], [94.9946212, 27.391355]]}}, {"type": "Feature", "properties": {"osm_id": 1055642310, "name": "", "bridge": "yes", "highway": "residential"}, "geometry": {"type": "LineString", "coordinates": [[94.8585649, 27.3238804], [94.8585348, 27.3238391]]}}, {"type": "Feature", "properties": {"osm_id": 1055645333, "name": "", "bridge": "yes", "highway": "unclassified"}, "geometry": {"type": "LineString", "coordinates": [[95.0957678, 27.4529503], [95.0956914, 27.4529738]]}}, {"type": "Feature", "properties": {"osm_id": 1055647413, "name": "", "bridge": "yes", "highway": "unclassified"}, "geometry": {"type": "LineString", "coordinates": [[94.9972937, 27.1992013], [94.9972838, 27.199052]]}}, {"type": "Feature", "properties": {"osm_id": 1055651363, "name": "", "bridge": "yes", "highway": "unclassified"}, "geometry": {"type": "LineString", "coordinates": [[94.9475557, 27.2618043], [94.9474715, 27.2618719]]}}, {"type": "Feature", "properties": {"osm_id": 1055660331, "name": "", "bridge": "yes", "highway": "unclassified"}, "geometry": {"type": "LineString", "coordinates": [[94.931653, 27.2441682], [94.9315386, 27.2441524]]}}, {"type": "Feature", "properties": {"osm_id": 1055660650, "name": "", "bridge": "yes", "highway": "residential"}, "geometry": {"type": "LineString", "coordinates": [[95.1177993, 27.4204887], [95.1176937, 27.4204598]]}}, {"type": "Feature", "properties": {"osm_id": 1055662044, "name": "", "bridge": "yes", "highway": "tertiary"}, "geometry": {"type": "LineString", "coordinates": [[95.0916403, 27.3827251], [95.0918045, 27.3825435]]}}, {"type": "Feature", "properties": {"osm_id": 1055662047, "name": "", "bridge": "yes", "highway": "unclassified"}, "geometry": {"type": "LineString", "coordinates": [[95.0916765, 27.3827638], [95.0918249, 27.3826068]]}}, {"type": "Feature", "properties": {"osm_id": 1055664401, "name": "", "bridge": "yes", "highway": "residential"}, "geometry": {"type": "LineString", "coordinates": [[95.1014166, 27.3815726], [95.1014366, 27.3815599]]}}, {"type": "Feature", "properties": {"osm_id": 1055669613, "name": "", "bridge": "yes", "highway": "unclassified"}, "geometry": {"type": "LineString", "coordinates": [[94.9805027, 27.1660593], [94.9799153, 27.1662764], [94.9798027, 27.1663039], [94.9797624, 27.1663074], [94.9795666, 27.1662967], [94.9795076, 27.1663051]]}}, {"type": "Feature", "properties": {"osm_id": 1055670016, "name": "", "bridge": "yes", "highway": "unclassified"}, "geometry": {"type": "LineString", "coordinates": [[94.9279236, 27.2844164], [94.9281205, 27.2842794]]}}, {"type": "Feature", "properties": {"osm_id": 1055676101, "name": "", "bridge": "yes", "highway": "residential"}, "geometry": {"type": "LineString", "coordinates": [[94.9750706, 27.1664286], [94.9750357, 27.1664739]]}}, {"type": "Feature", "properties": {"osm_id": 1055676103, "name": "", "bridge": "yes", "highway": "residential"}, "geometry": {"type": "LineString", "coordinates": [[94.9745992, 27.1670746], [94.974563, 27.1671283]]}}, {"type": "Feature", "properties": {"osm_id": 1055686166, "name": "", "bridge": "yes", "highway": "unclassified"}, "geometry": {"type": "LineString", "coordinates": [[95.0702473, 27.1732731], [95.0702387, 27.1731715]]}}, {"type": "Feature", "properties": {"osm_id": 1055686168, "name": "", "bridge": "yes", "highway": "unclassified"}, "geometry": {"type": "LineString", "coordinates": [[95.0819814, 27.1727277], [95.0819465, 27.1726227]]}}, {"type": "Feature", "properties": {"osm_id": 1055703871, "name": "", "bridge": "yes", "highway": "unclassified"}, "geometry": {"type": "LineString", "coordinates": [[94.9547586, 27.5085414], [94.9548271, 27.5086132]]}}, {"type": "Feature", "properties": {"osm_id": 1055769657, "name": "", "bridge": "yes", "highway": "secondary"}, "geometry": {"type": "LineString", "coordinates": [[94.9056021, 27.6089201], [94.9055907, 27.6095537]]}}, {"type": "Feature", "properties": {"osm_id": 1055771071, "name": "", "bridge": "yes", "highway": "unclassified"}, "geometry": {"type": "LineString", "coordinates": [[94.8950797, 27.6126705], [94.8949, 27.6124589]]}}, {"type": "Feature", "properties": {"osm_id": 1055857018, "name": "", "bridge": "yes", "highway": "unclassified"}, "geometry": {"type": "LineString", "coordinates": [[95.0388178, 27.3989361], [95.0387262, 27.3986922]]}}, {"type": "Feature", "properties": {"osm_id": 1055857432, "name": "", "bridge": "yes", "highway": "unclassified"}, "geometry": {"type": "LineString", "coordinates": [[95.0304879, 27.4032438], [95.0303905, 27.4031384]]}}, {"type": "Feature", "properties": {"osm_id": 1055864737, "name": "", "bridge": "yes", "highway": "unclassified"}, "geometry": {"type": "LineString", "coordinates": [[95.0787877, 27.3461618], [95.0787332, 27.3461242]]}}, {"type": "Feature", "properties": {"osm_id": 1055864741, "name": "", "bridge": "yes", "highway": "residential"}, "geometry": {"type": "LineString", "coordinates": [[95.0682174, 27.3486155], [95.0682328, 27.3485313]]}}, {"type": "Feature", "properties": {"osm_id": 1055865254, "name": "", "bridge": "yes", "highway": "unclassified"}, "geometry": {"type": "LineString", "coordinates": [[94.9477972, 27.2189504], [94.9477965, 27.2190506]]}}, {"type": "Feature", "properties": {"osm_id": 1055865717, "name": "", "bridge": "yes", "highway": "unclassified"}, "geometry": {"type": "LineString", "coordinates": [[95.0789634, 27.3519725], [95.0790067, 27.3519096]]}}, {"type": "Feature", "properties": {"osm_id": 1055865993, "name": "", "bridge": "yes", "highway": "tertiary"}, "geometry": {"type": "LineString", "coordinates": [[95.0471365, 27.4339629], [95.0471407, 27.4337582]]}}, {"type": "Feature", "properties": {"osm_id": 1055866233, "name": "", "bridge": "yes", "highway": "residential"}, "geometry": {"type": "LineString", "coordinates": [[95.0455678, 27.385186], [95.0455752, 27.3852656]]}}, {"type": "Feature", "properties": {"osm_id": 1055866235, "name": "", "bridge": "yes", "highway": "unclassified"}, "geometry": {"type": "LineString", "coordinates": [[95.0470461, 27.3958275], [95.0468401, 27.3954573]]}}, {"type": "Feature", "properties": {"osm_id": 1055866237, "name": "", "bridge": "yes", "highway": "unclassified"}, "geometry": {"type": "LineString", "coordinates": [[95.0505565, 27.402171], [95.0504817, 27.4019438]]}}, {"type": "Feature", "properties": {"osm_id": 1055866239, "name": "", "bridge": "yes", "highway": "tertiary"}, "geometry": {"type": "LineString", "coordinates": [[95.06241, 27.3958744], [95.0625317, 27.3956772]]}}, {"type": "Feature", "properties": {"osm_id": 1055866872, "name": "", "bridge": "yes", "highway": "unclassified"}, "geometry": {"type": "LineString", "coordinates": [[95.1039621, 27.296105], [95.1038347, 27.2961932]]}}, {"type": "Feature", "properties": {"osm_id": 1055868474, "name": "", "bridge": "yes", "highway": "unclassified"}, "geometry": {"type": "LineString", "coordinates": [[95.0870495, 27.2921339], [95.0870401, 27.2922042]]}}, {"type": "Feature", "properties": {"osm_id": 1055869643, "name": "", "bridge": "yes", "highway": "unclassified"}, "geometry": {"type": "LineString", "coordinates": [[94.8791518, 27.3123367], [94.8792412, 27.3125003]]}}, {"type": "Feature", "properties": {"osm_id": 1055871139, "name": "", "bridge": "yes", "highway": "unclassified"}, "geometry": {"type": "LineString", "coordinates": [[95.0812975, 27.1405477], [95.0813793, 27.1405429]]}}, {"type": "Feature", "properties": {"osm_id": 1055872074, "name": "", "bridge": "yes", "highway": "unclassified"}, "geometry": {"type": "LineString", "coordinates": [[95.0205338, 27.1882739], [95.0204831, 27.1882226]]}}, {"type": "Feature", "properties": {"osm_id": 1055872119, "name": "", "bridge": "yes", "highway": "residential"}, "geometry": {"type": "LineString", "coordinates": [[94.8457841, 27.1741835], [94.8457829, 27.1741437]]}}, {"type": "Feature", "properties": {"osm_id": 1055872991, "name": "", "bridge": "yes", "highway": "unclassified"}, "geometry": {"type": "LineString", "coordinates": [[95.0277435, 27.4301466], [95.0278156, 27.43022]]}}, {"type": "Feature", "properties": {"osm_id": 1055873029, "name": "", "bridge": "yes", "highway": "residential"}, "geometry": {"type": "LineString", "coordinates": [[95.0809568, 27.1389652], [95.0810748, 27.1389748]]}}, {"type": "Feature", "properties": {"osm_id": 1055874098, "name": "", "bridge": "yes", "highway": "tertiary"}, "geometry": {"type": "LineString", "coordinates": [[94.964559, 27.5044874], [94.9647065, 27.5045471]]}}, {"type": "Feature", "properties": {"osm_id": 1055874839, "name": "", "bridge": "yes", "highway": "residential"}, "geometry": {"type": "LineString", "coordinates": [[94.8742978, 27.2134621], [94.8742674, 27.2134885]]}}, {"type": "Feature", "properties": {"osm_id": 1055874841, "name": "", "bridge": "yes", "highway": "residential"}, "geometry": {"type": "LineString", "coordinates": [[94.877651, 27.2117225], [94.8775568, 27.2117118]]}}, {"type": "Feature", "properties": {"osm_id": 1055874881, "name": "", "bridge": "yes", "highway": "unclassified"}, "geometry": {"type": "LineString", "coordinates": [[94.8016444, 27.2199103], [94.8015553, 27.2202367]]}}, {"type": "Feature", "properties": {"osm_id": 1055875757, "name": "", "bridge": "yes", "highway": "unclassified"}, "geometry": {"type": "LineString", "coordinates": [[95.1397079, 27.1671831], [95.1398076, 27.1671937]]}}, {"type": "Feature", "properties": {"osm_id": 1055876503, "name": "", "bridge": "yes", "highway": "residential"}, "geometry": {"type": "LineString", "coordinates": [[94.968176, 27.5098148], [94.96818, 27.5097464]]}}, {"type": "Feature", "properties": {"osm_id": 1055876877, "name": "", "bridge": "yes", "highway": "residential"}, "geometry": {"type": "LineString", "coordinates": [[94.8150116, 27.2033595], [94.814738, 27.2033094]]}}, {"type": "Feature", "properties": {"osm_id": 1055877200, "name": "", "bridge": "yes", "highway": "residential"}, "geometry": {"type": "LineString", "coordinates": [[94.8169099, 27.2079144], [94.8168964, 27.2075423]]}}, {"type": "Feature", "properties": {"osm_id": 1055877242, "name": "", "bridge": "yes", "highway": "residential"}, "geometry": {"type": "LineString", "coordinates": [[94.9930139, 27.1768092], [94.9929884, 27.1767543]]}}, {"type": "Feature", "properties": {"osm_id": 1055878380, "name": "", "bridge": "yes", "highway": "unclassified"}, "geometry": {"type": "LineString", "coordinates": [[95.0146084, 27.3970651], [95.014666, 27.3968651]]}}, {"type": "Feature", "properties": {"osm_id": 1055878544, "name": "", "bridge": "yes", "highway": "unclassified"}, "geometry": {"type": "LineString", "coordinates": [[95.082591, 27.3889445], [95.0825897, 27.3888363]]}}, {"type": "Feature", "properties": {"osm_id": 1055880324, "name": "", "bridge": "yes", "highway": "residential"}, "geometry": {"type": "LineString", "coordinates": [[95.1955098, 27.2368153], [95.195586, 27.2368236]]}}, {"type": "Feature", "properties": {"osm_id": 1055881602, "name": "", "bridge": "yes", "highway": "residential"}, "geometry": {"type": "LineString", "coordinates": [[94.8640107, 27.2346365], [94.864231, 27.2345088]]}}, {"type": "Feature", "properties": {"osm_id": 1055881872, "name": "", "bridge": "yes", "highway": "unclassified"}, "geometry": {"type": "LineString", "coordinates": [[94.9489123, 27.235094], [94.948965, 27.2351403]]}}, {"type": "Feature", "properties": {"osm_id": 1055882742, "name": "", "bridge": "yes", "highway": "residential"}, "geometry": {"type": "LineString", "coordinates": [[94.8644274, 27.3531701], [94.8645072, 27.3531672]]}}, {"type": "Feature", "properties": {"osm_id": 1055882760, "name": "", "bridge": "yes", "highway": "residential"}, "geometry": {"type": "LineString", "coordinates": [[95.1494265, 27.1744452], [95.1494592, 27.1743987]]}}, {"type": "Feature", "properties": {"osm_id": 1055882920, "name": "", "bridge": "yes", "highway": "unclassified"}, "geometry": {"type": "LineString", "coordinates": [[94.7886988, 27.218497], [94.7887659, 27.2185187]]}}, {"type": "Feature", "properties": {"osm_id": 1055883230, "name": "", "bridge": "yes", "highway": "unclassified"}, "geometry": {"type": "LineString", "coordinates": [[94.9503883, 27.2348384], [94.9504346, 27.2347787]]}}, {"type": "Feature", "properties": {"osm_id": 1055883233, "name": "", "bridge": "yes", "highway": "residential"}, "geometry": {"type": "LineString", "coordinates": [[94.9280804, 27.2335527], [94.9282382, 27.2333206]]}}, {"type": "Feature", "properties": {"osm_id": 1055883236, "name": "", "bridge": "yes", "highway": "service"}, "geometry": {"type": "LineString", "coordinates": [[94.9313765, 27.2346651], [94.931428, 27.234854]]}}, {"type": "Feature", "properties": {"osm_id": 1055883342, "name": "", "bridge": "yes", "highway": "track"}, "geometry": {"type": "LineString", "coordinates": [[94.8126139, 27.2885429], [94.8125771, 27.2884689]]}}, {"type": "Feature", "properties": {"osm_id": 1055883349, "name": "", "bridge": "yes", "highway": "residential"}, "geometry": {"type": "LineString", "coordinates": [[94.7946053, 27.2947937], [94.7946484, 27.2948781]]}}, {"type": "Feature", "properties": {"osm_id": 1055884999, "name": "", "bridge": "yes", "highway": "residential"}, "geometry": {"type": "LineString", "coordinates": [[94.7721847, 27.2168106], [94.7721057, 27.2167459]]}}, {"type": "Feature", "properties": {"osm_id": 1055885450, "name": "", "bridge": "yes", "highway": "primary"}, "geometry": {"type": "LineString", "coordinates": [[95.0492507, 27.1716841], [95.049301, 27.1717301]]}}, {"type": "Feature", "properties": {"osm_id": 1055885452, "name": "", "bridge": "yes", "highway": "primary"}, "geometry": {"type": "LineString", "coordinates": [[95.048522, 27.1710047], [95.0486188, 27.1711079]]}}, {"type": "Feature", "properties": {"osm_id": 1055886002, "name": "", "bridge": "yes", "highway": "residential"}, "geometry": {"type": "LineString", "coordinates": [[94.9376947, 27.2360521], [94.9378435, 27.2360998]]}}, {"type": "Feature", "properties": {"osm_id": 1055886007, "name": "", "bridge": "yes", "highway": "unclassified"}, "geometry": {"type": "LineString", "coordinates": [[94.9429193, 27.2379966], [94.9429478, 27.2379635]]}}, {"type": "Feature", "properties": {"osm_id": 1055887631, "name": "", "bridge": "yes", "highway": "track"}, "geometry": {"type": "LineString", "coordinates": [[94.7938777, 27.2177529], [94.7937577, 27.2179399]]}}, {"type": "Feature", "properties": {"osm_id": 1055888963, "name": "", "bridge": "yes", "highway": "unclassified"}, "geometry": {"type": "LineString", "coordinates": [[95.0143631, 27.5085631], [95.0144302, 27.5086761]]}}, {"type": "Feature", "properties": {"osm_id": 1055888965, "name": "", "bridge": "yes", "highway": "unclassified"}, "geometry": {"type": "LineString", "coordinates": [[95.0141948, 27.508305], [95.0142587, 27.5084031]]}}, {"type": "Feature", "properties": {"osm_id": 1055888967, "name": "", "bridge": "yes", "highway": "unclassified"}, "geometry": {"type": "LineString", "coordinates": [[95.0138188, 27.507679], [95.01386, 27.5077577]]}}, {"type": "Feature", "properties": {"osm_id": 1055889260, "name": "", "bridge": "yes", "highway": "unclassified"}, "geometry": {"type": "LineString", "coordinates": [[94.7695481, 27.3281606], [94.7696905, 27.3281435]]}}, {"type": "Feature", "properties": {"osm_id": 1055890311, "name": "", "bridge": "yes", "highway": "residential"}, "geometry": {"type": "LineString", "coordinates": [[95.0866346, 27.1351747], [95.0866313, 27.1352139]]}}, {"type": "Feature", "properties": {"osm_id": 1055890314, "name": "", "bridge": "yes", "highway": "residential"}, "geometry": {"type": "LineString", "coordinates": [[95.0865709, 27.135641], [95.0865658, 27.1356796]]}}, {"type": "Feature", "properties": {"osm_id": 1055891019, "name": "", "bridge": "yes", "highway": "unclassified"}, "geometry": {"type": "LineString", "coordinates": [[94.9081673, 27.2204454], [94.9082405, 27.2203979]]}}, {"type": "Feature", "properties": {"osm_id": 1055892050, "name": "", "bridge": "yes", "highway": "residential"}, "geometry": {"type": "LineString", "coordinates": [[95.0939328, 27.136328], [95.0940153, 27.1363188]]}}, {"type": "Feature", "properties": {"osm_id": 1055895376, "name": "", "bridge": "yes", "highway": "unclassified"}, "geometry": {"type": "LineString", "coordinates": [[94.91839, 27.2083104], [94.9183573, 27.2083929]]}}, {"type": "Feature", "properties": {"osm_id": 1055895943, "name": "", "bridge": "yes", "highway": "residential"}, "geometry": {"type": "LineString", "coordinates": [[94.9829838, 27.1629498], [94.9829672, 27.1630015]]}}, {"type": "Feature", "properties": {"osm_id": 1055897279, "name": "", "bridge": "yes", "highway": "unclassified"}, "geometry": {"type": "LineString", "coordinates": [[95.0907499, 27.1413595], [95.0908386, 27.1413641]]}}, {"type": "Feature", "properties": {"osm_id": 1055897281, "name": "", "bridge": "yes", "highway": "unclassified"}, "geometry": {"type": "LineString", "coordinates": [[95.0901669, 27.1410702], [95.0901973, 27.1410947]]}}, {"type": "Feature", "properties": {"osm_id": 1055897536, "name": "", "bridge": "yes", "highway": "unclassified"}, "geometry": {"type": "LineString", "coordinates": [[95.030247, 27.1748599], [95.030165, 27.1748263]]}}, {"type": "Feature", "properties": {"osm_id": 1055898245, "name": "", "bridge": "yes", "highway": "unclassified"}, "geometry": {"type": "LineString", "coordinates": [[94.962542, 27.2581787], [94.9622107, 27.2582825]]}}, {"type": "Feature", "properties": {"osm_id": 1055898853, "name": "", "bridge": "yes", "highway": "residential"}, "geometry": {"type": "LineString", "coordinates": [[94.9676308, 27.2591981], [94.9676093, 27.2592898]]}}, {"type": "Feature", "properties": {"osm_id": 1055898857, "name": "", "bridge": "yes", "highway": "residential"}, "geometry": {"type": "LineString", "coordinates": [[94.9718928, 27.260358], [94.9719827, 27.26055]]}}, {"type": "Feature", "properties": {"osm_id": 1055905597, "name": "", "bridge": "yes", "highway": "unclassified"}, "geometry": {"type": "LineString", "coordinates": [[94.8773731, 27.2022157], [94.8775616, 27.2023581]]}}, {"type": "Feature", "properties": {"osm_id": 1055914974, "name": "", "bridge": "yes", "highway": "unclassified"}, "geometry": {"type": "LineString", "coordinates": [[94.8065315, 27.2307153], [94.806627, 27.2307352]]}}, {"type": "Feature", "properties": {"osm_id": 1055914976, "name": "", "bridge": "yes", "highway": "unclassified"}, "geometry": {"type": "LineString", "coordinates": [[94.8081109, 27.2309232], [94.8083122, 27.2309467]]}}, {"type": "Feature", "properties": {"osm_id": 1055925071, "name": "", "bridge": "yes", "highway": "unclassified"}, "geometry": {"type": "LineString", "coordinates": [[94.8031762, 27.1925007], [94.8032481, 27.1927203]]}}, {"type": "Feature", "properties": {"osm_id": 1055925418, "name": "", "bridge": "yes", "highway": "residential"}, "geometry": {"type": "LineString", "coordinates": [[95.2164419, 27.14303], [95.2164459, 27.1429477]]}}, {"type": "Feature", "properties": {"osm_id": 1055925420, "name": "", "bridge": "yes", "highway": "residential"}, "geometry": {"type": "LineString", "coordinates": [[95.2165492, 27.1408902], [95.2165519, 27.1407792]]}}, {"type": "Feature", "properties": {"osm_id": 1055930256, "name": "", "bridge": "yes", "highway": "unclassified"}, "geometry": {"type": "LineString", "coordinates": [[94.8101714, 27.1879894], [94.8102766, 27.1879774]]}}, {"type": "Feature", "properties": {"osm_id": 1055931444, "name": "", "bridge": "yes", "highway": "unclassified"}, "geometry": {"type": "LineString", "coordinates": [[94.8106885, 27.2395577], [94.8109655, 27.2396552]]}}, {"type": "Feature", "properties": {"osm_id": 1055931799, "name": "", "bridge": "yes", "highway": "service"}, "geometry": {"type": "LineString", "coordinates": [[94.8970965, 27.2622089], [94.897272, 27.2621856]]}}, {"type": "Feature", "properties": {"osm_id": 1055932360, "name": "", "bridge": "yes", "highway": "residential"}, "geometry": {"type": "LineString", "coordinates": [[94.9084253, 27.4160807], [94.9084487, 27.416]]}}, {"type": "Feature", "properties": {"osm_id": 1055932698, "name": "", "bridge": "yes", "highway": "service"}, "geometry": {"type": "LineString", "coordinates": [[94.8874728, 27.2561339], [94.88761, 27.2561676]]}}, {"type": "Feature", "properties": {"osm_id": 1055932701, "name": "", "bridge": "yes", "highway": "service"}, "geometry": {"type": "LineString", "coordinates": [[94.8874524, 27.2558462], [94.8875456, 27.2558616]]}}, {"type": "Feature", "properties": {"osm_id": 1055934233, "name": "", "bridge": "yes", "highway": "unclassified"}, "geometry": {"type": "LineString", "coordinates": [[95.2319926, 27.4631507], [95.2319556, 27.4631789], [95.2318788, 27.4632373]]}}, {"type": "Feature", "properties": {"osm_id": 1055935125, "name": "", "bridge": "yes", "highway": "residential"}, "geometry": {"type": "LineString", "coordinates": [[94.8873815, 27.2528706], [94.8874812, 27.2529622]]}}, {"type": "Feature", "properties": {"osm_id": 1055935317, "name": "", "bridge": "yes", "highway": "residential"}, "geometry": {"type": "LineString", "coordinates": [[95.0280362, 27.1791123], [95.0280425, 27.1790981]]}}, {"type": "Feature", "properties": {"osm_id": 1055937848, "name": "", "bridge": "yes", "highway": "service"}, "geometry": {"type": "LineString", "coordinates": [[94.8923573, 27.3702102], [94.8922876, 27.3701619]]}}, {"type": "Feature", "properties": {"osm_id": 1055941608, "name": "", "bridge": "yes", "highway": "track"}, "geometry": {"type": "LineString", "coordinates": [[94.966797, 27.3946792], [94.9668092, 27.3946574]]}}, {"type": "Feature", "properties": {"osm_id": 1055944119, "name": "", "bridge": "yes", "highway": "track"}, "geometry": {"type": "LineString", "coordinates": [[94.9580466, 27.2440637], [94.958056, 27.2440201]]}}, {"type": "Feature", "properties": {"osm_id": 1055944677, "name": "", "bridge": "yes", "highway": "track"}, "geometry": {"type": "LineString", "coordinates": [[95.2341446, 27.4650127], [95.2340525, 27.4650922]]}}, {"type": "Feature", "properties": {"osm_id": 1055944902, "name": "", "bridge": "yes", "highway": "unclassified"}, "geometry": {"type": "LineString", "coordinates": [[94.7416627, 27.1829377], [94.7415689, 27.1829687]]}}, {"type": "Feature", "properties": {"osm_id": 1055947713, "name": "", "bridge": "yes", "highway": "residential"}, "geometry": {"type": "LineString", "coordinates": [[94.9205584, 27.2318274], [94.9206443, 27.23165]]}}, {"type": "Feature", "properties": {"osm_id": 1055950399, "name": "", "bridge": "yes", "highway": "unclassified"}, "geometry": {"type": "LineString", "coordinates": [[94.9093259, 27.2322748], [94.9093947, 27.232231]]}}, {"type": "Feature", "properties": {"osm_id": 1055951804, "name": "", "bridge": "yes", "highway": "unclassified"}, "geometry": {"type": "LineString", "coordinates": [[94.772845, 27.1793686], [94.7722131, 27.1793428]]}}, {"type": "Feature", "properties": {"osm_id": 1055952655, "name": "", "bridge": "yes", "highway": "unclassified"}, "geometry": {"type": "LineString", "coordinates": [[94.8952206, 27.1728248], [94.8952721, 27.1727963]]}}, {"type": "Feature", "properties": {"osm_id": 1055952658, "name": "", "bridge": "yes", "highway": "unclassified"}, "geometry": {"type": "LineString", "coordinates": [[94.8793018, 27.1706392], [94.8794199, 27.1706376]]}}, {"type": "Feature", "properties": {"osm_id": 1055952660, "name": "", "bridge": "yes", "highway": "unclassified"}, "geometry": {"type": "LineString", "coordinates": [[94.8796824, 27.1706343], [94.8797719, 27.1706331]]}}, {"type": "Feature", "properties": {"osm_id": 1055952663, "name": "", "bridge": "yes", "highway": "track"}, "geometry": {"type": "LineString", "coordinates": [[94.8768533, 27.179575], [94.8769313, 27.179552]]}}, {"type": "Feature", "properties": {"osm_id": 1055954579, "name": "", "bridge": "yes", "highway": "unclassified"}, "geometry": {"type": "LineString", "coordinates": [[94.9721754, 27.2853506], [94.9721399, 27.2852855]]}}, {"type": "Feature", "properties": {"osm_id": 1055954875, "name": "", "bridge": "yes", "highway": "unclassified"}, "geometry": {"type": "LineString", "coordinates": [[94.7418081, 27.2137881], [94.7417449, 27.2138522]]}}, {"type": "Feature", "properties": {"osm_id": 1055954877, "name": "", "bridge": "yes", "highway": "unclassified"}, "geometry": {"type": "LineString", "coordinates": [[94.7232668, 27.2145505], [94.7230574, 27.2146179]]}}, {"type": "Feature", "properties": {"osm_id": 1055960698, "name": "", "bridge": "yes", "highway": "unclassified"}, "geometry": {"type": "LineString", "coordinates": [[94.8306987, 27.3246073], [94.8307505, 27.3248164]]}}, {"type": "Feature", "properties": {"osm_id": 1055961007, "name": "", "bridge": "yes", "highway": "tertiary"}, "geometry": {"type": "LineString", "coordinates": [[94.7807988, 27.1713484], [94.7809115, 27.1715918]]}}, {"type": "Feature", "properties": {"osm_id": 1055961534, "name": "", "bridge": "yes", "highway": "tertiary"}, "geometry": {"type": "LineString", "coordinates": [[94.952829, 27.1410036], [94.9525534, 27.1410925]]}}, {"type": "Feature", "properties": {"osm_id": 1055962044, "name": "", "bridge": "yes", "highway": "service"}, "geometry": {"type": "LineString", "coordinates": [[94.8260249, 27.380922], [94.8258319, 27.380815]]}}, {"type": "Feature", "properties": {"osm_id": 1055962878, "name": "", "bridge": "yes", "highway": "unclassified"}, "geometry": {"type": "LineString", "coordinates": [[94.8665236, 27.171043], [94.8664995, 27.1709917]]}}, {"type": "Feature", "properties": {"osm_id": 1056134620, "name": "", "bridge": "yes", "highway": "service"}, "geometry": {"type": "LineString", "coordinates": [[94.8213588, 27.3756546], [94.8213379, 27.3755199]]}}, {"type": "Feature", "properties": {"osm_id": 1056135803, "name": "", "bridge": "yes", "highway": "service"}, "geometry": {"type": "LineString", "coordinates": [[94.8221627, 27.3708841], [94.8222072, 27.3708063]]}}, {"type": "Feature", "properties": {"osm_id": 1056136489, "name": "", "bridge": "yes", "highway": "unclassified"}, "geometry": {"type": "LineString", "coordinates": [[94.9351197, 27.4006137], [94.934693, 27.4003522]]}}, {"type": "Feature", "properties": {"osm_id": 1056137027, "name": "", "bridge": "yes", "highway": "residential"}, "geometry": {"type": "LineString", "coordinates": [[95.1973941, 27.1282906], [95.1973992, 27.1281823]]}}, {"type": "Feature", "properties": {"osm_id": 1056137455, "name": "", "bridge": "yes", "highway": "unclassified"}, "geometry": {"type": "LineString", "coordinates": [[95.1895119, 27.121408], [95.1894242, 27.1214536]]}}, {"type": "Feature", "properties": {"osm_id": 1056138096, "name": "", "bridge": "yes", "highway": "tertiary"}, "geometry": {"type": "LineString", "coordinates": [[94.8503586, 27.1576515], [94.8503915, 27.1580458]]}}, {"type": "Feature", "properties": {"osm_id": 1056138743, "name": "", "bridge": "yes", "highway": "unclassified"}, "geometry": {"type": "LineString", "coordinates": [[94.8429286, 27.1624398], [94.8431104, 27.1625013]]}}, {"type": "Feature", "properties": {"osm_id": 1056138745, "name": "", "bridge": "yes", "highway": "unclassified"}, "geometry": {"type": "LineString", "coordinates": [[94.8441816, 27.161572], [94.844237, 27.1616677]]}}, {"type": "Feature", "properties": {"osm_id": 1056138760, "name": "", "bridge": "yes", "highway": "residential"}, "geometry": {"type": "LineString", "coordinates": [[94.941497, 27.3976444], [94.9411316, 27.3974619]]}}, {"type": "Feature", "properties": {"osm_id": 1056138796, "name": "", "bridge": "yes", "highway": "residential"}, "geometry": {"type": "LineString", "coordinates": [[94.7813897, 27.2027325], [94.781502, 27.2024302]]}}, {"type": "Feature", "properties": {"osm_id": 1056141683, "name": "", "bridge": "yes", "highway": "unclassified"}, "geometry": {"type": "LineString", "coordinates": [[94.8734883, 27.4399598], [94.8736615, 27.4401234]]}}, {"type": "Feature", "properties": {"osm_id": 1056141937, "name": "", "bridge": "yes", "highway": "unclassified"}, "geometry": {"type": "LineString", "coordinates": [[94.9040195, 27.2222383], [94.9040839, 27.2222157]]}}, {"type": "Feature", "properties": {"osm_id": 1056141940, "name": "", "bridge": "yes", "highway": "unclassified"}, "geometry": {"type": "LineString", "coordinates": [[94.9023787, 27.2221566], [94.9023083, 27.22214]]}}, {"type": "Feature", "properties": {"osm_id": 1056143330, "name": "", "bridge": "yes", "highway": "residential"}, "geometry": {"type": "LineString", "coordinates": [[94.9471938, 27.3863854], [94.9470469, 27.3866613]]}}, {"type": "Feature", "properties": {"osm_id": 1056143859, "name": "", "bridge": "yes", "highway": "unclassified"}, "geometry": {"type": "LineString", "coordinates": [[94.8608922, 27.0996067], [94.8611475, 27.1002218]]}}, {"type": "Feature", "properties": {"osm_id": 1056144111, "name": "", "bridge": "yes", "highway": "service"}, "geometry": {"type": "LineString", "coordinates": [[94.8015954, 27.1611395], [94.8015202, 27.1611921]]}}, {"type": "Feature", "properties": {"osm_id": 1056144126, "name": "", "bridge": "yes", "highway": "unclassified"}, "geometry": {"type": "LineString", "coordinates": [[94.7963719, 27.1632495], [94.796459, 27.163283]]}}, {"type": "Feature", "properties": {"osm_id": 1056145877, "name": "", "bridge": "yes", "highway": "residential"}, "geometry": {"type": "LineString", "coordinates": [[94.7617952, 27.1378595], [94.7618226, 27.1378198]]}}, {"type": "Feature", "properties": {"osm_id": 1056145879, "name": "", "bridge": "yes", "highway": "residential"}, "geometry": {"type": "LineString", "coordinates": [[94.7664429, 27.1319712], [94.766428, 27.1318595]]}}, {"type": "Feature", "properties": {"osm_id": 1056145901, "name": "", "bridge": "yes", "highway": "unclassified"}, "geometry": {"type": "LineString", "coordinates": [[94.8094609, 27.1570016], [94.8094569, 27.1569372]]}}, {"type": "Feature", "properties": {"osm_id": 1056146795, "name": "", "bridge": "yes", "highway": "track"}, "geometry": {"type": "LineString", "coordinates": [[95.085647, 27.1443459], [95.0856457, 27.1443734]]}}, {"type": "Feature", "properties": {"osm_id": 1056147176, "name": "", "bridge": "yes", "highway": "unclassified"}, "geometry": {"type": "LineString", "coordinates": [[95.0796886, 27.1621298], [95.0796222, 27.1620943]]}}, {"type": "Feature", "properties": {"osm_id": 1056147184, "name": "", "bridge": "yes", "highway": "service"}, "geometry": {"type": "LineString", "coordinates": [[94.8537308, 27.1562188], [94.8536074, 27.1561544]]}}, {"type": "Feature", "properties": {"osm_id": 1056147386, "name": "", "bridge": "yes", "highway": "residential"}, "geometry": {"type": "LineString", "coordinates": [[95.0118128, 27.1821814], [95.0119348, 27.1821056]]}}, {"type": "Feature", "properties": {"osm_id": 1056147435, "name": "", "bridge": "yes", "highway": "unclassified"}, "geometry": {"type": "LineString", "coordinates": [[94.965409, 27.2338417], [94.9654894, 27.2337698]]}}, {"type": "Feature", "properties": {"osm_id": 1056147445, "name": "", "bridge": "yes", "highway": "unclassified"}, "geometry": {"type": "LineString", "coordinates": [[94.8116923, 27.1627155], [94.8116611, 27.1626593]]}}, {"type": "Feature", "properties": {"osm_id": 1056147914, "name": "", "bridge": "yes", "highway": "unclassified"}, "geometry": {"type": "LineString", "coordinates": [[95.0834244, 27.4848147], [95.0835532, 27.4848242]]}}, {"type": "Feature", "properties": {"osm_id": 1056147916, "name": "", "bridge": "yes", "highway": "residential"}, "geometry": {"type": "LineString", "coordinates": [[95.0852832, 27.4829801], [95.0852296, 27.4829349]]}}, {"type": "Feature", "properties": {"osm_id": 1056148265, "name": "", "bridge": "yes", "highway": "residential"}, "geometry": {"type": "LineString", "coordinates": [[94.7620825, 27.1335195], [94.7621705, 27.13356]]}}, {"type": "Feature", "properties": {"osm_id": 1056148624, "name": "", "bridge": "yes", "highway": "unclassified"}, "geometry": {"type": "LineString", "coordinates": [[94.8502771, 27.0918328], [94.8502818, 27.0913114]]}}, {"type": "Feature", "properties": {"osm_id": 1056148696, "name": "", "bridge": "yes", "highway": "residential"}, "geometry": {"type": "LineString", "coordinates": [[94.8457539, 27.2212378], [94.8459725, 27.2212819]]}}, {"type": "Feature", "properties": {"osm_id": 1056149407, "name": "", "bridge": "yes", "highway": "unclassified"}, "geometry": {"type": "LineString", "coordinates": [[94.9538728, 27.2349149], [94.9538456, 27.2349806]]}}, {"type": "Feature", "properties": {"osm_id": 1056149683, "name": "old NH52B", "bridge": "yes", "highway": "trunk"}, "geometry": {"type": "LineString", "coordinates": [[94.8153362, 27.3662172], [94.8151323, 27.3661624]]}}, {"type": "Feature", "properties": {"osm_id": 1056149685, "name": "old NH52B", "bridge": "yes", "highway": "trunk"}, "geometry": {"type": "LineString", "coordinates": [[94.8110508, 27.365643], [94.810654, 27.365646]]}}, {"type": "Feature", "properties": {"osm_id": 1056149687, "name": "old NH52B", "bridge": "yes", "highway": "trunk"}, "geometry": {"type": "LineString", "coordinates": [[94.8033884, 27.3674643], [94.8032248, 27.3675547]]}}, {"type": "Feature", "properties": {"osm_id": 1056149689, "name": "old NH52B", "bridge": "yes", "highway": "trunk"}, "geometry": {"type": "LineString", "coordinates": [[94.805832, 27.3664561], [94.805672, 27.3665124]]}}, {"type": "Feature", "properties": {"osm_id": 1056149858, "name": "", "bridge": "yes", "highway": "residential"}, "geometry": {"type": "LineString", "coordinates": [[94.7708747, 27.1388483], [94.7708599, 27.1387778]]}}, {"type": "Feature", "properties": {"osm_id": 1056150376, "name": "", "bridge": "yes", "highway": "unclassified"}, "geometry": {"type": "LineString", "coordinates": [[94.876105, 27.1603828], [94.8761583, 27.160342]]}}, {"type": "Feature", "properties": {"osm_id": 1056150378, "name": "", "bridge": "yes", "highway": "track"}, "geometry": {"type": "LineString", "coordinates": [[94.8745353, 27.1587594], [94.8745839, 27.1587372]]}}, {"type": "Feature", "properties": {"osm_id": 1056151068, "name": "", "bridge": "yes", "highway": "residential"}, "geometry": {"type": "LineString", "coordinates": [[94.8761416, 27.1576089], [94.8762251, 27.157579]]}}, {"type": "Feature", "properties": {"osm_id": 1056151070, "name": "", "bridge": "yes", "highway": "residential"}, "geometry": {"type": "LineString", "coordinates": [[94.8764181, 27.1578433], [94.8764897, 27.1578086]]}}, {"type": "Feature", "properties": {"osm_id": 1056151072, "name": "", "bridge": "yes", "highway": "unclassified"}, "geometry": {"type": "LineString", "coordinates": [[94.8771286, 27.1584485], [94.8771509, 27.1583748]]}}, {"type": "Feature", "properties": {"osm_id": 1056151081, "name": "", "bridge": "yes", "highway": "unclassified"}, "geometry": {"type": "LineString", "coordinates": [[94.8772834, 27.1635307], [94.8773797, 27.1634892]]}}, {"type": "Feature", "properties": {"osm_id": 1056152989, "name": "", "bridge": "yes", "highway": "residential"}, "geometry": {"type": "LineString", "coordinates": [[94.8160045, 27.1682377], [94.8159294, 27.1682361]]}}, {"type": "Feature", "properties": {"osm_id": 1056153696, "name": "", "bridge": "yes", "highway": "tertiary"}, "geometry": {"type": "LineString", "coordinates": [[94.7577533, 27.1369172], [94.7578056, 27.1370378]]}}, {"type": "Feature", "properties": {"osm_id": 1056153826, "name": "", "bridge": "yes", "highway": "track"}, "geometry": {"type": "LineString", "coordinates": [[94.8750945, 27.1625866], [94.8751377, 27.1626829]]}}, {"type": "Feature", "properties": {"osm_id": 1056154324, "name": "", "bridge": "yes", "highway": "residential"}, "geometry": {"type": "LineString", "coordinates": [[94.873665, 27.1454789], [94.8737964, 27.1455911]]}}, {"type": "Feature", "properties": {"osm_id": 1056156269, "name": "", "bridge": "yes", "highway": "residential"}, "geometry": {"type": "LineString", "coordinates": [[94.8458934, 27.1339189], [94.8459854, 27.1338747]]}}, {"type": "Feature", "properties": {"osm_id": 1056156271, "name": "", "bridge": "yes", "highway": "tertiary"}, "geometry": {"type": "LineString", "coordinates": [[94.8401436, 27.1295987], [94.8401551, 27.1297136]]}}, {"type": "Feature", "properties": {"osm_id": 1056156510, "name": "", "bridge": "yes", "highway": "unclassified"}, "geometry": {"type": "LineString", "coordinates": [[94.8066576, 27.0966868], [94.8064877, 27.0971325]]}}, {"type": "Feature", "properties": {"osm_id": 1056157811, "name": "", "bridge": "yes", "highway": "unclassified"}, "geometry": {"type": "LineString", "coordinates": [[94.8487011, 27.1365764], [94.8487555, 27.1364828]]}}, {"type": "Feature", "properties": {"osm_id": 1056157918, "name": "", "bridge": "yes", "highway": "secondary"}, "geometry": {"type": "LineString", "coordinates": [[94.9355717, 27.3917843], [94.935624, 27.3917259]]}}, {"type": "Feature", "properties": {"osm_id": 1056158995, "name": "", "bridge": "yes", "highway": "unclassified"}, "geometry": {"type": "LineString", "coordinates": [[95.0723442, 27.4664221], [95.0724162, 27.4663317]]}}, {"type": "Feature", "properties": {"osm_id": 1056159359, "name": "", "bridge": "yes", "highway": "residential"}, "geometry": {"type": "LineString", "coordinates": [[94.8034513, 27.3700687], [94.8033753, 27.3700719]]}}, {"type": "Feature", "properties": {"osm_id": 1056160652, "name": "", "bridge": "yes", "highway": "service"}, "geometry": {"type": "LineString", "coordinates": [[94.8103474, 27.1741283], [94.8103742, 27.1741271]]}}, {"type": "Feature", "properties": {"osm_id": 1056165795, "name": "", "bridge": "yes", "highway": "residential"}, "geometry": {"type": "LineString", "coordinates": [[94.8159879, 27.3846274], [94.8160708, 27.3846873]]}}, {"type": "Feature", "properties": {"osm_id": 1056169552, "name": "", "bridge": "yes", "highway": "residential"}, "geometry": {"type": "LineString", "coordinates": [[94.7209893, 27.2506578], [94.7210322, 27.2506203]]}}, {"type": "Feature", "properties": {"osm_id": 1056172489, "name": "", "bridge": "yes", "highway": "residential"}, "geometry": {"type": "LineString", "coordinates": [[94.9558162, 27.2183082], [94.955835, 27.2182524]]}}, {"type": "Feature", "properties": {"osm_id": 1056172492, "name": "", "bridge": "yes", "highway": "residential"}, "geometry": {"type": "LineString", "coordinates": [[94.956113, 27.2123395], [94.9561072, 27.2122912]]}}, {"type": "Feature", "properties": {"osm_id": 1056174704, "name": "", "bridge": "yes", "highway": "tertiary"}, "geometry": {"type": "LineString", "coordinates": [[94.9345605, 27.4836773], [94.9345833, 27.4837391]]}}, {"type": "Feature", "properties": {"osm_id": 1056176455, "name": "", "bridge": "yes", "highway": "track"}, "geometry": {"type": "LineString", "coordinates": [[95.2706037, 27.2020977], [95.2705997, 27.2020536]]}}, {"type": "Feature", "properties": {"osm_id": 1056178520, "name": "", "bridge": "yes", "highway": "unclassified"}, "geometry": {"type": "LineString", "coordinates": [[94.9988736, 27.1565352], [94.9989471, 27.1565031]]}}, {"type": "Feature", "properties": {"osm_id": 1056179352, "name": "", "bridge": "yes", "highway": "unclassified"}, "geometry": {"type": "LineString", "coordinates": [[95.0325886, 27.6417586], [95.0325339, 27.6416511]]}}, {"type": "Feature", "properties": {"osm_id": 1056179417, "name": "", "bridge": "yes", "highway": "residential"}, "geometry": {"type": "LineString", "coordinates": [[94.9976455, 27.1547472], [94.9976007, 27.1547501]]}}, {"type": "Feature", "properties": {"osm_id": 1056179696, "name": "", "bridge": "yes", "highway": "trunk"}, "geometry": {"type": "LineString", "coordinates": [[95.0773801, 27.4720587], [95.0776416, 27.4721849]]}}, {"type": "Feature", "properties": {"osm_id": 1056180416, "name": "", "bridge": "yes", "highway": "track"}, "geometry": {"type": "LineString", "coordinates": [[95.0769163, 27.4744993], [95.0770086, 27.4744539]]}}, {"type": "Feature", "properties": {"osm_id": 1056186537, "name": "", "bridge": "yes", "highway": "unclassified"}, "geometry": {"type": "LineString", "coordinates": [[94.9860132, 27.1976879], [94.9862424, 27.1974861]]}}, {"type": "Feature", "properties": {"osm_id": 1056191125, "name": "", "bridge": "yes", "highway": "unclassified"}, "geometry": {"type": "LineString", "coordinates": [[95.0059085, 27.1484166], [95.0060002, 27.1484814]]}}, {"type": "Feature", "properties": {"osm_id": 1056195001, "name": "", "bridge": "yes", "highway": "residential"}, "geometry": {"type": "LineString", "coordinates": [[94.5948099, 27.2990684], [94.595048, 27.2990171]]}}, {"type": "Feature", "properties": {"osm_id": 1056413034, "name": "", "bridge": "yes", "highway": "residential"}, "geometry": {"type": "LineString", "coordinates": [[94.6355778, 26.9966126], [94.63579, 26.9968163]]}}, {"type": "Feature", "properties": {"osm_id": 1056413041, "name": "Deka Borbaruah Road", "bridge": "yes", "highway": "tertiary"}, "geometry": {"type": "LineString", "coordinates": [[94.6128049, 27.005543], [94.6130034, 27.0052903]]}}, {"type": "Feature", "properties": {"osm_id": 1056413042, "name": "Dhali Ali Road", "bridge": "yes", "highway": "tertiary"}, "geometry": {"type": "LineString", "coordinates": [[94.6236026, 27.0093457], [94.6239459, 27.0099527]]}}, {"type": "Feature", "properties": {"osm_id": 1056543894, "name": "", "bridge": "yes", "highway": "residential"}, "geometry": {"type": "LineString", "coordinates": [[94.8330519, 27.1335667], [94.833107, 27.1335548]]}}, {"type": "Feature", "properties": {"osm_id": 1056543896, "name": "", "bridge": "yes", "highway": "unclassified"}, "geometry": {"type": "LineString", "coordinates": [[94.8376093, 27.136279], [94.8376268, 27.1362353]]}}, {"type": "Feature", "properties": {"osm_id": 1056545812, "name": "", "bridge": "yes", "highway": "residential"}, "geometry": {"type": "LineString", "coordinates": [[94.9953833, 27.2000026], [94.995315, 27.1998964]]}}, {"type": "Feature", "properties": {"osm_id": 1056546091, "name": "", "bridge": "yes", "highway": "residential"}, "geometry": {"type": "LineString", "coordinates": [[94.7318377, 27.4587217], [94.7318808, 27.458693]]}}, {"type": "Feature", "properties": {"osm_id": 1056546093, "name": "", "bridge": "yes", "highway": "residential"}, "geometry": {"type": "LineString", "coordinates": [[94.7261744, 27.4607692], [94.7262446, 27.4607606]]}}, {"type": "Feature", "properties": {"osm_id": 1056547099, "name": "", "bridge": "yes", "highway": "unclassified"}, "geometry": {"type": "LineString", "coordinates": [[94.8327085, 27.1277941], [94.8326133, 27.1277783]]}}, {"type": "Feature", "properties": {"osm_id": 1056547103, "name": "", "bridge": "yes", "highway": "residential"}, "geometry": {"type": "LineString", "coordinates": [[94.8335825, 27.1230916], [94.8337217, 27.1230644]]}}, {"type": "Feature", "properties": {"osm_id": 1056551660, "name": "", "bridge": "yes", "highway": "residential"}, "geometry": {"type": "LineString", "coordinates": [[94.8760938, 27.1295305], [94.8762689, 27.1294222]]}}, {"type": "Feature", "properties": {"osm_id": 1056552118, "name": "", "bridge": "yes", "highway": "residential"}, "geometry": {"type": "LineString", "coordinates": [[94.9196419, 27.1952861], [94.9196694, 27.1952592]]}}, {"type": "Feature", "properties": {"osm_id": 1056553208, "name": "", "bridge": "yes", "highway": "track"}, "geometry": {"type": "LineString", "coordinates": [[95.1086724, 27.4136093], [95.1086999, 27.41359]]}}, {"type": "Feature", "properties": {"osm_id": 1056555814, "name": "", "bridge": "yes", "highway": "unclassified"}, "geometry": {"type": "LineString", "coordinates": [[95.2380949, 27.4535367], [95.2381256, 27.4533844]]}}, {"type": "Feature", "properties": {"osm_id": 1056556572, "name": "", "bridge": "yes", "highway": "residential"}, "geometry": {"type": "LineString", "coordinates": [[94.6038596, 27.3037581], [94.6038826, 27.3037285]]}}, {"type": "Feature", "properties": {"osm_id": 1056556578, "name": "", "bridge": "yes", "highway": "tertiary"}, "geometry": {"type": "LineString", "coordinates": [[94.8362457, 27.0918255], [94.8365322, 27.0923914]]}}, {"type": "Feature", "properties": {"osm_id": 1056557901, "name": "", "bridge": "yes", "highway": "residential"}, "geometry": {"type": "LineString", "coordinates": [[94.6934416, 27.4313666], [94.6934321, 27.4314101]]}}, {"type": "Feature", "properties": {"osm_id": 1056558270, "name": "", "bridge": "yes", "highway": "residential"}, "geometry": {"type": "LineString", "coordinates": [[94.8813482, 27.134811], [94.8815695, 27.1347121]]}}, {"type": "Feature", "properties": {"osm_id": 1056558350, "name": "", "bridge": "yes", "highway": "unclassified"}, "geometry": {"type": "LineString", "coordinates": [[94.7831893, 27.1257711], [94.7831912, 27.1258235]]}}, {"type": "Feature", "properties": {"osm_id": 1056559656, "name": "", "bridge": "yes", "highway": "tertiary"}, "geometry": {"type": "LineString", "coordinates": [[94.6501462, 27.398742], [94.6505888, 27.3993614]]}}, {"type": "Feature", "properties": {"osm_id": 1056559732, "name": "", "bridge": "yes", "highway": "unclassified"}, "geometry": {"type": "LineString", "coordinates": [[94.7005774, 27.4471048], [94.700597, 27.4469407]]}}, {"type": "Feature", "properties": {"osm_id": 1056560408, "name": "", "bridge": "yes", "highway": "tertiary"}, "geometry": {"type": "LineString", "coordinates": [[94.651228, 27.387291], [94.6511364, 27.387355]]}}, {"type": "Feature", "properties": {"osm_id": 1056560599, "name": "", "bridge": "yes", "highway": "track"}, "geometry": {"type": "LineString", "coordinates": [[94.8836497, 27.1366496], [94.8837109, 27.136619]]}}, {"type": "Feature", "properties": {"osm_id": 1056561698, "name": "", "bridge": "yes", "highway": "unclassified"}, "geometry": {"type": "LineString", "coordinates": [[94.5996541, 27.3432709], [94.5996685, 27.3433057]]}}, {"type": "Feature", "properties": {"osm_id": 1056562168, "name": "", "bridge": "yes", "highway": "unclassified"}, "geometry": {"type": "LineString", "coordinates": [[95.034159, 27.6438247], [95.0340825, 27.6436999]]}}, {"type": "Feature", "properties": {"osm_id": 1056564546, "name": "", "bridge": "yes", "highway": "track"}, "geometry": {"type": "LineString", "coordinates": [[95.0356833, 27.1621931], [95.035665, 27.1621425]]}}, {"type": "Feature", "properties": {"osm_id": 1056564548, "name": "", "bridge": "yes", "highway": "track"}, "geometry": {"type": "LineString", "coordinates": [[95.0349004, 27.1594772], [95.0348902, 27.1594465]]}}, {"type": "Feature", "properties": {"osm_id": 1056567407, "name": "", "bridge": "yes", "highway": "unclassified"}, "geometry": {"type": "LineString", "coordinates": [[95.0522169, 27.6496773], [95.0522813, 27.6494807]]}}, {"type": "Feature", "properties": {"osm_id": 1056567972, "name": "", "bridge": "yes", "highway": "unclassified"}, "geometry": {"type": "LineString", "coordinates": [[94.6284808, 27.3586242], [94.6288532, 27.3584669]]}}, {"type": "Feature", "properties": {"osm_id": 1056567974, "name": "", "bridge": "yes", "highway": "unclassified"}, "geometry": {"type": "LineString", "coordinates": [[94.6368503, 27.354344], [94.6368994, 27.3543278]]}}, {"type": "Feature", "properties": {"osm_id": 1056568620, "name": "", "bridge": "yes", "highway": "unclassified"}, "geometry": {"type": "LineString", "coordinates": [[95.2818029, 27.5474893], [95.2818195, 27.5472427]]}}, {"type": "Feature", "properties": {"osm_id": 1056569389, "name": "", "bridge": "yes", "highway": "residential"}, "geometry": {"type": "LineString", "coordinates": [[94.9517633, 27.1914734], [94.9517982, 27.1915088]]}}, {"type": "Feature", "properties": {"osm_id": 1056569855, "name": "", "bridge": "yes", "highway": "residential"}, "geometry": {"type": "LineString", "coordinates": [[94.9328859, 27.1872816], [94.932763, 27.1873206]]}}, {"type": "Feature", "properties": {"osm_id": 1056570410, "name": "", "bridge": "yes", "highway": "residential"}, "geometry": {"type": "LineString", "coordinates": [[94.8894719, 27.4402549], [94.8893702, 27.4402128]]}}, {"type": "Feature", "properties": {"osm_id": 1056570608, "name": "", "bridge": "yes", "highway": "residential"}, "geometry": {"type": "LineString", "coordinates": [[94.8992127, 27.4803405], [94.8991156, 27.4803622]]}}, {"type": "Feature", "properties": {"osm_id": 1056571544, "name": "Boikunthapur-Dikhari Road", "bridge": "yes", "highway": "unclassified"}, "geometry": {"type": "LineString", "coordinates": [[95.0425586, 27.6929751], [95.0421468, 27.693553]]}}, {"type": "Feature", "properties": {"osm_id": 1056572535, "name": "", "bridge": "yes", "highway": "track"}, "geometry": {"type": "LineString", "coordinates": [[94.8517282, 27.4466949], [94.8517211, 27.4467247]]}}, {"type": "Feature", "properties": {"osm_id": 1056586226, "name": "", "bridge": "yes", "highway": "residential"}, "geometry": {"type": "LineString", "coordinates": [[94.8541036, 27.4183965], [94.8540827, 27.4184862]]}}, {"type": "Feature", "properties": {"osm_id": 1056588323, "name": "", "bridge": "yes", "highway": "unclassified"}, "geometry": {"type": "LineString", "coordinates": [[95.011362, 27.1042841], [95.0114098, 27.1041862]]}}, {"type": "Feature", "properties": {"osm_id": 1056589444, "name": "", "bridge": "yes", "highway": "track"}, "geometry": {"type": "LineString", "coordinates": [[94.9203326, 27.6051292], [94.9199167, 27.6053653], [94.9198919, 27.6053899], [94.9198018, 27.605468], [94.9197672, 27.6054864], [94.9196256, 27.6055513], [94.919585, 27.6055768], [94.919475, 27.6056452]]}}, {"type": "Feature", "properties": {"osm_id": 1056591227, "name": "", "bridge": "yes", "highway": "service"}, "geometry": {"type": "LineString", "coordinates": [[94.8410901, 27.3820442], [94.8411829, 27.3819273]]}}, {"type": "Feature", "properties": {"osm_id": 1056591229, "name": "", "bridge": "yes", "highway": "service"}, "geometry": {"type": "LineString", "coordinates": [[94.8413226, 27.3817128], [94.8413638, 27.3816418]]}}, {"type": "Feature", "properties": {"osm_id": 1056594898, "name": "", "bridge": "yes", "highway": "residential"}, "geometry": {"type": "LineString", "coordinates": [[94.928515, 27.1812181], [94.9285328, 27.1811515]]}}, {"type": "Feature", "properties": {"osm_id": 1056602853, "name": "", "bridge": "yes", "highway": "residential"}, "geometry": {"type": "LineString", "coordinates": [[95.2236071, 27.4283651], [95.2236327, 27.4283435]]}}, {"type": "Feature", "properties": {"osm_id": 1056602914, "name": "", "bridge": "yes", "highway": "residential"}, "geometry": {"type": "LineString", "coordinates": [[94.6091923, 27.1397013], [94.6090046, 27.1397238]]}}, {"type": "Feature", "properties": {"osm_id": 1056603650, "name": "", "bridge": "yes", "highway": "residential"}, "geometry": {"type": "LineString", "coordinates": [[94.6024473, 27.1338622], [94.6022714, 27.1338695]]}}, {"type": "Feature", "properties": {"osm_id": 1056607891, "name": "", "bridge": "yes", "highway": "residential"}, "geometry": {"type": "LineString", "coordinates": [[95.2736574, 27.4150454], [95.2737352, 27.415043]]}}, {"type": "Feature", "properties": {"osm_id": 1057065392, "name": "", "bridge": "yes", "highway": "unclassified"}, "geometry": {"type": "LineString", "coordinates": [[95.2699372, 27.4208018], [95.2698299, 27.4208006]]}}, {"type": "Feature", "properties": {"osm_id": 1057084029, "name": "", "bridge": "yes", "highway": "unclassified"}, "geometry": {"type": "LineString", "coordinates": [[94.9228279, 27.2025307], [94.9227849, 27.2025235]]}}, {"type": "Feature", "properties": {"osm_id": 1057104458, "name": "", "bridge": "yes", "highway": "unclassified"}, "geometry": {"type": "LineString", "coordinates": [[95.2896622, 27.5637998], [95.289636, 27.5638485]]}}, {"type": "Feature", "properties": {"osm_id": 1057104461, "name": "", "bridge": "yes", "highway": "secondary"}, "geometry": {"type": "LineString", "coordinates": [[95.2912903, 27.5688423], [95.2911682, 27.5687936]]}}, {"type": "Feature", "properties": {"osm_id": 1057520933, "name": "Jail Road", "bridge": "yes", "highway": "tertiary"}, "geometry": {"type": "LineString", "coordinates": [[94.9124779, 27.4832715], [94.9125084, 27.4832017]]}}, {"type": "Feature", "properties": {"osm_id": 1057521288, "name": "", "bridge": "yes", "highway": "residential"}, "geometry": {"type": "LineString", "coordinates": [[94.9071827, 27.447446], [94.9072262, 27.4474099]]}}, {"type": "Feature", "properties": {"osm_id": 1057529283, "name": "", "bridge": "yes", "highway": "service"}, "geometry": {"type": "LineString", "coordinates": [[94.9282505, 27.4591176], [94.9282119, 27.4591377]]}}, {"type": "Feature", "properties": {"osm_id": 1057543279, "name": "", "bridge": "yes", "highway": "residential"}, "geometry": {"type": "LineString", "coordinates": [[94.9234919, 27.4875902], [94.9234355, 27.4876611]]}}, {"type": "Feature", "properties": {"osm_id": 1057562158, "name": "Bazaar Road", "bridge": "yes", "highway": "tertiary"}, "geometry": {"type": "LineString", "coordinates": [[94.9150837, 27.4833957], [94.9150599, 27.4834514]]}}, {"type": "Feature", "properties": {"osm_id": 1057801133, "name": "", "bridge": "yes", "highway": "residential"}, "geometry": {"type": "LineString", "coordinates": [[94.9017124, 27.4444533], [94.9017101, 27.4443965]]}}, {"type": "Feature", "properties": {"osm_id": 1057801442, "name": "", "bridge": "yes", "highway": "residential"}, "geometry": {"type": "LineString", "coordinates": [[94.9040739, 27.4443117], [94.9040894, 27.4442579]]}}, {"type": "Feature", "properties": {"osm_id": 1057827931, "name": "", "bridge": "yes", "highway": "residential"}, "geometry": {"type": "LineString", "coordinates": [[94.9102315, 27.4827974], [94.9102919, 27.4828813]]}}, {"type": "Feature", "properties": {"osm_id": 1057827933, "name": "Assam Trunk Road", "bridge": "yes", "highway": "primary"}, "geometry": {"type": "LineString", "coordinates": [[94.9208923, 27.4862111], [94.9208323, 27.4862629]]}}, {"type": "Feature", "properties": {"osm_id": 1058073576, "name": "", "bridge": "yes", "highway": "residential"}, "geometry": {"type": "LineString", "coordinates": [[94.9140859, 27.4516392], [94.914102, 27.4516017]]}}, {"type": "Feature", "properties": {"osm_id": 1058073578, "name": "", "bridge": "yes", "highway": "residential"}, "geometry": {"type": "LineString", "coordinates": [[94.9136654, 27.4514666], [94.9136788, 27.4514357]]}}, {"type": "Feature", "properties": {"osm_id": 1058073580, "name": "", "bridge": "yes", "highway": "residential"}, "geometry": {"type": "LineString", "coordinates": [[94.9119669, 27.4508055], [94.9119837, 27.450774]]}}, {"type": "Feature", "properties": {"osm_id": 1058073581, "name": "", "bridge": "yes", "highway": "residential"}, "geometry": {"type": "LineString", "coordinates": [[94.911282, 27.450533], [94.9112937, 27.4505127]]}}, {"type": "Feature", "properties": {"osm_id": 1058073583, "name": "", "bridge": "yes", "highway": "residential"}, "geometry": {"type": "LineString", "coordinates": [[94.9102302, 27.450137], [94.9102466, 27.4501069]]}}, {"type": "Feature", "properties": {"osm_id": 1058073586, "name": "", "bridge": "yes", "highway": "residential"}, "geometry": {"type": "LineString", "coordinates": [[94.9095486, 27.4498882], [94.9095761, 27.449846]]}}, {"type": "Feature", "properties": {"osm_id": 1058073587, "name": "", "bridge": "yes", "highway": "residential"}, "geometry": {"type": "LineString", "coordinates": [[94.9078823, 27.4492081], [94.9078685, 27.4492301]]}}, {"type": "Feature", "properties": {"osm_id": 1058073590, "name": "", "bridge": "yes", "highway": "residential"}, "geometry": {"type": "LineString", "coordinates": [[94.9088629, 27.4496198], [94.908883, 27.4495919]]}}, {"type": "Feature", "properties": {"osm_id": 1058073592, "name": "", "bridge": "yes", "highway": "residential"}, "geometry": {"type": "LineString", "coordinates": [[94.9069103, 27.4464904], [94.906945, 27.446451]]}}, {"type": "Feature", "properties": {"osm_id": 1058938131, "name": "", "bridge": "yes", "highway": ""}, "geometry": {"type": "LineString", "coordinates": [[93.7115488, 27.1322897], [93.7120616, 27.1326128]]}}, {"type": "Feature", "properties": {"osm_id": 1058938548, "name": "", "bridge": "yes", "highway": ""}, "geometry": {"type": "LineString", "coordinates": [[93.7115014, 27.1323774], [93.7119605, 27.1326799]]}}, {"type": "Feature", "properties": {"osm_id": 1058938738, "name": "", "bridge": "yes", "highway": ""}, "geometry": {"type": "LineString", "coordinates": [[93.7113784, 27.1324381], [93.7117458, 27.1326839]]}}, {"type": "Feature", "properties": {"osm_id": 1058938754, "name": "", "bridge": "yes", "highway": ""}, "geometry": {"type": "LineString", "coordinates": [[93.7117418, 27.1320882], [93.7121826, 27.1324558]]}}, {"type": "Feature", "properties": {"osm_id": 1058938910, "name": "", "bridge": "yes", "highway": ""}, "geometry": {"type": "LineString", "coordinates": [[93.7121181, 27.1325362], [93.7116636, 27.1322189]]}}, {"type": "Feature", "properties": {"osm_id": 1074722100, "name": "", "bridge": "yes", "highway": "tertiary"}, "geometry": {"type": "LineString", "coordinates": [[94.2605439, 26.9527792], [94.2599495, 26.9526794]]}}, {"type": "Feature", "properties": {"osm_id": 1074779159, "name": "Jengraimukh Road", "bridge": "yes", "highway": "primary"}, "geometry": {"type": "LineString", "coordinates": [[94.2465989, 27.024594], [94.2466941, 27.0247306]]}}, {"type": "Feature", "properties": {"osm_id": 1075645060, "name": "", "bridge": "yes", "highway": "service"}, "geometry": {"type": "LineString", "coordinates": [[94.1235248, 26.9376693], [94.1234733, 26.9380398]]}}, {"type": "Feature", "properties": {"osm_id": 1075669314, "name": "", "bridge": "yes", "highway": "residential"}, "geometry": {"type": "LineString", "coordinates": [[94.1086108, 26.9283821], [94.1088186, 26.9278287]]}}, {"type": "Feature", "properties": {"osm_id": 1075737517, "name": "", "bridge": "yes", "highway": "unclassified"}, "geometry": {"type": "LineString", "coordinates": [[94.1393023, 26.9782318], [94.1377104, 26.9781574]]}}, {"type": "Feature", "properties": {"osm_id": 1075752553, "name": "", "bridge": "yes", "highway": "unclassified"}, "geometry": {"type": "LineString", "coordinates": [[94.1644941, 26.9782349], [94.1638042, 26.9782002]]}}, {"type": "Feature", "properties": {"osm_id": 1075986174, "name": "", "bridge": "yes", "highway": "unclassified"}, "geometry": {"type": "LineString", "coordinates": [[94.3192865, 27.0435146], [94.3200733, 27.0434355]]}}, {"type": "Feature", "properties": {"osm_id": 1076004045, "name": "", "bridge": "yes", "highway": "unclassified"}, "geometry": {"type": "LineString", "coordinates": [[94.3362948, 27.0488052], [94.3362052, 27.0485082]]}}, {"type": "Feature", "properties": {"osm_id": 1076004048, "name": "", "bridge": "yes", "highway": "unclassified"}, "geometry": {"type": "LineString", "coordinates": [[94.3207374, 27.0322843], [94.3213751, 27.0319618]]}}, {"type": "Feature", "properties": {"osm_id": 1076037597, "name": "", "bridge": "yes", "highway": "tertiary"}, "geometry": {"type": "LineString", "coordinates": [[94.3005726, 27.0075549], [94.3003126, 27.0073104]]}}, {"type": "Feature", "properties": {"osm_id": 1076058341, "name": "", "bridge": "yes", "highway": "unclassified"}, "geometry": {"type": "LineString", "coordinates": [[94.2527104, 27.0183964], [94.2523518, 27.0185257]]}}, {"type": "Feature", "properties": {"osm_id": 1076058354, "name": "", "bridge": "yes", "highway": "unclassified"}, "geometry": {"type": "LineString", "coordinates": [[94.2591067, 26.9823034], [94.2596209, 26.9820044]]}}, {"type": "Feature", "properties": {"osm_id": 1076058356, "name": "", "bridge": "yes", "highway": "tertiary"}, "geometry": {"type": "LineString", "coordinates": [[94.2831592, 26.9708197], [94.2829565, 26.9707785]]}}, {"type": "Feature", "properties": {"osm_id": 1076330543, "name": "", "bridge": "yes", "highway": "unclassified"}, "geometry": {"type": "LineString", "coordinates": [[94.0252371, 26.9359473], [94.0261681, 26.9353434]]}}, {"type": "Feature", "properties": {"osm_id": 1076556072, "name": "", "bridge": "yes", "highway": "unclassified"}, "geometry": {"type": "LineString", "coordinates": [[94.1726341, 26.958567], [94.1721492, 26.9581611]]}}, {"type": "Feature", "properties": {"osm_id": 1076556076, "name": "", "bridge": "yes", "highway": "unclassified"}, "geometry": {"type": "LineString", "coordinates": [[94.1792873, 26.9926847], [94.1794171, 26.9922813]]}}, {"type": "Feature", "properties": {"osm_id": 1076556093, "name": "", "bridge": "yes", "highway": "unclassified"}, "geometry": {"type": "LineString", "coordinates": [[94.1930103, 27.0074452], [94.1927525, 27.0076616]]}}, {"type": "Feature", "properties": {"osm_id": 1076556096, "name": "", "bridge": "yes", "highway": "track"}, "geometry": {"type": "LineString", "coordinates": [[94.1921842, 27.0057183], [94.1919489, 27.0057416], [94.191821, 27.0057623], [94.1916148, 27.0058141]]}}, {"type": "Feature", "properties": {"osm_id": 1076577555, "name": "", "bridge": "yes", "highway": "unclassified"}, "geometry": {"type": "LineString", "coordinates": [[94.2384046, 27.0266078], [94.2378171, 27.027137]]}}, {"type": "Feature", "properties": {"osm_id": 1076577557, "name": "", "bridge": "yes", "highway": "unclassified"}, "geometry": {"type": "LineString", "coordinates": [[94.2367997, 27.0280857], [94.2367345, 27.0281419]]}}, {"type": "Feature", "properties": {"osm_id": 1076824908, "name": "", "bridge": "yes", "highway": "unclassified"}, "geometry": {"type": "LineString", "coordinates": [[94.2749628, 27.0193586], [94.2749793, 27.0190828]]}}, {"type": "Feature", "properties": {"osm_id": 1077863220, "name": "", "bridge": "yes", "highway": "unclassified"}, "geometry": {"type": "LineString", "coordinates": [[94.2484383, 26.9671763], [94.2478994, 26.967908]]}}, {"type": "Feature", "properties": {"osm_id": 1077863228, "name": "", "bridge": "yes", "highway": "track"}, "geometry": {"type": "LineString", "coordinates": [[94.2732815, 26.9677183], [94.2731753, 26.9680609]]}}, {"type": "Feature", "properties": {"osm_id": 1077863230, "name": "", "bridge": "yes", "highway": "track"}, "geometry": {"type": "LineString", "coordinates": [[94.2704894, 26.9745954], [94.2704689, 26.9747858]]}}, {"type": "Feature", "properties": {"osm_id": 1078391797, "name": "", "bridge": "yes", "highway": "track"}, "geometry": {"type": "LineString", "coordinates": [[94.1136358, 26.9428125], [94.1133922, 26.9429018]]}}, {"type": "Feature", "properties": {"osm_id": 1078391830, "name": "", "bridge": "yes", "highway": "residential"}, "geometry": {"type": "LineString", "coordinates": [[94.1611577, 26.9181665], [94.1612732, 26.9179583]]}}, {"type": "Feature", "properties": {"osm_id": 1078495353, "name": "", "bridge": "yes", "highway": "primary"}, "geometry": {"type": "LineString", "coordinates": [[94.3188844, 27.1014808], [94.3191153, 27.1008582]]}}, {"type": "Feature", "properties": {"osm_id": 1078495355, "name": "", "bridge": "yes", "highway": "primary"}, "geometry": {"type": "LineString", "coordinates": [[94.342688, 27.135383], [94.3423382, 27.1349288]]}}, {"type": "Feature", "properties": {"osm_id": 1078784442, "name": "", "bridge": "yes", "highway": "unclassified"}, "geometry": {"type": "LineString", "coordinates": [[94.0705405, 27.2788325], [94.0707296, 27.2788075]]}}, {"type": "Feature", "properties": {"osm_id": 1078798156, "name": "", "bridge": "yes", "highway": "primary"}, "geometry": {"type": "LineString", "coordinates": [[94.4303288, 27.2455585], [94.4302249, 27.2452452]]}}, {"type": "Feature", "properties": {"osm_id": 1078798158, "name": "", "bridge": "yes", "highway": "primary"}, "geometry": {"type": "LineString", "coordinates": [[94.4424739, 27.2687716], [94.4424401, 27.2682401]]}}, {"type": "Feature", "properties": {"osm_id": 1078798160, "name": "", "bridge": "yes", "highway": "primary"}, "geometry": {"type": "LineString", "coordinates": [[94.4401837, 27.3069821], [94.4405574, 27.3068616]]}}, {"type": "Feature", "properties": {"osm_id": 1078807668, "name": "", "bridge": "yes", "highway": "primary"}, "geometry": {"type": "LineString", "coordinates": [[94.4585094, 27.2312119], [94.4581782, 27.2311432]]}}, {"type": "Feature", "properties": {"osm_id": 1078807670, "name": "", "bridge": "yes", "highway": "primary"}, "geometry": {"type": "LineString", "coordinates": [[94.4667432, 27.2489471], [94.4663274, 27.2487866]]}}, {"type": "Feature", "properties": {"osm_id": 1078807672, "name": "", "bridge": "yes", "highway": "primary"}, "geometry": {"type": "LineString", "coordinates": [[94.4963423, 27.2676924], [94.4960598, 27.2675256]]}}, {"type": "Feature", "properties": {"osm_id": 1079384776, "name": "", "bridge": "yes", "highway": "track"}, "geometry": {"type": "LineString", "coordinates": [[94.2841541, 26.9946427], [94.2844, 26.9944714]]}}, {"type": "Feature", "properties": {"osm_id": 1079430728, "name": "", "bridge": "yes", "highway": "primary"}, "geometry": {"type": "LineString", "coordinates": [[94.5317328, 27.3763106], [94.5320433, 27.375708], [94.5322122, 27.3754069]]}}, {"type": "Feature", "properties": {"osm_id": 1079430730, "name": "", "bridge": "yes", "highway": "primary"}, "geometry": {"type": "LineString", "coordinates": [[94.5293146, 27.3837029], [94.5294158, 27.3831514]]}}, {"type": "Feature", "properties": {"osm_id": 1079430732, "name": "", "bridge": "yes", "highway": "tertiary"}, "geometry": {"type": "LineString", "coordinates": [[94.5039052, 27.2849566], [94.503841, 27.285069]]}}, {"type": "Feature", "properties": {"osm_id": 1079430734, "name": "", "bridge": "yes", "highway": "tertiary"}, "geometry": {"type": "LineString", "coordinates": [[94.5016902, 27.2893201], [94.5015345, 27.2896625]]}}, {"type": "Feature", "properties": {"osm_id": 1079430737, "name": "", "bridge": "yes", "highway": "unclassified"}, "geometry": {"type": "LineString", "coordinates": [[94.4830161, 27.2863498], [94.482786, 27.2863447]]}}, {"type": "Feature", "properties": {"osm_id": 1079430740, "name": "", "bridge": "yes", "highway": "unclassified"}, "geometry": {"type": "LineString", "coordinates": [[94.482351, 27.2832861], [94.4822775, 27.2834201]]}}, {"type": "Feature", "properties": {"osm_id": 1079430743, "name": "", "bridge": "yes", "highway": "unclassified"}, "geometry": {"type": "LineString", "coordinates": [[94.4655526, 27.3048757], [94.465391, 27.3049327]]}}, {"type": "Feature", "properties": {"osm_id": 1079431824, "name": "", "bridge": "yes", "highway": "unclassified"}, "geometry": {"type": "LineString", "coordinates": [[95.2985552, 26.8134465], [95.2985359, 26.8134185]]}}, {"type": "Feature", "properties": {"osm_id": 1079438311, "name": "", "bridge": "yes", "highway": "tertiary"}, "geometry": {"type": "LineString", "coordinates": [[94.5256511, 27.216153], [94.5255304, 27.2163994]]}}, {"type": "Feature", "properties": {"osm_id": 1079438313, "name": "", "bridge": "yes", "highway": "tertiary"}, "geometry": {"type": "LineString", "coordinates": [[94.5235204, 27.2242264], [94.5234451, 27.2245041]]}}, {"type": "Feature", "properties": {"osm_id": 1079438316, "name": "", "bridge": "yes", "highway": "tertiary"}, "geometry": {"type": "LineString", "coordinates": [[94.5222453, 27.2276204], [94.5221743, 27.227952]]}}, {"type": "Feature", "properties": {"osm_id": 1079438319, "name": "", "bridge": "yes", "highway": "tertiary"}, "geometry": {"type": "LineString", "coordinates": [[94.4739056, 27.2450542], [94.4745032, 27.2448661]]}}, {"type": "Feature", "properties": {"osm_id": 1079438321, "name": "", "bridge": "yes", "highway": "tertiary"}, "geometry": {"type": "LineString", "coordinates": [[94.4806491, 27.2439237], [94.4811154, 27.2429946]]}}, {"type": "Feature", "properties": {"osm_id": 1079438323, "name": "", "bridge": "yes", "highway": "tertiary"}, "geometry": {"type": "LineString", "coordinates": [[94.4844917, 27.2416109], [94.4850014, 27.2412888]]}}, {"type": "Feature", "properties": {"osm_id": 1079438325, "name": "", "bridge": "yes", "highway": "tertiary"}, "geometry": {"type": "LineString", "coordinates": [[94.4875822, 27.2395798], [94.487932, 27.2393404]]}}, {"type": "Feature", "properties": {"osm_id": 1079661681, "name": "", "bridge": "yes", "highway": "unclassified"}, "geometry": {"type": "LineString", "coordinates": [[94.1992103, 26.9815836], [94.1990945, 26.9817694]]}}, {"type": "Feature", "properties": {"osm_id": 1079691316, "name": "", "bridge": "yes", "highway": "unclassified"}, "geometry": {"type": "LineString", "coordinates": [[94.2164217, 27.0603371], [94.2182707, 27.0605726]]}}, {"type": "Feature", "properties": {"osm_id": 1079939586, "name": "", "bridge": "yes", "highway": "track"}, "geometry": {"type": "LineString", "coordinates": [[94.3200796, 27.0669805], [94.3200118, 27.067142], [94.3199908, 27.0671842], [94.3199426, 27.0672653], [94.3199239, 27.0673062]]}}, {"type": "Feature", "properties": {"osm_id": 1079939593, "name": "", "bridge": "yes", "highway": "construction"}, "geometry": {"type": "LineString", "coordinates": [[94.3587079, 27.0802433], [94.3584626, 27.0805453]]}}, {"type": "Feature", "properties": {"osm_id": 1080175267, "name": "", "bridge": "yes", "highway": "track"}, "geometry": {"type": "LineString", "coordinates": [[94.2887063, 27.0286084], [94.2887768, 27.0285799], [94.2888581, 27.0285314], [94.2889089, 27.0285004]]}}, {"type": "Feature", "properties": {"osm_id": 1080175275, "name": "", "bridge": "yes", "highway": "unclassified"}, "geometry": {"type": "LineString", "coordinates": [[94.3281217, 27.1412445], [94.3282331, 27.1415973]]}}, {"type": "Feature", "properties": {"osm_id": 1080175282, "name": "", "bridge": "yes", "highway": "track"}, "geometry": {"type": "LineString", "coordinates": [[94.4232127, 27.0994747], [94.4230987, 27.0994994], [94.4229808, 27.0995071]]}}, {"type": "Feature", "properties": {"osm_id": 1080258887, "name": "", "bridge": "yes", "highway": "secondary"}, "geometry": {"type": "LineString", "coordinates": [[94.3383973, 27.2111644], [94.3391648, 27.2107654]]}}, {"type": "Feature", "properties": {"osm_id": 1080258889, "name": "", "bridge": "yes", "highway": "secondary"}, "geometry": {"type": "LineString", "coordinates": [[94.3431618, 27.2088955], [94.3432637, 27.2088498], [94.3439406, 27.2086206]]}}, {"type": "Feature", "properties": {"osm_id": 1080258891, "name": "", "bridge": "yes", "highway": "secondary"}, "geometry": {"type": "LineString", "coordinates": [[94.3476516, 27.2073264], [94.3481295, 27.2070376]]}}, {"type": "Feature", "properties": {"osm_id": 1080258893, "name": "", "bridge": "yes", "highway": "secondary"}, "geometry": {"type": "LineString", "coordinates": [[94.3717365, 27.1922713], [94.3723211, 27.1919175], [94.3725349, 27.1917811]]}}, {"type": "Feature", "properties": {"osm_id": 1080258895, "name": "", "bridge": "yes", "highway": "secondary"}, "geometry": {"type": "LineString", "coordinates": [[94.3231934, 27.2190327], [94.3239684, 27.2186639]]}}, {"type": "Feature", "properties": {"osm_id": 1081063536, "name": "", "bridge": "yes", "highway": "track"}, "geometry": {"type": "LineString", "coordinates": [[94.3065922, 27.0151929], [94.3069042, 27.0148298]]}}, {"type": "Feature", "properties": {"osm_id": 1081063539, "name": "", "bridge": "yes", "highway": "unclassified"}, "geometry": {"type": "LineString", "coordinates": [[94.3059349, 27.0129183], [94.3059491, 27.0125792]]}}, {"type": "Feature", "properties": {"osm_id": 1081063547, "name": "", "bridge": "yes", "highway": "track"}, "geometry": {"type": "LineString", "coordinates": [[94.2982539, 26.935038], [94.2984314, 26.9350817]]}}, {"type": "Feature", "properties": {"osm_id": 1081063551, "name": "", "bridge": "yes", "highway": "track"}, "geometry": {"type": "LineString", "coordinates": [[94.2988102, 27.0084501], [94.2991068, 27.0083151], [94.2992323, 27.0082622], [94.2994067, 27.0081896], [94.2994987, 27.0081486]]}}, {"type": "Feature", "properties": {"osm_id": 1081162363, "name": "", "bridge": "yes", "highway": "track"}, "geometry": {"type": "LineString", "coordinates": [[94.2671644, 26.9998134], [94.2675696, 26.9998458]]}}, {"type": "Feature", "properties": {"osm_id": 1081306706, "name": "", "bridge": "yes", "highway": "construction"}, "geometry": {"type": "LineString", "coordinates": [[94.143872, 27.0164909], [94.1441045, 27.0153602]]}}, {"type": "Feature", "properties": {"osm_id": 1081306722, "name": "", "bridge": "yes", "highway": "residential"}, "geometry": {"type": "LineString", "coordinates": [[94.0196277, 26.9233747], [94.019757, 26.9229849]]}}, {"type": "Feature", "properties": {"osm_id": 1081377586, "name": "", "bridge": "yes", "highway": "road"}, "geometry": {"type": "LineString", "coordinates": [[94.3332131, 27.3168017], [94.3325111, 27.3165805]]}}, {"type": "Feature", "properties": {"osm_id": 1081377588, "name": "", "bridge": "yes", "highway": "secondary"}, "geometry": {"type": "LineString", "coordinates": [[94.3417974, 27.330264], [94.3415336, 27.3301792]]}}, {"type": "Feature", "properties": {"osm_id": 1081377590, "name": "", "bridge": "yes", "highway": "secondary"}, "geometry": {"type": "LineString", "coordinates": [[94.3438549, 27.3309796], [94.3435446, 27.3308716]]}}, {"type": "Feature", "properties": {"osm_id": 1081377593, "name": "", "bridge": "yes", "highway": "unclassified"}, "geometry": {"type": "LineString", "coordinates": [[94.3343999, 27.3047339], [94.3349449, 27.3045012]]}}, {"type": "Feature", "properties": {"osm_id": 1081377596, "name": "", "bridge": "yes", "highway": "tertiary"}, "geometry": {"type": "LineString", "coordinates": [[94.3774558, 27.3102847], [94.3778756, 27.3105862]]}}, {"type": "Feature", "properties": {"osm_id": 1081663667, "name": "", "bridge": "yes", "highway": "unclassified"}, "geometry": {"type": "LineString", "coordinates": [[94.2906729, 27.2560311], [94.2900726, 27.2557335]]}}, {"type": "Feature", "properties": {"osm_id": 1081675267, "name": "", "bridge": "yes", "highway": "unclassified"}, "geometry": {"type": "LineString", "coordinates": [[94.2876178, 27.2916535], [94.2875216, 27.2916567]]}}, {"type": "Feature", "properties": {"osm_id": 1081733083, "name": "", "bridge": "yes", "highway": "unclassified"}, "geometry": {"type": "LineString", "coordinates": [[94.3759023, 27.4287234], [94.3761008, 27.4286471]]}}, {"type": "Feature", "properties": {"osm_id": 1081733086, "name": "", "bridge": "yes", "highway": "tertiary"}, "geometry": {"type": "LineString", "coordinates": [[94.371115, 27.4346886], [94.3712666, 27.4344606]]}}, {"type": "Feature", "properties": {"osm_id": 1081733089, "name": "", "bridge": "yes", "highway": "tertiary"}, "geometry": {"type": "LineString", "coordinates": [[94.3706417, 27.4299282], [94.3704763, 27.4295315]]}}, {"type": "Feature", "properties": {"osm_id": 1081733093, "name": "", "bridge": "yes", "highway": "unclassified"}, "geometry": {"type": "LineString", "coordinates": [[94.3810975, 27.4370756], [94.3816825, 27.4368045]]}}, {"type": "Feature", "properties": {"osm_id": 1082232502, "name": "", "bridge": "yes", "highway": "tertiary"}, "geometry": {"type": "LineString", "coordinates": [[94.3192625, 27.4851132], [94.3195571, 27.4852756]]}}, {"type": "Feature", "properties": {"osm_id": 1082232504, "name": "", "bridge": "yes", "highway": "tertiary"}, "geometry": {"type": "LineString", "coordinates": [[94.3205128, 27.4860869], [94.320774, 27.4863696]]}}, {"type": "Feature", "properties": {"osm_id": 1082285964, "name": "", "bridge": "yes", "highway": "tertiary"}, "geometry": {"type": "LineString", "coordinates": [[94.3143001, 27.5206378], [94.3146165, 27.5205726]]}}, {"type": "Feature", "properties": {"osm_id": 1082285967, "name": "", "bridge": "yes", "highway": "tertiary"}, "geometry": {"type": "LineString", "coordinates": [[94.3275533, 27.5200691], [94.3278218, 27.5200811]]}}, {"type": "Feature", "properties": {"osm_id": 1082288450, "name": "", "bridge": "yes", "highway": "tertiary"}, "geometry": {"type": "LineString", "coordinates": [[94.3271718, 27.5327506], [94.3268431, 27.5330739]]}}, {"type": "Feature", "properties": {"osm_id": 1082288462, "name": "", "bridge": "yes", "highway": "unclassified"}, "geometry": {"type": "LineString", "coordinates": [[94.3284581, 27.5119671], [94.3282731, 27.5119595]]}}, {"type": "Feature", "properties": {"osm_id": 1082298802, "name": "", "bridge": "yes", "highway": "unclassified"}, "geometry": {"type": "LineString", "coordinates": [[94.3492208, 27.4713778], [94.3499909, 27.4715487]]}}, {"type": "Feature", "properties": {"osm_id": 1082298804, "name": "", "bridge": "yes", "highway": "unclassified"}, "geometry": {"type": "LineString", "coordinates": [[94.3486082, 27.4592033], [94.3488503, 27.4591282]]}}, {"type": "Feature", "properties": {"osm_id": 1082298806, "name": "", "bridge": "yes", "highway": "unclassified"}, "geometry": {"type": "LineString", "coordinates": [[94.3531132, 27.4572787], [94.3534048, 27.4571343], [94.353552, 27.4570864]]}}, {"type": "Feature", "properties": {"osm_id": 1082298808, "name": "", "bridge": "yes", "highway": "unclassified"}, "geometry": {"type": "LineString", "coordinates": [[94.3557143, 27.455998], [94.3558212, 27.4559393]]}}, {"type": "Feature", "properties": {"osm_id": 1082298811, "name": "", "bridge": "yes", "highway": "residential"}, "geometry": {"type": "LineString", "coordinates": [[94.3495955, 27.4610007], [94.3497701, 27.4609358]]}}, {"type": "Feature", "properties": {"osm_id": 1082298813, "name": "", "bridge": "yes", "highway": "unclassified"}, "geometry": {"type": "LineString", "coordinates": [[94.3538095, 27.4708978], [94.3544938, 27.4705313]]}}, {"type": "Feature", "properties": {"osm_id": 1082298815, "name": "", "bridge": "yes", "highway": "unclassified"}, "geometry": {"type": "LineString", "coordinates": [[94.3555842, 27.4699587], [94.3559293, 27.4697161]]}}, {"type": "Feature", "properties": {"osm_id": 1082298817, "name": "", "bridge": "yes", "highway": "unclassified"}, "geometry": {"type": "LineString", "coordinates": [[94.3589517, 27.4685868], [94.3592485, 27.4685926]]}}, {"type": "Feature", "properties": {"osm_id": 1082298820, "name": "", "bridge": "yes", "highway": "unclassified"}, "geometry": {"type": "LineString", "coordinates": [[94.3558952, 27.4700668], [94.3560428, 27.4699886]]}}, {"type": "Feature", "properties": {"osm_id": 1082815493, "name": "", "bridge": "yes", "highway": "unclassified"}, "geometry": {"type": "LineString", "coordinates": [[94.3277574, 27.4743938], [94.3287337, 27.4744408]]}}, {"type": "Feature", "properties": {"osm_id": 1082946992, "name": "", "bridge": "yes", "highway": "unclassified"}, "geometry": {"type": "LineString", "coordinates": [[94.3394421, 27.4730225], [94.3397006, 27.4730598]]}}, {"type": "Feature", "properties": {"osm_id": 1082946998, "name": "", "bridge": "yes", "highway": "tertiary"}, "geometry": {"type": "LineString", "coordinates": [[94.3605313, 27.450238], [94.3606994, 27.4509003]]}}, {"type": "Feature", "properties": {"osm_id": 1082947000, "name": "", "bridge": "yes", "highway": "tertiary"}, "geometry": {"type": "LineString", "coordinates": [[94.3384253, 27.5210882], [94.3387559, 27.5210714]]}}, {"type": "Feature", "properties": {"osm_id": 1083088771, "name": "", "bridge": "yes", "highway": "tertiary"}, "geometry": {"type": "LineString", "coordinates": [[94.4715578, 27.3852947], [94.4710397, 27.3853533]]}}, {"type": "Feature", "properties": {"osm_id": 1083088779, "name": "Balipara - Harmuti - Bogibeel", "bridge": "yes", "highway": ""}, "geometry": {"type": "LineString", "coordinates": [[94.4963569, 27.4450169], [94.4966375, 27.4452929]]}}, {"type": "Feature", "properties": {"osm_id": 1083099898, "name": "", "bridge": "yes", "highway": "unclassified"}, "geometry": {"type": "LineString", "coordinates": [[94.5573443, 27.4433549], [94.5573664, 27.4432579]]}}, {"type": "Feature", "properties": {"osm_id": 1083107136, "name": "", "bridge": "yes", "highway": "unclassified"}, "geometry": {"type": "LineString", "coordinates": [[94.6018308, 27.5464601], [94.6020161, 27.5460833]]}}, {"type": "Feature", "properties": {"osm_id": 1083107139, "name": "", "bridge": "yes", "highway": "trunk"}, "geometry": {"type": "LineString", "coordinates": [[94.6003634, 27.5395557], [94.6013688, 27.5397844]]}}, {"type": "Feature", "properties": {"osm_id": 1083107141, "name": "", "bridge": "yes", "highway": "unclassified"}, "geometry": {"type": "LineString", "coordinates": [[94.5976318, 27.5582254], [94.5976913, 27.5583409]]}}, {"type": "Feature", "properties": {"osm_id": 1083107143, "name": "", "bridge": "yes", "highway": "unclassified"}, "geometry": {"type": "LineString", "coordinates": [[94.5977362, 27.5584535], [94.5977766, 27.5585443]]}}, {"type": "Feature", "properties": {"osm_id": 1083107145, "name": "", "bridge": "yes", "highway": "unclassified"}, "geometry": {"type": "LineString", "coordinates": [[94.598032, 27.5592061], [94.5980832, 27.5597368]]}}, {"type": "Feature", "properties": {"osm_id": 1083166799, "name": "", "bridge": "yes", "highway": "unclassified"}, "geometry": {"type": "LineString", "coordinates": [[94.659285, 27.6459236], [94.6585335, 27.6459007]]}}, {"type": "Feature", "properties": {"osm_id": 1083166801, "name": "", "bridge": "yes", "highway": "unclassified"}, "geometry": {"type": "LineString", "coordinates": [[94.6502557, 27.6456171], [94.6501213, 27.6454462]]}}, {"type": "Feature", "properties": {"osm_id": 1083166807, "name": "", "bridge": "yes", "highway": "unclassified"}, "geometry": {"type": "LineString", "coordinates": [[94.6440099, 27.604097], [94.6436565, 27.6038369]]}}, {"type": "Feature", "properties": {"osm_id": 1083166813, "name": "", "bridge": "yes", "highway": "unclassified"}, "geometry": {"type": "LineString", "coordinates": [[94.6373988, 27.5894951], [94.6373163, 27.5893276]]}}, {"type": "Feature", "properties": {"osm_id": 1083166816, "name": "", "bridge": "yes", "highway": "unclassified"}, "geometry": {"type": "LineString", "coordinates": [[94.6379761, 27.5844766], [94.6384047, 27.584565]]}}, {"type": "Feature", "properties": {"osm_id": 1083166818, "name": "", "bridge": "yes", "highway": "unclassified"}, "geometry": {"type": "LineString", "coordinates": [[94.6392476, 27.5847271], [94.6394254, 27.5847527]]}}, {"type": "Feature", "properties": {"osm_id": 1083166821, "name": "", "bridge": "yes", "highway": "unclassified"}, "geometry": {"type": "LineString", "coordinates": [[94.6452292, 27.5889175], [94.6455052, 27.5890716]]}}, {"type": "Feature", "properties": {"osm_id": 1083166823, "name": "", "bridge": "yes", "highway": "unclassified"}, "geometry": {"type": "LineString", "coordinates": [[94.6470876, 27.5897255], [94.6474187, 27.5897992]]}}, {"type": "Feature", "properties": {"osm_id": 1083173153, "name": "", "bridge": "yes", "highway": "unclassified"}, "geometry": {"type": "LineString", "coordinates": [[94.6523191, 27.6223131], [94.6525238, 27.6223867]]}}, {"type": "Feature", "properties": {"osm_id": 1083173155, "name": "", "bridge": "yes", "highway": "unclassified"}, "geometry": {"type": "LineString", "coordinates": [[94.6558375, 27.6165674], [94.6559599, 27.6165767]]}}, {"type": "Feature", "properties": {"osm_id": 1083175587, "name": "", "bridge": "yes", "highway": "unclassified"}, "geometry": {"type": "LineString", "coordinates": [[94.6556033, 27.6097204], [94.6558268, 27.6097346]]}}, {"type": "Feature", "properties": {"osm_id": 1083488527, "name": "", "bridge": "yes", "highway": "unclassified"}, "geometry": {"type": "LineString", "coordinates": [[94.6109475, 27.5786294], [94.6112102, 27.5786544]]}}, {"type": "Feature", "properties": {"osm_id": 1083488529, "name": "", "bridge": "yes", "highway": "unclassified"}, "geometry": {"type": "LineString", "coordinates": [[94.6164023, 27.5785175], [94.616538, 27.5784928]]}}, {"type": "Feature", "properties": {"osm_id": 1083488531, "name": "", "bridge": "yes", "highway": "unclassified"}, "geometry": {"type": "LineString", "coordinates": [[94.6199829, 27.5832712], [94.620109, 27.5833171]]}}, {"type": "Feature", "properties": {"osm_id": 1083488538, "name": "", "bridge": "yes", "highway": "unclassified"}, "geometry": {"type": "LineString", "coordinates": [[94.6424262, 27.6126728], [94.6431458, 27.6128289]]}}, {"type": "Feature", "properties": {"osm_id": 1083488541, "name": "", "bridge": "yes", "highway": "unclassified"}, "geometry": {"type": "LineString", "coordinates": [[94.6408298, 27.6123882], [94.6407417, 27.6123775]]}}, {"type": "Feature", "properties": {"osm_id": 1083488543, "name": "", "bridge": "yes", "highway": "unclassified"}, "geometry": {"type": "LineString", "coordinates": [[94.639381, 27.6121112], [94.6391157, 27.6120634]]}}, {"type": "Feature", "properties": {"osm_id": 1083488545, "name": "", "bridge": "yes", "highway": "unclassified"}, "geometry": {"type": "LineString", "coordinates": [[94.634689, 27.6246867], [94.6347067, 27.6249237]]}}, {"type": "Feature", "properties": {"osm_id": 1083488548, "name": "", "bridge": "yes", "highway": "unclassified"}, "geometry": {"type": "LineString", "coordinates": [[94.6322355, 27.6255509], [94.6324794, 27.6256134]]}}, {"type": "Feature", "properties": {"osm_id": 1083488552, "name": "", "bridge": "yes", "highway": "unclassified"}, "geometry": {"type": "LineString", "coordinates": [[94.6447861, 27.6284083], [94.6459726, 27.6285117]]}}, {"type": "Feature", "properties": {"osm_id": 1083488555, "name": "", "bridge": "yes", "highway": "construction"}, "geometry": {"type": "LineString", "coordinates": [[94.622742, 27.6243289], [94.6232258, 27.6245606]]}}, {"type": "Feature", "properties": {"osm_id": 1083488556, "name": "", "bridge": "yes", "highway": "unclassified"}, "geometry": {"type": "LineString", "coordinates": [[94.6312655, 27.6169046], [94.6323439, 27.6168555]]}}, {"type": "Feature", "properties": {"osm_id": 1083488560, "name": "", "bridge": "yes", "highway": "unclassified"}, "geometry": {"type": "LineString", "coordinates": [[94.624545, 27.6107471], [94.6242892, 27.6108133]]}}, {"type": "Feature", "properties": {"osm_id": 1083488562, "name": "", "bridge": "yes", "highway": "unclassified"}, "geometry": {"type": "LineString", "coordinates": [[94.6186271, 27.6125182], [94.618386, 27.6126099]]}}, {"type": "Feature", "properties": {"osm_id": 1083488564, "name": "", "bridge": "yes", "highway": "unclassified"}, "geometry": {"type": "LineString", "coordinates": [[94.6158987, 27.6125517], [94.6148721, 27.6122285]]}}, {"type": "Feature", "properties": {"osm_id": 1083488567, "name": "", "bridge": "yes", "highway": "unclassified"}, "geometry": {"type": "LineString", "coordinates": [[94.6249919, 27.590721], [94.6248954, 27.5909078]]}}, {"type": "Feature", "properties": {"osm_id": 1083488569, "name": "", "bridge": "yes", "highway": "unclassified"}, "geometry": {"type": "LineString", "coordinates": [[94.6246791, 27.601283], [94.6247504, 27.6013122]]}}, {"type": "Feature", "properties": {"osm_id": 1083488571, "name": "", "bridge": "yes", "highway": "unclassified"}, "geometry": {"type": "LineString", "coordinates": [[94.6193969, 27.6009759], [94.6191625, 27.6014977]]}}, {"type": "Feature", "properties": {"osm_id": 1083499998, "name": "", "bridge": "yes", "highway": "unclassified"}, "geometry": {"type": "LineString", "coordinates": [[94.6286237, 27.5802989], [94.6284233, 27.5804465]]}}, {"type": "Feature", "properties": {"osm_id": 1083500002, "name": "", "bridge": "yes", "highway": "unclassified"}, "geometry": {"type": "LineString", "coordinates": [[94.6134586, 27.5785261], [94.613485, 27.5784501]]}}, {"type": "Feature", "properties": {"osm_id": 1083500004, "name": "", "bridge": "yes", "highway": "unclassified"}, "geometry": {"type": "LineString", "coordinates": [[94.6095554, 27.5785953], [94.6096883, 27.5785963]]}}, {"type": "Feature", "properties": {"osm_id": 1083500006, "name": "", "bridge": "yes", "highway": "unclassified"}, "geometry": {"type": "LineString", "coordinates": [[94.5934341, 27.5888246], [94.5925822, 27.588862]]}}, {"type": "Feature", "properties": {"osm_id": 1083771979, "name": "", "bridge": "yes", "highway": "unclassified"}, "geometry": {"type": "LineString", "coordinates": [[94.6141434, 27.5698525], [94.613516, 27.570279]]}}, {"type": "Feature", "properties": {"osm_id": 1083923064, "name": "", "bridge": "yes", "highway": "tertiary"}, "geometry": {"type": "LineString", "coordinates": [[94.6972832, 27.6164485], [94.6969417, 27.616447]]}}, {"type": "Feature", "properties": {"osm_id": 1083924281, "name": "", "bridge": "yes", "highway": "unclassified"}, "geometry": {"type": "LineString", "coordinates": [[94.6899492, 27.6002178], [94.690158, 27.6000221]]}}, {"type": "Feature", "properties": {"osm_id": 1083924283, "name": "", "bridge": "yes", "highway": "unclassified"}, "geometry": {"type": "LineString", "coordinates": [[94.6865931, 27.5974137], [94.686363, 27.5974737]]}}, {"type": "Feature", "properties": {"osm_id": 1083924285, "name": "", "bridge": "yes", "highway": "unclassified"}, "geometry": {"type": "LineString", "coordinates": [[94.6828233, 27.588359], [94.6829274, 27.5882643]]}}, {"type": "Feature", "properties": {"osm_id": 1083927162, "name": "", "bridge": "yes", "highway": "unclassified"}, "geometry": {"type": "LineString", "coordinates": [[94.6688104, 27.5252808], [94.6686054, 27.5252456]]}}, {"type": "Feature", "properties": {"osm_id": 1083927164, "name": "", "bridge": "yes", "highway": "unclassified"}, "geometry": {"type": "LineString", "coordinates": [[94.702783, 27.5431457], [94.7026315, 27.543194]]}}, {"type": "Feature", "properties": {"osm_id": 1083927166, "name": "", "bridge": "yes", "highway": "unclassified"}, "geometry": {"type": "LineString", "coordinates": [[94.6877001, 27.5284433], [94.6878382, 27.5283943]]}}, {"type": "Feature", "properties": {"osm_id": 1083931124, "name": "", "bridge": "yes", "highway": "unclassified"}, "geometry": {"type": "LineString", "coordinates": [[94.6688961, 27.4819152], [94.6687219, 27.4822763]]}}, {"type": "Feature", "properties": {"osm_id": 1084551499, "name": "", "bridge": "yes", "highway": "track"}, "geometry": {"type": "LineString", "coordinates": [[94.5906292, 27.5660306], [94.5905649, 27.5660943]]}}, {"type": "Feature", "properties": {"osm_id": 1084562326, "name": "", "bridge": "yes", "highway": "construction"}, "geometry": {"type": "LineString", "coordinates": [[94.5994792, 27.5021087], [94.5991742, 27.5017403]]}}, {"type": "Feature", "properties": {"osm_id": 1084562341, "name": "", "bridge": "yes", "highway": "unclassified"}, "geometry": {"type": "LineString", "coordinates": [[94.5702191, 27.3848933], [94.5705905, 27.3858416]]}}, {"type": "Feature", "properties": {"osm_id": 1084578123, "name": "", "bridge": "yes", "highway": "unclassified"}, "geometry": {"type": "LineString", "coordinates": [[94.6196396, 27.5618151], [94.6195438, 27.5618466]]}}, {"type": "Feature", "properties": {"osm_id": 1084578125, "name": "", "bridge": "yes", "highway": "unclassified"}, "geometry": {"type": "LineString", "coordinates": [[94.6153391, 27.5642648], [94.6150613, 27.5644219]]}}, {"type": "Feature", "properties": {"osm_id": 1084578127, "name": "", "bridge": "yes", "highway": "unclassified"}, "geometry": {"type": "LineString", "coordinates": [[94.616731, 27.5637118], [94.616668, 27.5637386]]}}, {"type": "Feature", "properties": {"osm_id": 1084640782, "name": "", "bridge": "yes", "highway": "unclassified"}, "geometry": {"type": "LineString", "coordinates": [[94.49693, 27.5695414], [94.4969984, 27.5694592]]}}, {"type": "Feature", "properties": {"osm_id": 1084640784, "name": "", "bridge": "yes", "highway": "unclassified"}, "geometry": {"type": "LineString", "coordinates": [[94.5005273, 27.5581822], [94.5005839, 27.5578877]]}}, {"type": "Feature", "properties": {"osm_id": 1084640786, "name": "", "bridge": "yes", "highway": "tertiary"}, "geometry": {"type": "LineString", "coordinates": [[94.5224491, 27.5478202], [94.5225936, 27.5481427]]}}, {"type": "Feature", "properties": {"osm_id": 1084640788, "name": "", "bridge": "yes", "highway": "residential"}, "geometry": {"type": "LineString", "coordinates": [[94.5382063, 27.5436462], [94.5382806, 27.5434054]]}}, {"type": "Feature", "properties": {"osm_id": 1084643071, "name": "", "bridge": "yes", "highway": "trunk"}, "geometry": {"type": "LineString", "coordinates": [[94.5942516, 27.5274833], [94.5943819, 27.5277566]]}}, {"type": "Feature", "properties": {"osm_id": 1084648671, "name": "", "bridge": "yes", "highway": "trunk"}, "geometry": {"type": "LineString", "coordinates": [[94.5918155, 27.5183805], [94.5919055, 27.5185553]]}}, {"type": "Feature", "properties": {"osm_id": 1084648673, "name": "", "bridge": "yes", "highway": "trunk"}, "geometry": {"type": "LineString", "coordinates": [[94.5926998, 27.5214605], [94.5927326, 27.521699]]}}, {"type": "Feature", "properties": {"osm_id": 1084648675, "name": "", "bridge": "yes", "highway": "unclassified"}, "geometry": {"type": "LineString", "coordinates": [[94.5911864, 27.521243], [94.5912075, 27.5212974]]}}, {"type": "Feature", "properties": {"osm_id": 1084648679, "name": "", "bridge": "yes", "highway": "unclassified"}, "geometry": {"type": "LineString", "coordinates": [[94.5715663, 27.5277264], [94.5713938, 27.5275751]]}}, {"type": "Feature", "properties": {"osm_id": 1084648686, "name": "", "bridge": "yes", "highway": "unclassified"}, "geometry": {"type": "LineString", "coordinates": [[94.578461, 27.5190246], [94.5784323, 27.5193743]]}}, {"type": "Feature", "properties": {"osm_id": 1085240096, "name": "", "bridge": "yes", "highway": "unclassified"}, "geometry": {"type": "LineString", "coordinates": [[94.5387064, 27.5390971], [94.5388461, 27.5392324]]}}, {"type": "Feature", "properties": {"osm_id": 1085240098, "name": "", "bridge": "yes", "highway": "unclassified"}, "geometry": {"type": "LineString", "coordinates": [[94.5403178, 27.5408607], [94.5403786, 27.5409098]]}}, {"type": "Feature", "properties": {"osm_id": 1085240101, "name": "", "bridge": "yes", "highway": "unclassified"}, "geometry": {"type": "LineString", "coordinates": [[94.5972713, 27.4930236], [94.5974819, 27.4930936]]}}, {"type": "Feature", "properties": {"osm_id": 1085240103, "name": "", "bridge": "yes", "highway": "unclassified"}, "geometry": {"type": "LineString", "coordinates": [[94.5962109, 27.4926104], [94.5964678, 27.4927234]]}}, {"type": "Feature", "properties": {"osm_id": 1085240105, "name": "", "bridge": "yes", "highway": "unclassified"}, "geometry": {"type": "LineString", "coordinates": [[94.5950731, 27.4921295], [94.5953585, 27.4922465]]}}, {"type": "Feature", "properties": {"osm_id": 1085241823, "name": "", "bridge": "yes", "highway": "tertiary"}, "geometry": {"type": "LineString", "coordinates": [[94.5020826, 27.5532315], [94.5020631, 27.5533383]]}}, {"type": "Feature", "properties": {"osm_id": 1085241825, "name": "", "bridge": "yes", "highway": "unclassified"}, "geometry": {"type": "LineString", "coordinates": [[94.5062477, 27.5510306], [94.5063727, 27.5510569]]}}, {"type": "Feature", "properties": {"osm_id": 1085241827, "name": "", "bridge": "yes", "highway": "unclassified"}, "geometry": {"type": "LineString", "coordinates": [[94.5159224, 27.5511568], [94.5160545, 27.5509926]]}}, {"type": "Feature", "properties": {"osm_id": 1085247506, "name": "", "bridge": "yes", "highway": "unclassified"}, "geometry": {"type": "LineString", "coordinates": [[94.488701, 27.567485], [94.4886672, 27.5674612]]}}, {"type": "Feature", "properties": {"osm_id": 1085247507, "name": "", "bridge": "yes", "highway": "unclassified"}, "geometry": {"type": "LineString", "coordinates": [[94.4880986, 27.5672878], [94.4881431, 27.5673067]]}}, {"type": "Feature", "properties": {"osm_id": 1085247511, "name": "", "bridge": "yes", "highway": "unclassified"}, "geometry": {"type": "LineString", "coordinates": [[94.4804577, 27.5645319], [94.4804946, 27.5645597]]}}, {"type": "Feature", "properties": {"osm_id": 1085247513, "name": "", "bridge": "yes", "highway": "unclassified"}, "geometry": {"type": "LineString", "coordinates": [[94.4621951, 27.5708174], [94.4622653, 27.5707529]]}}, {"type": "Feature", "properties": {"osm_id": 1085247516, "name": "", "bridge": "yes", "highway": "construction"}, "geometry": {"type": "LineString", "coordinates": [[94.4652689, 27.5683338], [94.4655715, 27.5682895]]}}, {"type": "Feature", "properties": {"osm_id": 1085247518, "name": "", "bridge": "yes", "highway": "construction"}, "geometry": {"type": "LineString", "coordinates": [[94.4693372, 27.5673769], [94.469693, 27.5673113]]}}, {"type": "Feature", "properties": {"osm_id": 1085247522, "name": "", "bridge": "yes", "highway": "unclassified"}, "geometry": {"type": "LineString", "coordinates": [[94.4758411, 27.5676762], [94.4761626, 27.5676814]]}}, {"type": "Feature", "properties": {"osm_id": 1085247524, "name": "", "bridge": "yes", "highway": "unclassified"}, "geometry": {"type": "LineString", "coordinates": [[94.4772957, 27.5675904], [94.4776544, 27.567534]]}}, {"type": "Feature", "properties": {"osm_id": 1085247526, "name": "", "bridge": "yes", "highway": "unclassified"}, "geometry": {"type": "LineString", "coordinates": [[94.4799988, 27.5676832], [94.4803156, 27.5677667]]}}, {"type": "Feature", "properties": {"osm_id": 1085247528, "name": "", "bridge": "yes", "highway": "unclassified"}, "geometry": {"type": "LineString", "coordinates": [[94.4882561, 27.5695697], [94.4883167, 27.569555]]}}, {"type": "Feature", "properties": {"osm_id": 1085247531, "name": "", "bridge": "yes", "highway": "unclassified"}, "geometry": {"type": "LineString", "coordinates": [[94.4905591, 27.5691831], [94.4906228, 27.569178]]}}, {"type": "Feature", "properties": {"osm_id": 1085247533, "name": "", "bridge": "yes", "highway": "unclassified"}, "geometry": {"type": "LineString", "coordinates": [[94.4651786, 27.5626762], [94.4653593, 27.5626899]]}}, {"type": "Feature", "properties": {"osm_id": 1085249513, "name": "", "bridge": "yes", "highway": "unclassified"}, "geometry": {"type": "LineString", "coordinates": [[94.5261023, 27.5431314], [94.5260812, 27.5431549]]}}, {"type": "Feature", "properties": {"osm_id": 1085249515, "name": "", "bridge": "yes", "highway": "unclassified"}, "geometry": {"type": "LineString", "coordinates": [[94.5201464, 27.5445659], [94.5201698, 27.5445872]]}}, {"type": "Feature", "properties": {"osm_id": 1085256750, "name": "", "bridge": "yes", "highway": "unclassified"}, "geometry": {"type": "LineString", "coordinates": [[94.5054029, 27.5426336], [94.5053481, 27.542583]]}}, {"type": "Feature", "properties": {"osm_id": 1085256752, "name": "", "bridge": "yes", "highway": "tertiary"}, "geometry": {"type": "LineString", "coordinates": [[94.5101756, 27.5385092], [94.5100909, 27.5386213]]}}, {"type": "Feature", "properties": {"osm_id": 1085256754, "name": "", "bridge": "yes", "highway": "unclassified"}, "geometry": {"type": "LineString", "coordinates": [[94.5247389, 27.5226431], [94.5248416, 27.5227002]]}}, {"type": "Feature", "properties": {"osm_id": 1085256756, "name": "", "bridge": "yes", "highway": "tertiary"}, "geometry": {"type": "LineString", "coordinates": [[94.5276087, 27.5201449], [94.5276264, 27.520326]]}}, {"type": "Feature", "properties": {"osm_id": 1085262282, "name": "", "bridge": "yes", "highway": "unclassified"}, "geometry": {"type": "LineString", "coordinates": [[94.5904079, 27.4904037], [94.5904741, 27.4904258]]}}, {"type": "Feature", "properties": {"osm_id": 1085742265, "name": "", "bridge": "yes", "highway": "unclassified"}, "geometry": {"type": "LineString", "coordinates": [[94.5407919, 27.5753622], [94.5406528, 27.575356]]}}, {"type": "Feature", "properties": {"osm_id": 1085742267, "name": "", "bridge": "yes", "highway": "unclassified"}, "geometry": {"type": "LineString", "coordinates": [[94.5336808, 27.5778593], [94.5330771, 27.5777873]]}}, {"type": "Feature", "properties": {"osm_id": 1085742271, "name": "", "bridge": "yes", "highway": "unclassified"}, "geometry": {"type": "LineString", "coordinates": [[94.5507963, 27.5845528], [94.550596, 27.583693]]}}, {"type": "Feature", "properties": {"osm_id": 1085742273, "name": "", "bridge": "yes", "highway": "unclassified"}, "geometry": {"type": "LineString", "coordinates": [[94.5509624, 27.5813564], [94.5510793, 27.580825]]}}, {"type": "Feature", "properties": {"osm_id": 1085742275, "name": "", "bridge": "yes", "highway": "unclassified"}, "geometry": {"type": "LineString", "coordinates": [[94.5511856, 27.5796712], [94.5508867, 27.578948]]}}, {"type": "Feature", "properties": {"osm_id": 1085742279, "name": "", "bridge": "yes", "highway": "unclassified"}, "geometry": {"type": "LineString", "coordinates": [[94.5501337, 27.5731752], [94.5501274, 27.5731188]]}}, {"type": "Feature", "properties": {"osm_id": 1085742282, "name": "", "bridge": "yes", "highway": "unclassified"}, "geometry": {"type": "LineString", "coordinates": [[94.5500598, 27.5724154], [94.5500565, 27.5723841]]}}, {"type": "Feature", "properties": {"osm_id": 1085742283, "name": "", "bridge": "yes", "highway": "unclassified"}, "geometry": {"type": "LineString", "coordinates": [[94.5499951, 27.5718062], [94.5499943, 27.5717648]]}}, {"type": "Feature", "properties": {"osm_id": 1085742285, "name": "", "bridge": "yes", "highway": "unclassified"}, "geometry": {"type": "LineString", "coordinates": [[94.5502831, 27.5698748], [94.5502815, 27.5697568]]}}, {"type": "Feature", "properties": {"osm_id": 1085742289, "name": "", "bridge": "yes", "highway": "unclassified"}, "geometry": {"type": "LineString", "coordinates": [[94.552938, 27.5641098], [94.5530547, 27.5638621]]}}, {"type": "Feature", "properties": {"osm_id": 1085742291, "name": "", "bridge": "yes", "highway": "unclassified"}, "geometry": {"type": "LineString", "coordinates": [[94.5531178, 27.5631897], [94.5531193, 27.5630489]]}}, {"type": "Feature", "properties": {"osm_id": 1085742293, "name": "", "bridge": "yes", "highway": "unclassified"}, "geometry": {"type": "LineString", "coordinates": [[94.5531372, 27.56276], [94.5531388, 27.5624569]]}}, {"type": "Feature", "properties": {"osm_id": 1085742295, "name": "", "bridge": "yes", "highway": "unclassified"}, "geometry": {"type": "LineString", "coordinates": [[94.5401055, 27.5619326], [94.5408157, 27.5618794]]}}, {"type": "Feature", "properties": {"osm_id": 1085742297, "name": "", "bridge": "yes", "highway": "unclassified"}, "geometry": {"type": "LineString", "coordinates": [[94.5489532, 27.5611622], [94.5490019, 27.5611639]]}}, {"type": "Feature", "properties": {"osm_id": 1085743831, "name": "", "bridge": "yes", "highway": "unclassified"}, "geometry": {"type": "LineString", "coordinates": [[94.5700436, 27.5708181], [94.5699593, 27.5709659]]}}, {"type": "Feature", "properties": {"osm_id": 1085743833, "name": "", "bridge": "yes", "highway": "unclassified"}, "geometry": {"type": "LineString", "coordinates": [[94.568133, 27.5732445], [94.5680972, 27.5733011]]}}, {"type": "Feature", "properties": {"osm_id": 1085743835, "name": "", "bridge": "yes", "highway": "unclassified"}, "geometry": {"type": "LineString", "coordinates": [[94.5667485, 27.5769281], [94.566757, 27.5770826]]}}, {"type": "Feature", "properties": {"osm_id": 1085743839, "name": "", "bridge": "yes", "highway": "unclassified"}, "geometry": {"type": "LineString", "coordinates": [[94.5575729, 27.5836965], [94.557554, 27.5836702]]}}, {"type": "Feature", "properties": {"osm_id": 1085743842, "name": "", "bridge": "yes", "highway": "unclassified"}, "geometry": {"type": "LineString", "coordinates": [[94.5651147, 27.5837915], [94.5653734, 27.5840171]]}}, {"type": "Feature", "properties": {"osm_id": 1085743845, "name": "", "bridge": "yes", "highway": "unclassified"}, "geometry": {"type": "LineString", "coordinates": [[94.5660343, 27.5847792], [94.5660874, 27.5850824]]}}, {"type": "Feature", "properties": {"osm_id": 1085758178, "name": "", "bridge": "yes", "highway": "unclassified"}, "geometry": {"type": "LineString", "coordinates": [[94.5873177, 27.5983029], [94.587349, 27.5982977]]}}, {"type": "Feature", "properties": {"osm_id": 1085758203, "name": "", "bridge": "yes", "highway": "unclassified"}, "geometry": {"type": "LineString", "coordinates": [[94.5870951, 27.5945578], [94.5870563, 27.5945761]]}}, {"type": "Feature", "properties": {"osm_id": 1085779667, "name": "", "bridge": "yes", "highway": "track"}, "geometry": {"type": "LineString", "coordinates": [[94.5898143, 27.5666355], [94.5897958, 27.5666492]]}}, {"type": "Feature", "properties": {"osm_id": 1085779668, "name": "", "bridge": "yes", "highway": "path"}, "geometry": {"type": "LineString", "coordinates": [[94.5865346, 27.5712856], [94.5865069, 27.5713335]]}}, {"type": "Feature", "properties": {"osm_id": 1085779675, "name": "", "bridge": "yes", "highway": "unclassified"}, "geometry": {"type": "LineString", "coordinates": [[94.5927436, 27.5643856], [94.5926961, 27.5644192]]}}, {"type": "Feature", "properties": {"osm_id": 1085779677, "name": "", "bridge": "yes", "highway": "unclassified"}, "geometry": {"type": "LineString", "coordinates": [[94.594151, 27.5634881], [94.5940816, 27.5635126]]}}, {"type": "Feature", "properties": {"osm_id": 1085781198, "name": "", "bridge": "yes", "highway": "unclassified"}, "geometry": {"type": "LineString", "coordinates": [[94.5595457, 27.59375], [94.5594576, 27.5937288]]}}, {"type": "Feature", "properties": {"osm_id": 1086668380, "name": "", "bridge": "yes", "highway": "unclassified"}, "geometry": {"type": "LineString", "coordinates": [[94.5721899, 27.5628947], [94.5721953, 27.5628218]]}}, {"type": "Feature", "properties": {"osm_id": 1086668382, "name": "", "bridge": "yes", "highway": "unclassified"}, "geometry": {"type": "LineString", "coordinates": [[94.5743898, 27.5568186], [94.5745479, 27.5563078]]}}, {"type": "Feature", "properties": {"osm_id": 1086853047, "name": "", "bridge": "yes", "highway": "unclassified"}, "geometry": {"type": "LineString", "coordinates": [[94.5034807, 27.5687686], [94.5036154, 27.568898]]}}, {"type": "Feature", "properties": {"osm_id": 1086866023, "name": "", "bridge": "yes", "highway": "track"}, "geometry": {"type": "LineString", "coordinates": [[94.5480578, 27.5699788], [94.5480342, 27.5699647]]}}, {"type": "Feature", "properties": {"osm_id": 1086866025, "name": "", "bridge": "yes", "highway": "unclassified"}, "geometry": {"type": "LineString", "coordinates": [[94.5288372, 27.5644063], [94.5289598, 27.5649185]]}}, {"type": "Feature", "properties": {"osm_id": 1086866027, "name": "", "bridge": "yes", "highway": "unclassified"}, "geometry": {"type": "LineString", "coordinates": [[94.5290897, 27.5653693], [94.5291134, 27.5654867]]}}, {"type": "Feature", "properties": {"osm_id": 1086866029, "name": "", "bridge": "yes", "highway": "unclassified"}, "geometry": {"type": "LineString", "coordinates": [[94.5296112, 27.5702281], [94.5295364, 27.5702366]]}}, {"type": "Feature", "properties": {"osm_id": 1086874814, "name": "", "bridge": "yes", "highway": "unclassified"}, "geometry": {"type": "LineString", "coordinates": [[94.5259949, 27.5527185], [94.5260512, 27.5528816]]}}, {"type": "Feature", "properties": {"osm_id": 1086874816, "name": "", "bridge": "yes", "highway": "unclassified"}, "geometry": {"type": "LineString", "coordinates": [[94.5113596, 27.5679221], [94.511496, 27.5679431]]}}, {"type": "Feature", "properties": {"osm_id": 1086874819, "name": "", "bridge": "yes", "highway": "unclassified"}, "geometry": {"type": "LineString", "coordinates": [[94.5434246, 27.5479721], [94.5434541, 27.5477964]]}}, {"type": "Feature", "properties": {"osm_id": 1086874823, "name": "", "bridge": "yes", "highway": "unclassified"}, "geometry": {"type": "LineString", "coordinates": [[94.5579573, 27.534614], [94.5578745, 27.5345841]]}}, {"type": "Feature", "properties": {"osm_id": 1086874825, "name": "", "bridge": "yes", "highway": "unclassified"}, "geometry": {"type": "LineString", "coordinates": [[94.5567119, 27.5132414], [94.5567576, 27.5133038]]}}, {"type": "Feature", "properties": {"osm_id": 1086874828, "name": "", "bridge": "yes", "highway": "unclassified"}, "geometry": {"type": "LineString", "coordinates": [[94.551911, 27.5201732], [94.5519293, 27.5202805]]}}, {"type": "Feature", "properties": {"osm_id": 1086951881, "name": "", "bridge": "yes", "highway": "tertiary"}, "geometry": {"type": "LineString", "coordinates": [[94.0244012, 27.2659132], [94.0244528, 27.2660598]]}}, {"type": "Feature", "properties": {"osm_id": 1086951883, "name": "Balipara - Harmuti - Bogibeel", "bridge": "yes", "highway": ""}, "geometry": {"type": "LineString", "coordinates": [[94.0527193, 27.2120073], [94.0556225, 27.2134856]]}}, {"type": "Feature", "properties": {"osm_id": 1086975881, "name": "", "bridge": "yes", "highway": "unclassified"}, "geometry": {"type": "LineString", "coordinates": [[94.0384496, 27.3002269], [94.0389267, 27.3003792]]}}, {"type": "Feature", "properties": {"osm_id": 1086984078, "name": "Ranganadi Bridge", "bridge": "yes", "highway": "trunk"}, "geometry": {"type": "LineString", "coordinates": [[94.0608522, 27.2044777], [94.0600355, 27.2042198], [94.0592302, 27.2039493]]}}, {"type": "Feature", "properties": {"osm_id": 1086996747, "name": "", "bridge": "yes", "highway": "residential"}, "geometry": {"type": "LineString", "coordinates": [[94.0256811, 27.2655234], [94.0259789, 27.2655113]]}}, {"type": "Feature", "properties": {"osm_id": 1087007800, "name": "", "bridge": "yes", "highway": "residential"}, "geometry": {"type": "LineString", "coordinates": [[94.0238842, 27.2651632], [94.0237731, 27.265215]]}}, {"type": "Feature", "properties": {"osm_id": 1088072556, "name": "", "bridge": "yes", "highway": "unclassified"}, "geometry": {"type": "LineString", "coordinates": [[94.5404165, 27.5175056], [94.5404328, 27.5173703]]}}, {"type": "Feature", "properties": {"osm_id": 1088072559, "name": "", "bridge": "yes", "highway": "unclassified"}, "geometry": {"type": "LineString", "coordinates": [[94.5443841, 27.5158848], [94.544422, 27.5157957]]}}, {"type": "Feature", "properties": {"osm_id": 1088072564, "name": "", "bridge": "yes", "highway": "unclassified"}, "geometry": {"type": "LineString", "coordinates": [[94.6092462, 27.4463524], [94.608738, 27.4463636]]}}, {"type": "Feature", "properties": {"osm_id": 1088072566, "name": "", "bridge": "yes", "highway": "unclassified"}, "geometry": {"type": "LineString", "coordinates": [[94.6067057, 27.4464983], [94.6065895, 27.4465164]]}}, {"type": "Feature", "properties": {"osm_id": 1088076885, "name": "", "bridge": "yes", "highway": "unclassified"}, "geometry": {"type": "LineString", "coordinates": [[94.6138935, 27.4493662], [94.6148651, 27.4488893]]}}, {"type": "Feature", "properties": {"osm_id": 1088076887, "name": "", "bridge": "yes", "highway": "unclassified"}, "geometry": {"type": "LineString", "coordinates": [[94.6235868, 27.4478782], [94.6239193, 27.4478365]]}}, {"type": "Feature", "properties": {"osm_id": 1088087458, "name": "", "bridge": "yes", "highway": "secondary"}, "geometry": {"type": "LineString", "coordinates": [[94.589199, 27.4517674], [94.5890846, 27.4518151]]}}, {"type": "Feature", "properties": {"osm_id": 1088113399, "name": "", "bridge": "yes", "highway": "unclassified"}, "geometry": {"type": "LineString", "coordinates": [[94.5202542, 27.5782013], [94.5201766, 27.5782336]]}}, {"type": "Feature", "properties": {"osm_id": 1088113407, "name": "", "bridge": "yes", "highway": "unclassified"}, "geometry": {"type": "LineString", "coordinates": [[94.5180238, 27.5844396], [94.5177907, 27.5843863]]}}, {"type": "Feature", "properties": {"osm_id": 1088113410, "name": "", "bridge": "yes", "highway": "unclassified"}, "geometry": {"type": "LineString", "coordinates": [[94.5170424, 27.5841675], [94.516847, 27.584108]]}}, {"type": "Feature", "properties": {"osm_id": 1088113415, "name": "", "bridge": "yes", "highway": "unclassified"}, "geometry": {"type": "LineString", "coordinates": [[94.5109476, 27.5809567], [94.5108748, 27.580921]]}}, {"type": "Feature", "properties": {"osm_id": 1088113419, "name": "", "bridge": "yes", "highway": "unclassified"}, "geometry": {"type": "LineString", "coordinates": [[94.4884041, 27.5467283], [94.4883466, 27.5467026]]}}, {"type": "Feature", "properties": {"osm_id": 1088113429, "name": "", "bridge": "yes", "highway": "unclassified"}, "geometry": {"type": "LineString", "coordinates": [[94.5200732, 27.5074342], [94.5201743, 27.507461]]}}, {"type": "Feature", "properties": {"osm_id": 1088113434, "name": "", "bridge": "yes", "highway": "unclassified"}, "geometry": {"type": "LineString", "coordinates": [[94.5193461, 27.5138718], [94.5192472, 27.5140386]]}}, {"type": "Feature", "properties": {"osm_id": 1088113436, "name": "", "bridge": "yes", "highway": "unclassified"}, "geometry": {"type": "LineString", "coordinates": [[94.5067764, 27.5237934], [94.5070379, 27.5238695]]}}, {"type": "Feature", "properties": {"osm_id": 1088113438, "name": "", "bridge": "yes", "highway": "unclassified"}, "geometry": {"type": "LineString", "coordinates": [[94.5200345, 27.5120942], [94.5200115, 27.5121755]]}}, {"type": "Feature", "properties": {"osm_id": 1088113440, "name": "", "bridge": "yes", "highway": "unclassified"}, "geometry": {"type": "LineString", "coordinates": [[94.5043025, 27.5260136], [94.5041905, 27.5261696]]}}, {"type": "Feature", "properties": {"osm_id": 1088131275, "name": "", "bridge": "yes", "highway": "tertiary"}, "geometry": {"type": "LineString", "coordinates": [[94.5775614, 27.4411199], [94.5774973, 27.4404147]]}}, {"type": "Feature", "properties": {"osm_id": 1088131277, "name": "", "bridge": "yes", "highway": "tertiary"}, "geometry": {"type": "LineString", "coordinates": [[94.5756366, 27.43619], [94.5754514, 27.4355064]]}}, {"type": "Feature", "properties": {"osm_id": 1088131279, "name": "", "bridge": "yes", "highway": "tertiary"}, "geometry": {"type": "LineString", "coordinates": [[94.5759218, 27.4256657], [94.5759016, 27.4254407]]}}, {"type": "Feature", "properties": {"osm_id": 1088131283, "name": "", "bridge": "yes", "highway": "tertiary"}, "geometry": {"type": "LineString", "coordinates": [[94.5760338, 27.4160697], [94.5760281, 27.4159923]]}}, {"type": "Feature", "properties": {"osm_id": 1088131285, "name": "", "bridge": "yes", "highway": "tertiary"}, "geometry": {"type": "LineString", "coordinates": [[94.5760028, 27.4154909], [94.5759997, 27.4153368]]}}, {"type": "Feature", "properties": {"osm_id": 1088131290, "name": "", "bridge": "yes", "highway": "tertiary"}, "geometry": {"type": "LineString", "coordinates": [[94.5759294, 27.4073266], [94.5757865, 27.4071066]]}}, {"type": "Feature", "properties": {"osm_id": 1088131293, "name": "", "bridge": "yes", "highway": "tertiary"}, "geometry": {"type": "LineString", "coordinates": [[94.5683222, 27.3919865], [94.5683768, 27.3918674]]}}, {"type": "Feature", "properties": {"osm_id": 1088141468, "name": "", "bridge": "yes", "highway": "unclassified"}, "geometry": {"type": "LineString", "coordinates": [[94.5420379, 27.4795288], [94.542191, 27.4795183]]}}, {"type": "Feature", "properties": {"osm_id": 1088141473, "name": "Balipara - Harmuti - Bogibeel", "bridge": "yes", "highway": ""}, "geometry": {"type": "LineString", "coordinates": [[94.5363752, 27.4836108], [94.536763, 27.4839813]]}}, {"type": "Feature", "properties": {"osm_id": 1088141475, "name": "", "bridge": "yes", "highway": "trunk"}, "geometry": {"type": "LineString", "coordinates": [[94.5479529, 27.4530801], [94.5480188, 27.4532349]]}}, {"type": "Feature", "properties": {"osm_id": 1088141478, "name": "", "bridge": "yes", "highway": "residential"}, "geometry": {"type": "LineString", "coordinates": [[94.5376167, 27.4698926], [94.5374757, 27.469959]]}}, {"type": "Feature", "properties": {"osm_id": 1088141480, "name": "", "bridge": "yes", "highway": "residential"}, "geometry": {"type": "LineString", "coordinates": [[94.5353545, 27.463238], [94.5356768, 27.463375]]}}, {"type": "Feature", "properties": {"osm_id": 1088350211, "name": "", "bridge": "yes", "highway": "unclassified"}, "geometry": {"type": "LineString", "coordinates": [[94.5192623, 27.4888097], [94.5192475, 27.4888607]]}}, {"type": "Feature", "properties": {"osm_id": 1088350213, "name": "", "bridge": "yes", "highway": "unclassified"}, "geometry": {"type": "LineString", "coordinates": [[94.5223157, 27.4924301], [94.52237, 27.4924468]]}}, {"type": "Feature", "properties": {"osm_id": 1088350215, "name": "", "bridge": "yes", "highway": "unclassified"}, "geometry": {"type": "LineString", "coordinates": [[94.5254654, 27.4939905], [94.5256159, 27.4941952]]}}, {"type": "Feature", "properties": {"osm_id": 1088350217, "name": "", "bridge": "yes", "highway": "unclassified"}, "geometry": {"type": "LineString", "coordinates": [[94.5299197, 27.4959539], [94.529902, 27.4960346]]}}, {"type": "Feature", "properties": {"osm_id": 1088350220, "name": "Station Road", "bridge": "yes", "highway": "secondary"}, "geometry": {"type": "LineString", "coordinates": [[94.5454733, 27.493255], [94.5453986, 27.49331]]}}, {"type": "Feature", "properties": {"osm_id": 1088350222, "name": "", "bridge": "yes", "highway": "unclassified"}, "geometry": {"type": "LineString", "coordinates": [[94.5421553, 27.490154], [94.5422308, 27.4900734]]}}, {"type": "Feature", "properties": {"osm_id": 1088350229, "name": "", "bridge": "yes", "highway": "unclassified"}, "geometry": {"type": "LineString", "coordinates": [[94.5168878, 27.4789981], [94.5169143, 27.4789518]]}}, {"type": "Feature", "properties": {"osm_id": 1088350232, "name": "", "bridge": "yes", "highway": "trunk"}, "geometry": {"type": "LineString", "coordinates": [[94.5192425, 27.4370178], [94.5196799, 27.4371329]]}}, {"type": "Feature", "properties": {"osm_id": 1088350234, "name": "", "bridge": "yes", "highway": "track"}, "geometry": {"type": "LineString", "coordinates": [[94.5448849, 27.5411744], [94.5449049, 27.5411556]]}}, {"type": "Feature", "properties": {"osm_id": 1088350237, "name": "", "bridge": "yes", "highway": "track"}, "geometry": {"type": "LineString", "coordinates": [[94.5530053, 27.5001207], [94.5529517, 27.5001349]]}}, {"type": "Feature", "properties": {"osm_id": 1088350241, "name": "", "bridge": "yes", "highway": "secondary"}, "geometry": {"type": "LineString", "coordinates": [[94.5970366, 27.4368006], [94.5968497, 27.4358677]]}}, {"type": "Feature", "properties": {"osm_id": 1088350244, "name": "", "bridge": "yes", "highway": "secondary"}, "geometry": {"type": "LineString", "coordinates": [[94.5891993, 27.4214428], [94.589228, 27.421021]]}}, {"type": "Feature", "properties": {"osm_id": 1088366193, "name": "", "bridge": "yes", "highway": "unclassified"}, "geometry": {"type": "LineString", "coordinates": [[94.5703619, 27.4143109], [94.5703065, 27.4143427]]}}, {"type": "Feature", "properties": {"osm_id": 1088366198, "name": "", "bridge": "yes", "highway": "unclassified"}, "geometry": {"type": "LineString", "coordinates": [[94.5729746, 27.3866893], [94.5730996, 27.3866718]]}}, {"type": "Feature", "properties": {"osm_id": 1088366200, "name": "", "bridge": "yes", "highway": "unclassified"}, "geometry": {"type": "LineString", "coordinates": [[94.5736682, 27.3866131], [94.5738757, 27.3866067]]}}, {"type": "Feature", "properties": {"osm_id": 1088366204, "name": "", "bridge": "yes", "highway": "unclassified"}, "geometry": {"type": "LineString", "coordinates": [[94.5899645, 27.3843162], [94.590812, 27.3853917]]}}, {"type": "Feature", "properties": {"osm_id": 1088420777, "name": "", "bridge": "yes", "highway": "track"}, "geometry": {"type": "LineString", "coordinates": [[94.5180277, 27.4758417], [94.5180466, 27.4757876]]}}, {"type": "Feature", "properties": {"osm_id": 1088420780, "name": "", "bridge": "yes", "highway": "track"}, "geometry": {"type": "LineString", "coordinates": [[94.5187452, 27.4715656], [94.5187539, 27.4715076]]}}, {"type": "Feature", "properties": {"osm_id": 1088420784, "name": "Balipara - Harmuti - Bogibeel", "bridge": "yes", "highway": ""}, "geometry": {"type": "LineString", "coordinates": [[94.5237133, 27.4714834], [94.523978, 27.4717372]]}}, {"type": "Feature", "properties": {"osm_id": 1088420786, "name": "", "bridge": "yes", "highway": "unclassified"}, "geometry": {"type": "LineString", "coordinates": [[94.5314312, 27.4537178], [94.5313922, 27.4537618]]}}, {"type": "Feature", "properties": {"osm_id": 1088420788, "name": "", "bridge": "yes", "highway": "unclassified"}, "geometry": {"type": "LineString", "coordinates": [[94.5290994, 27.4519318], [94.5291414, 27.4519117]]}}, {"type": "Feature", "properties": {"osm_id": 1088420796, "name": "", "bridge": "yes", "highway": "unclassified"}, "geometry": {"type": "LineString", "coordinates": [[94.5154387, 27.4241205], [94.5153663, 27.424099], [94.5153087, 27.4240755], [94.5152527, 27.4240306], [94.5151671, 27.423954], [94.5150978, 27.4238904]]}}, {"type": "Feature", "properties": {"osm_id": 1088420798, "name": "", "bridge": "yes", "highway": "unclassified"}, "geometry": {"type": "LineString", "coordinates": [[94.5111226, 27.4210959], [94.5107215, 27.4209671]]}}, {"type": "Feature", "properties": {"osm_id": 1088420800, "name": "", "bridge": "yes", "highway": "unclassified"}, "geometry": {"type": "LineString", "coordinates": [[94.505819, 27.4188266], [94.5052517, 27.4186581]]}}, {"type": "Feature", "properties": {"osm_id": 1088420802, "name": "", "bridge": "yes", "highway": "unclassified"}, "geometry": {"type": "LineString", "coordinates": [[94.5021264, 27.4181517], [94.5019835, 27.4181181]]}}, {"type": "Feature", "properties": {"osm_id": 1088420804, "name": "", "bridge": "yes", "highway": "unclassified"}, "geometry": {"type": "LineString", "coordinates": [[94.4984068, 27.4172362], [94.4979564, 27.4172473]]}}, {"type": "Feature", "properties": {"osm_id": 1088420807, "name": "", "bridge": "yes", "highway": "trunk"}, "geometry": {"type": "LineString", "coordinates": [[94.4901007, 27.4285399], [94.4904113, 27.4286185]]}}, {"type": "Feature", "properties": {"osm_id": 1088420809, "name": "", "bridge": "yes", "highway": "unclassified"}, "geometry": {"type": "LineString", "coordinates": [[94.4907458, 27.4276839], [94.4907033, 27.4276053]]}}, {"type": "Feature", "properties": {"osm_id": 1088420811, "name": "", "bridge": "yes", "highway": "tertiary"}, "geometry": {"type": "LineString", "coordinates": [[94.494484, 27.4140655], [94.4944616, 27.4140173]]}}, {"type": "Feature", "properties": {"osm_id": 1088420817, "name": "", "bridge": "yes", "highway": "trunk"}, "geometry": {"type": "LineString", "coordinates": [[94.4777807, 27.4252206], [94.4792626, 27.4255876]]}}, {"type": "Feature", "properties": {"osm_id": 1088703126, "name": "", "bridge": "yes", "highway": "unclassified"}, "geometry": {"type": "LineString", "coordinates": [[94.4528876, 27.3662797], [94.4530337, 27.3657396]]}}, {"type": "Feature", "properties": {"osm_id": 1088710474, "name": "", "bridge": "yes", "highway": "unclassified"}, "geometry": {"type": "LineString", "coordinates": [[94.4920308, 27.3608963], [94.4918926, 27.3612817], [94.4918442, 27.3614373], [94.4917625, 27.3616344], [94.4916874, 27.3618492], [94.4915206, 27.3621767]]}}, {"type": "Feature", "properties": {"osm_id": 1088710476, "name": "", "bridge": "yes", "highway": "unclassified"}, "geometry": {"type": "LineString", "coordinates": [[94.4853455, 27.3866376], [94.4849851, 27.3874392]]}}, {"type": "Feature", "properties": {"osm_id": 1088739333, "name": "", "bridge": "yes", "highway": "unclassified"}, "geometry": {"type": "LineString", "coordinates": [[94.4994871, 27.3870945], [94.4994919, 27.3870456]]}}, {"type": "Feature", "properties": {"osm_id": 1088739335, "name": "", "bridge": "yes", "highway": "unclassified"}, "geometry": {"type": "LineString", "coordinates": [[94.4997103, 27.3856487], [94.4997008, 27.3856036]]}}, {"type": "Feature", "properties": {"osm_id": 1088739337, "name": "", "bridge": "yes", "highway": "unclassified"}, "geometry": {"type": "LineString", "coordinates": [[94.4996528, 27.3845521], [94.499696, 27.3844594]]}}, {"type": "Feature", "properties": {"osm_id": 1088739342, "name": "", "bridge": "yes", "highway": "trunk"}, "geometry": {"type": "LineString", "coordinates": [[94.4989933, 27.4310081], [94.4995216, 27.4311485]]}}, {"type": "Feature", "properties": {"osm_id": 1088739344, "name": "", "bridge": "yes", "highway": "trunk"}, "geometry": {"type": "LineString", "coordinates": [[94.5006181, 27.4314878], [94.5009241, 27.4315824]]}}, {"type": "Feature", "properties": {"osm_id": 1088739346, "name": "", "bridge": "yes", "highway": "unclassified"}, "geometry": {"type": "LineString", "coordinates": [[94.5000256, 27.4288337], [94.4998731, 27.4284354]]}}, {"type": "Feature", "properties": {"osm_id": 1088739348, "name": "", "bridge": "yes", "highway": "unclassified"}, "geometry": {"type": "LineString", "coordinates": [[94.499021, 27.4238703], [94.4990467, 27.4235995]]}}, {"type": "Feature", "properties": {"osm_id": 1088739353, "name": "", "bridge": "yes", "highway": "unclassified"}, "geometry": {"type": "LineString", "coordinates": [[94.483271, 27.5026159], [94.4832064, 27.5025868]]}}, {"type": "Feature", "properties": {"osm_id": 1088766942, "name": "", "bridge": "yes", "highway": "unclassified"}, "geometry": {"type": "LineString", "coordinates": [[94.3930351, 27.3763535], [94.3928627, 27.3763042]]}}, {"type": "Feature", "properties": {"osm_id": 1088769476, "name": "", "bridge": "yes", "highway": "tertiary"}, "geometry": {"type": "LineString", "coordinates": [[94.3621277, 27.3611478], [94.362144, 27.3613278]]}}, {"type": "Feature", "properties": {"osm_id": 1088769478, "name": "", "bridge": "yes", "highway": "tertiary"}, "geometry": {"type": "LineString", "coordinates": [[94.360685, 27.3769965], [94.3605334, 27.3770065]]}}, {"type": "Feature", "properties": {"osm_id": 1088983204, "name": "", "bridge": "yes", "highway": "tertiary"}, "geometry": {"type": "LineString", "coordinates": [[94.4407581, 27.5470901], [94.4408669, 27.5471392]]}}, {"type": "Feature", "properties": {"osm_id": 1088993475, "name": "", "bridge": "yes", "highway": "unclassified"}, "geometry": {"type": "LineString", "coordinates": [[94.4204559, 27.5229406], [94.4204752, 27.5230878]]}}, {"type": "Feature", "properties": {"osm_id": 1088993477, "name": "", "bridge": "yes", "highway": "unclassified"}, "geometry": {"type": "LineString", "coordinates": [[94.4199598, 27.5271737], [94.4198574, 27.5271664]]}}, {"type": "Feature", "properties": {"osm_id": 1088993479, "name": "", "bridge": "yes", "highway": "unclassified"}, "geometry": {"type": "LineString", "coordinates": [[94.4205619, 27.5238551], [94.4205642, 27.5238746]]}}, {"type": "Feature", "properties": {"osm_id": 1088993481, "name": "", "bridge": "yes", "highway": "unclassified"}, "geometry": {"type": "LineString", "coordinates": [[94.4192842, 27.5271333], [94.4191302, 27.5271217]]}}, {"type": "Feature", "properties": {"osm_id": 1088993483, "name": "", "bridge": "yes", "highway": "unclassified"}, "geometry": {"type": "LineString", "coordinates": [[94.4171315, 27.5270606], [94.4169698, 27.5270511]]}}, {"type": "Feature", "properties": {"osm_id": 1088993487, "name": "", "bridge": "yes", "highway": "tertiary"}, "geometry": {"type": "LineString", "coordinates": [[94.4294329, 27.5447957], [94.4297814, 27.5448301]]}}, {"type": "Feature", "properties": {"osm_id": 1088993489, "name": "", "bridge": "yes", "highway": "tertiary"}, "geometry": {"type": "LineString", "coordinates": [[94.4317821, 27.5450713], [94.4318532, 27.5450837]]}}, {"type": "Feature", "properties": {"osm_id": 1088993491, "name": "", "bridge": "yes", "highway": "tertiary"}, "geometry": {"type": "LineString", "coordinates": [[94.4329203, 27.5453116], [94.4331016, 27.5453452]]}}, {"type": "Feature", "properties": {"osm_id": 1088993493, "name": "", "bridge": "yes", "highway": "tertiary"}, "geometry": {"type": "LineString", "coordinates": [[94.4073041, 27.5375149], [94.4067792, 27.537403], [94.4062577, 27.5372785]]}}, {"type": "Feature", "properties": {"osm_id": 1088993495, "name": "", "bridge": "yes", "highway": "tertiary"}, "geometry": {"type": "LineString", "coordinates": [[94.3840327, 27.5337657], [94.3837461, 27.5337354], [94.3834252, 27.5336998], [94.3832022, 27.5336632], [94.3829368, 27.5336151]]}}, {"type": "Feature", "properties": {"osm_id": 1088993497, "name": "", "bridge": "yes", "highway": "tertiary"}, "geometry": {"type": "LineString", "coordinates": [[94.3744348, 27.5320586], [94.3747006, 27.5321341]]}}, {"type": "Feature", "properties": {"osm_id": 1088993499, "name": "", "bridge": "yes", "highway": "tertiary"}, "geometry": {"type": "LineString", "coordinates": [[94.3656719, 27.5268096], [94.365807, 27.5269591]]}}, {"type": "Feature", "properties": {"osm_id": 1088993501, "name": "", "bridge": "yes", "highway": "tertiary"}, "geometry": {"type": "LineString", "coordinates": [[94.3619351, 27.5227954], [94.362208, 27.5230086]]}}, {"type": "Feature", "properties": {"osm_id": 1088993503, "name": "", "bridge": "yes", "highway": "tertiary"}, "geometry": {"type": "LineString", "coordinates": [[94.361036, 27.521723], [94.3611536, 27.5218946]]}}, {"type": "Feature", "properties": {"osm_id": 1088993505, "name": "", "bridge": "yes", "highway": "tertiary"}, "geometry": {"type": "LineString", "coordinates": [[94.3577708, 27.519716], [94.3579219, 27.5197192]]}}, {"type": "Feature", "properties": {"osm_id": 1088993507, "name": "", "bridge": "yes", "highway": "tertiary"}, "geometry": {"type": "LineString", "coordinates": [[94.3404947, 27.5209393], [94.3405659, 27.5209329]]}}, {"type": "Feature", "properties": {"osm_id": 1088993890, "name": "", "bridge": "yes", "highway": "tertiary"}, "geometry": {"type": "LineString", "coordinates": [[94.33189, 27.5211406], [94.3321014, 27.5212459]]}}, {"type": "Feature", "properties": {"osm_id": 1088996419, "name": "", "bridge": "yes", "highway": "tertiary"}, "geometry": {"type": "LineString", "coordinates": [[94.3451135, 27.5203037], [94.3452717, 27.520294]]}}, {"type": "Feature", "properties": {"osm_id": 1089030894, "name": "", "bridge": "yes", "highway": "tertiary"}, "geometry": {"type": "LineString", "coordinates": [[94.4349685, 27.3653459], [94.4350115, 27.3657354]]}}, {"type": "Feature", "properties": {"osm_id": 1089030897, "name": "", "bridge": "yes", "highway": "tertiary"}, "geometry": {"type": "LineString", "coordinates": [[94.464464, 27.3873377], [94.4639626, 27.3873167]]}}, {"type": "Feature", "properties": {"osm_id": 1089030899, "name": "", "bridge": "yes", "highway": "tertiary"}, "geometry": {"type": "LineString", "coordinates": [[94.4546896, 27.3843453], [94.4544731, 27.3843017]]}}, {"type": "Feature", "properties": {"osm_id": 1089030901, "name": "", "bridge": "yes", "highway": "tertiary"}, "geometry": {"type": "LineString", "coordinates": [[94.4404531, 27.3769581], [94.4399684, 27.3769513]]}}, {"type": "Feature", "properties": {"osm_id": 1089030903, "name": "", "bridge": "yes", "highway": "unclassified"}, "geometry": {"type": "LineString", "coordinates": [[94.4449547, 27.3646214], [94.4451013, 27.364634]]}}, {"type": "Feature", "properties": {"osm_id": 1089030906, "name": "", "bridge": "yes", "highway": "unclassified"}, "geometry": {"type": "LineString", "coordinates": [[94.4291988, 27.3274218], [94.4293091, 27.3274794]]}}, {"type": "Feature", "properties": {"osm_id": 1089030908, "name": "", "bridge": "yes", "highway": "unclassified"}, "geometry": {"type": "LineString", "coordinates": [[94.4309566, 27.3286583], [94.4318854, 27.3292138]]}}, {"type": "Feature", "properties": {"osm_id": 1089030911, "name": "", "bridge": "yes", "highway": "unclassified"}, "geometry": {"type": "LineString", "coordinates": [[94.4332457, 27.3299537], [94.4333094, 27.3300145]]}}, {"type": "Feature", "properties": {"osm_id": 1089030914, "name": "", "bridge": "yes", "highway": "unclassified"}, "geometry": {"type": "LineString", "coordinates": [[94.4543039, 27.3392311], [94.4537182, 27.3389997]]}}, {"type": "Feature", "properties": {"osm_id": 1089030916, "name": "", "bridge": "yes", "highway": "unclassified"}, "geometry": {"type": "LineString", "coordinates": [[94.4564626, 27.3423142], [94.4563089, 27.3420797]]}}, {"type": "Feature", "properties": {"osm_id": 1089047074, "name": "", "bridge": "yes", "highway": "unclassified"}, "geometry": {"type": "LineString", "coordinates": [[94.4564662, 27.3490427], [94.4567799, 27.3489562]]}}, {"type": "Feature", "properties": {"osm_id": 1089047076, "name": "", "bridge": "yes", "highway": "unclassified"}, "geometry": {"type": "LineString", "coordinates": [[94.4823766, 27.348813], [94.4835764, 27.3486747]]}}, {"type": "Feature", "properties": {"osm_id": 1089047080, "name": "", "bridge": "yes", "highway": "unclassified"}, "geometry": {"type": "LineString", "coordinates": [[94.4767359, 27.3469692], [94.4760222, 27.3471061]]}}, {"type": "Feature", "properties": {"osm_id": 1089047083, "name": "", "bridge": "yes", "highway": "unclassified"}, "geometry": {"type": "LineString", "coordinates": [[94.4728382, 27.3500293], [94.4725668, 27.3502074]]}}, {"type": "Feature", "properties": {"osm_id": 1089047087, "name": "", "bridge": "yes", "highway": "unclassified"}, "geometry": {"type": "LineString", "coordinates": [[94.4889045, 27.3517872], [94.4890093, 27.35181]]}}, {"type": "Feature", "properties": {"osm_id": 1089047090, "name": "", "bridge": "yes", "highway": "unclassified"}, "geometry": {"type": "LineString", "coordinates": [[94.4877122, 27.3268903], [94.4876694, 27.3270712], [94.4875615, 27.3278711]]}}, {"type": "Feature", "properties": {"osm_id": 1089047093, "name": "", "bridge": "yes", "highway": "unclassified"}, "geometry": {"type": "LineString", "coordinates": [[94.4871478, 27.3307693], [94.4874922, 27.3316744]]}}, {"type": "Feature", "properties": {"osm_id": 1089047096, "name": "", "bridge": "yes", "highway": "unclassified"}, "geometry": {"type": "LineString", "coordinates": [[94.4875695, 27.3356036], [94.4875601, 27.3356729], [94.487584, 27.3357512], [94.4876233, 27.3358065]]}}, {"type": "Feature", "properties": {"osm_id": 1089047099, "name": "", "bridge": "yes", "highway": "unclassified"}, "geometry": {"type": "LineString", "coordinates": [[94.5081472, 27.3623899], [94.5086371, 27.3623304]]}}, {"type": "Feature", "properties": {"osm_id": 1089047111, "name": "", "bridge": "yes", "highway": "unclassified"}, "geometry": {"type": "LineString", "coordinates": [[94.4935638, 27.3412798], [94.4940998, 27.3412824]]}}, {"type": "Feature", "properties": {"osm_id": 1089047119, "name": "", "bridge": "yes", "highway": ""}, "geometry": {"type": "LineString", "coordinates": [[94.5118321, 27.3677526], [94.5118132, 27.3676429]]}}, {"type": "Feature", "properties": {"osm_id": 1089049451, "name": "", "bridge": "yes", "highway": "trunk"}, "geometry": {"type": "LineString", "coordinates": [[94.5140494, 27.4355724], [94.5141337, 27.435598]]}}, {"type": "Feature", "properties": {"osm_id": 1089368647, "name": "", "bridge": "yes", "highway": "unclassified"}, "geometry": {"type": "LineString", "coordinates": [[94.4878572, 27.4908343], [94.4877872, 27.4908275]]}}, {"type": "Feature", "properties": {"osm_id": 1089435152, "name": "", "bridge": "yes", "highway": "unclassified"}, "geometry": {"type": "LineString", "coordinates": [[94.4806344, 27.4179455], [94.4806943, 27.4179828]]}}, {"type": "Feature", "properties": {"osm_id": 1089435157, "name": "", "bridge": "yes", "highway": "trunk"}, "geometry": {"type": "LineString", "coordinates": [[94.4813285, 27.4263587], [94.4819155, 27.4266132]]}}, {"type": "Feature", "properties": {"osm_id": 1089446473, "name": "", "bridge": "yes", "highway": "unclassified"}, "geometry": {"type": "LineString", "coordinates": [[94.3476051, 27.3550795], [94.3476779, 27.3551527]]}}, {"type": "Feature", "properties": {"osm_id": 1089446477, "name": "", "bridge": "yes", "highway": "tertiary"}, "geometry": {"type": "LineString", "coordinates": [[94.3437447, 27.363745], [94.3439693, 27.3635298]]}}, {"type": "Feature", "properties": {"osm_id": 1089446480, "name": "", "bridge": "yes", "highway": "track"}, "geometry": {"type": "LineString", "coordinates": [[94.3567208, 27.3567612], [94.3570389, 27.3567219]]}}, {"type": "Feature", "properties": {"osm_id": 1089446484, "name": "", "bridge": "yes", "highway": "tertiary"}, "geometry": {"type": "LineString", "coordinates": [[94.3410244, 27.3681465], [94.341049, 27.3681377]]}}, {"type": "Feature", "properties": {"osm_id": 1089452714, "name": "", "bridge": "yes", "highway": "tertiary"}, "geometry": {"type": "LineString", "coordinates": [[94.3398141, 27.3702754], [94.3398834, 27.3701658]]}}, {"type": "Feature", "properties": {"osm_id": 1089452716, "name": "", "bridge": "yes", "highway": "tertiary"}, "geometry": {"type": "LineString", "coordinates": [[94.3383969, 27.3726096], [94.3384439, 27.3725047]]}}, {"type": "Feature", "properties": {"osm_id": 1089452718, "name": "", "bridge": "yes", "highway": "tertiary"}, "geometry": {"type": "LineString", "coordinates": [[94.3296171, 27.3826198], [94.329332, 27.3828341]]}}, {"type": "Feature", "properties": {"osm_id": 1089452720, "name": "", "bridge": "yes", "highway": "primary"}, "geometry": {"type": "LineString", "coordinates": [[94.3349585, 27.3543451], [94.3355002, 27.3544345]]}}, {"type": "Feature", "properties": {"osm_id": 1089452725, "name": "", "bridge": "yes", "highway": "tertiary"}, "geometry": {"type": "LineString", "coordinates": [[94.3542188, 27.409043], [94.354222, 27.4089395]]}}, {"type": "Feature", "properties": {"osm_id": 1089989340, "name": "", "bridge": "yes", "highway": "unclassified"}, "geometry": {"type": "LineString", "coordinates": [[94.4316261, 27.5226539], [94.4315756, 27.5226488]]}}, {"type": "Feature", "properties": {"osm_id": 1089989951, "name": "", "bridge": "yes", "highway": "unclassified"}, "geometry": {"type": "LineString", "coordinates": [[94.4391627, 27.5332922], [94.4390768, 27.5332894]]}}, {"type": "Feature", "properties": {"osm_id": 1090169101, "name": "", "bridge": "yes", "highway": "unclassified"}, "geometry": {"type": "LineString", "coordinates": [[94.4289581, 27.5368018], [94.4288939, 27.5367932]]}}, {"type": "Feature", "properties": {"osm_id": 1090169110, "name": "", "bridge": "yes", "highway": "unclassified"}, "geometry": {"type": "LineString", "coordinates": [[94.4360345, 27.5716263], [94.4361397, 27.57167]]}}, {"type": "Feature", "properties": {"osm_id": 1090169112, "name": "", "bridge": "yes", "highway": "track"}, "geometry": {"type": "LineString", "coordinates": [[94.4364841, 27.5656518], [94.4365323, 27.5655914]]}}, {"type": "Feature", "properties": {"osm_id": 1090169114, "name": "", "bridge": "yes", "highway": "unclassified"}, "geometry": {"type": "LineString", "coordinates": [[94.4204501, 27.5221053], [94.4204453, 27.5221537]]}}, {"type": "Feature", "properties": {"osm_id": 1090203604, "name": "", "bridge": "yes", "highway": "tertiary"}, "geometry": {"type": "LineString", "coordinates": [[94.3913982, 27.5346962], [94.3915076, 27.5347103]]}}, {"type": "Feature", "properties": {"osm_id": 1090208168, "name": "", "bridge": "yes", "highway": "unclassified"}, "geometry": {"type": "LineString", "coordinates": [[94.3927787, 27.4807869], [94.3925297, 27.4807599]]}}, {"type": "Feature", "properties": {"osm_id": 1090208170, "name": "", "bridge": "yes", "highway": "unclassified"}, "geometry": {"type": "LineString", "coordinates": [[94.3844111, 27.4805922], [94.3843714, 27.4805894]]}}, {"type": "Feature", "properties": {"osm_id": 1090210803, "name": "", "bridge": "yes", "highway": "tertiary"}, "geometry": {"type": "LineString", "coordinates": [[94.4045784, 27.4978253], [94.4048042, 27.4976137]]}}, {"type": "Feature", "properties": {"osm_id": 1090210805, "name": "", "bridge": "yes", "highway": "tertiary"}, "geometry": {"type": "LineString", "coordinates": [[94.4082143, 27.4942847], [94.4082372, 27.4940802]]}}, {"type": "Feature", "properties": {"osm_id": 1090349110, "name": "", "bridge": "yes", "highway": "tertiary"}, "geometry": {"type": "LineString", "coordinates": [[94.0207873, 27.254794], [94.0208126, 27.2548717]]}}, {"type": "Feature", "properties": {"osm_id": 1090624772, "name": "", "bridge": "yes", "highway": "secondary"}, "geometry": {"type": "LineString", "coordinates": [[94.0850936, 27.3291423], [94.0839827, 27.3290596]]}}, {"type": "Feature", "properties": {"osm_id": 1090624775, "name": "Balipara - Harmuti - Bogibeel", "bridge": "yes", "highway": ""}, "geometry": {"type": "LineString", "coordinates": [[94.0834581, 27.3317421], [94.0845014, 27.3322852]]}}, {"type": "Feature", "properties": {"osm_id": 1097884937, "name": "Simaluguri Junction - Dibrugarh", "bridge": "yes", "highway": ""}, "geometry": {"type": "LineString", "coordinates": [[94.6516176, 27.001297], [94.6512005, 27.0010395]]}}, {"type": "Feature", "properties": {"osm_id": 1115404006, "name": "Majauli Jorhat Bridge", "bridge": "yes", "highway": "construction"}, "geometry": {"type": "LineString", "coordinates": [[94.3012011, 26.870229], [94.2958689, 26.8799713], [94.2901611, 26.8902678], [94.2837395, 26.9019028], [94.2793894, 26.9100543]]}}, {"type": "Feature", "properties": {"osm_id": 1120287739, "name": "", "bridge": "yes", "highway": "secondary"}, "geometry": {"type": "LineString", "coordinates": [[94.0762789, 27.2191831], [94.0765736, 27.219319], [94.0768409, 27.2194422]]}}, {"type": "Feature", "properties": {"osm_id": 1120537200, "name": "", "bridge": "yes", "highway": "trunk"}, "geometry": {"type": "LineString", "coordinates": [[95.2939605, 27.5017943], [95.2940642, 27.5017601]]}}, {"type": "Feature", "properties": {"osm_id": 1120537203, "name": "", "bridge": "yes", "highway": "trunk"}, "geometry": {"type": "LineString", "coordinates": [[95.2898857, 27.5019511], [95.2900373, 27.5019464]]}}, {"type": "Feature", "properties": {"osm_id": 1120537205, "name": "", "bridge": "yes", "highway": "trunk"}, "geometry": {"type": "LineString", "coordinates": [[95.2668385, 27.5014087], [95.2670326, 27.5014181]]}}, {"type": "Feature", "properties": {"osm_id": 1120732757, "name": "", "bridge": "yes", "highway": "primary"}, "geometry": {"type": "LineString", "coordinates": [[93.9568318, 27.0761747], [93.9567852, 27.0763534]]}}, {"type": "Feature", "properties": {"osm_id": 1120732758, "name": "Narayanpur-Bihpuria-Laluk Road", "bridge": "yes", "highway": "primary"}, "geometry": {"type": "LineString", "coordinates": [[93.9012717, 27.0012179], [93.9020014, 27.001833]]}}, {"type": "Feature", "properties": {"osm_id": 1120732760, "name": "Narayanpur-Bihpuria-Laluk Road", "bridge": "yes", "highway": "primary"}, "geometry": {"type": "LineString", "coordinates": [[93.8947184, 26.9958802], [93.8947713, 26.9960973]]}}, {"type": "Feature", "properties": {"osm_id": 1121188673, "name": "", "bridge": "yes", "highway": "trunk"}, "geometry": {"type": "LineString", "coordinates": [[93.8283223, 27.0963401], [93.8284765, 27.0961861]]}}, {"type": "Feature", "properties": {"osm_id": 1121188674, "name": "", "bridge": "yes", "highway": "trunk"}, "geometry": {"type": "LineString", "coordinates": [[93.8295467, 27.0952154], [93.8296795, 27.0951092]]}}, {"type": "Feature", "properties": {"osm_id": 1121188677, "name": "", "bridge": "yes", "highway": "trunk"}, "geometry": {"type": "LineString", "coordinates": [[93.8390981, 27.0735437], [93.838976, 27.0734111]]}}, {"type": "Feature", "properties": {"osm_id": 1121188678, "name": "", "bridge": "yes", "highway": "trunk"}, "geometry": {"type": "LineString", "coordinates": [[93.8313425, 27.0659749], [93.831211, 27.0659009]]}}, {"type": "Feature", "properties": {"osm_id": 1121188680, "name": "", "bridge": "yes", "highway": "unclassified"}, "geometry": {"type": "LineString", "coordinates": [[93.8338356, 27.0548823], [93.8340086, 27.0548107]]}}, {"type": "Feature", "properties": {"osm_id": 1122020469, "name": "", "bridge": "yes", "highway": "trunk"}, "geometry": {"type": "LineString", "coordinates": [[93.6060729, 27.0674221], [93.6053916, 27.0674472]]}}, {"type": "Feature", "properties": {"osm_id": 1122021406, "name": "", "bridge": "yes", "highway": "unclassified"}, "geometry": {"type": "LineString", "coordinates": [[94.5777762, 27.5402928], [94.5774851, 27.5400904]]}}, {"type": "Feature", "properties": {"osm_id": 1122021408, "name": "", "bridge": "yes", "highway": "unclassified"}, "geometry": {"type": "LineString", "coordinates": [[94.5760707, 27.5391278], [94.5760081, 27.5390866]]}}, {"type": "Feature", "properties": {"osm_id": 1122021414, "name": "", "bridge": "yes", "highway": "unclassified"}, "geometry": {"type": "LineString", "coordinates": [[94.5921408, 27.5375337], [94.5920362, 27.5376923]]}}, {"type": "Feature", "properties": {"osm_id": 1122021418, "name": "", "bridge": "yes", "highway": "unclassified"}, "geometry": {"type": "LineString", "coordinates": [[94.5903312, 27.5505247], [94.5904778, 27.5508101]]}}, {"type": "Feature", "properties": {"osm_id": 1122024972, "name": "", "bridge": "yes", "highway": "unclassified"}, "geometry": {"type": "LineString", "coordinates": [[94.603303, 27.5403827], [94.6033204, 27.5403096]]}}, {"type": "Feature", "properties": {"osm_id": 1122227691, "name": "", "bridge": "yes", "highway": "trunk"}, "geometry": {"type": "LineString", "coordinates": [[93.7553282, 27.1230565], [93.7555359, 27.1227715]]}}, {"type": "Feature", "properties": {"osm_id": 1122227693, "name": "", "bridge": "yes", "highway": "trunk"}, "geometry": {"type": "LineString", "coordinates": [[93.7590334, 27.1233602], [93.7592018, 27.1233168]]}}, {"type": "Feature", "properties": {"osm_id": 1122227696, "name": "", "bridge": "yes", "highway": "trunk"}, "geometry": {"type": "LineString", "coordinates": [[93.7836984, 27.1216111], [93.784605, 27.1214081]]}}, {"type": "Feature", "properties": {"osm_id": 1122227698, "name": "", "bridge": "yes", "highway": "trunk"}, "geometry": {"type": "LineString", "coordinates": [[93.7900687, 27.1194171], [93.7906051, 27.1192273]]}}, {"type": "Feature", "properties": {"osm_id": 1122227699, "name": "", "bridge": "yes", "highway": "trunk"}, "geometry": {"type": "LineString", "coordinates": [[93.8070376, 27.11533], [93.8073546, 27.1151665]]}}, {"type": "Feature", "properties": {"osm_id": 1122559854, "name": "", "bridge": "yes", "highway": "trunk"}, "geometry": {"type": "LineString", "coordinates": [[94.0920642, 26.7157862], [94.0922503, 26.7157158]]}}, {"type": "Feature", "properties": {"osm_id": 1122559855, "name": "", "bridge": "yes", "highway": "trunk"}, "geometry": {"type": "LineString", "coordinates": [[94.0171863, 26.7219643], [94.0168002, 26.7218885]]}}, {"type": "Feature", "properties": {"osm_id": 1122563712, "name": "", "bridge": "yes", "highway": "trunk"}, "geometry": {"type": "LineString", "coordinates": [[93.8494675, 27.1193061], [93.8496151, 27.1194361]]}}, {"type": "Feature", "properties": {"osm_id": 1122563714, "name": "", "bridge": "yes", "highway": "trunk"}, "geometry": {"type": "LineString", "coordinates": [[93.8415703, 27.0787913], [93.8415818, 27.0786844]]}}, {"type": "Feature", "properties": {"osm_id": 1124107703, "name": "", "bridge": "yes", "highway": "trunk"}, "geometry": {"type": "LineString", "coordinates": [[93.753118, 27.1638201], [93.7533632, 27.1638645]]}}, {"type": "Feature", "properties": {"osm_id": 1124107705, "name": "", "bridge": "yes", "highway": "trunk"}, "geometry": {"type": "LineString", "coordinates": [[93.6998003, 27.1209179], [93.6997026, 27.1207245]]}}, {"type": "Feature", "properties": {"osm_id": 1124107706, "name": "", "bridge": "yes", "highway": "trunk"}, "geometry": {"type": "LineString", "coordinates": [[93.696953, 27.1175195], [93.6968753, 27.1174201]]}}, {"type": "Feature", "properties": {"osm_id": 1124107709, "name": "", "bridge": "yes", "highway": "trunk"}, "geometry": {"type": "LineString", "coordinates": [[93.680792, 27.1028933], [93.6807076, 27.1028265]]}}, {"type": "Feature", "properties": {"osm_id": 1124109686, "name": "", "bridge": "yes", "highway": "trunk"}, "geometry": {"type": "LineString", "coordinates": [[93.8061306, 27.2394886], [93.8062762, 27.239696]]}}, {"type": "Feature", "properties": {"osm_id": 1124111744, "name": "", "bridge": "yes", "highway": "trunk"}, "geometry": {"type": "LineString", "coordinates": [[93.7910498, 27.334898], [93.7908563, 27.3351241]]}}, {"type": "Feature", "properties": {"osm_id": 1124817603, "name": "", "bridge": "yes", "highway": "trunk"}, "geometry": {"type": "LineString", "coordinates": [[93.7970073, 27.2924464], [93.7971684, 27.2924454]]}}, {"type": "Feature", "properties": {"osm_id": 1125553757, "name": "", "bridge": "yes", "highway": "unclassified"}, "geometry": {"type": "LineString", "coordinates": [[95.2928356, 27.4932085], [95.2928908, 27.4932062]]}}, {"type": "Feature", "properties": {"osm_id": 1125554170, "name": "", "bridge": "yes", "highway": "unclassified"}, "geometry": {"type": "LineString", "coordinates": [[95.2948103, 27.4874461], [95.294869, 27.4875058]]}}, {"type": "Feature", "properties": {"osm_id": 1125784106, "name": "", "bridge": "yes", "highway": "residential"}, "geometry": {"type": "LineString", "coordinates": [[94.105682, 26.7931732], [94.1057457, 26.7929761]]}}, {"type": "Feature", "properties": {"osm_id": 1125796979, "name": "", "bridge": "yes", "highway": "tertiary"}, "geometry": {"type": "LineString", "coordinates": [[94.131257, 26.7795259], [94.1312229, 26.779335]]}}, {"type": "Feature", "properties": {"osm_id": 1125796985, "name": "", "bridge": "yes", "highway": "residential"}, "geometry": {"type": "LineString", "coordinates": [[94.1405343, 26.7770071], [94.1405357, 26.7768628]]}}, {"type": "Feature", "properties": {"osm_id": 1125816482, "name": "", "bridge": "yes", "highway": "unclassified"}, "geometry": {"type": "LineString", "coordinates": [[94.1147426, 26.794895], [94.1147813, 26.7947456]]}}, {"type": "Feature", "properties": {"osm_id": 1125824015, "name": "", "bridge": "yes", "highway": "residential"}, "geometry": {"type": "LineString", "coordinates": [[93.8570608, 26.7367309], [93.8570329, 26.7365776]]}}, {"type": "Feature", "properties": {"osm_id": 1125955654, "name": "", "bridge": "yes", "highway": "tertiary"}, "geometry": {"type": "LineString", "coordinates": [[94.1343657, 26.7978044], [94.1343422, 26.7978519]]}}, {"type": "Feature", "properties": {"osm_id": 1125972716, "name": "", "bridge": "yes", "highway": "residential"}, "geometry": {"type": "LineString", "coordinates": [[94.0893238, 26.7837671], [94.0891873, 26.7838741]]}}, {"type": "Feature", "properties": {"osm_id": 1126399481, "name": "", "bridge": "yes", "highway": "trunk"}, "geometry": {"type": "LineString", "coordinates": [[93.7303783, 27.2415332], [93.7300208, 27.2416859]]}}, {"type": "Feature", "properties": {"osm_id": 1126399485, "name": "", "bridge": "yes", "highway": "trunk"}, "geometry": {"type": "LineString", "coordinates": [[93.7115994, 27.2362845], [93.7115014, 27.2361076]]}}, {"type": "Feature", "properties": {"osm_id": 1126405967, "name": "", "bridge": "yes", "highway": "unclassified"}, "geometry": {"type": "LineString", "coordinates": [[94.0537729, 26.7885703], [94.0540914, 26.788773]]}}, {"type": "Feature", "properties": {"osm_id": 1126406175, "name": "", "bridge": "yes", "highway": "unclassified"}, "geometry": {"type": "LineString", "coordinates": [[95.2805349, 27.5050842], [95.2805492, 27.5051447]]}}, {"type": "Feature", "properties": {"osm_id": 1126406177, "name": "", "bridge": "yes", "highway": "residential"}, "geometry": {"type": "LineString", "coordinates": [[95.2924931, 27.4975533], [95.2925916, 27.4975823]]}}, {"type": "Feature", "properties": {"osm_id": 1126407146, "name": "", "bridge": "yes", "highway": "unclassified"}, "geometry": {"type": "LineString", "coordinates": [[95.2726566, 27.503165], [95.2726717, 27.5031203]]}}, {"type": "Feature", "properties": {"osm_id": 1126407269, "name": "", "bridge": "yes", "highway": "unclassified"}, "geometry": {"type": "LineString", "coordinates": [[94.0961671, 26.7423545], [94.0962233, 26.7423735]]}}, {"type": "Feature", "properties": {"osm_id": 1126407857, "name": "", "bridge": "yes", "highway": "unclassified"}, "geometry": {"type": "LineString", "coordinates": [[94.0957938, 26.7497766], [94.0958882, 26.7495419]]}}, {"type": "Feature", "properties": {"osm_id": 1126407859, "name": "", "bridge": "yes", "highway": "unclassified"}, "geometry": {"type": "LineString", "coordinates": [[94.0962605, 26.7442733], [94.0962665, 26.7442123]]}}, {"type": "Feature", "properties": {"osm_id": 1126410044, "name": "", "bridge": "yes", "highway": "unclassified"}, "geometry": {"type": "LineString", "coordinates": [[94.1579148, 26.8126755], [94.1579568, 26.8125273]]}}, {"type": "Feature", "properties": {"osm_id": 1126410051, "name": "", "bridge": "yes", "highway": "unclassified"}, "geometry": {"type": "LineString", "coordinates": [[94.1608192, 26.7960485], [94.1608469, 26.795971]]}}, {"type": "Feature", "properties": {"osm_id": 1126410686, "name": "", "bridge": "yes", "highway": "unclassified"}, "geometry": {"type": "LineString", "coordinates": [[94.0275759, 26.7775229], [94.0274144, 26.7774319]]}}, {"type": "Feature", "properties": {"osm_id": 1126410688, "name": "", "bridge": "yes", "highway": "unclassified"}, "geometry": {"type": "LineString", "coordinates": [[94.0263173, 26.7762471], [94.0260665, 26.7758846]]}}, {"type": "Feature", "properties": {"osm_id": 1126410690, "name": "", "bridge": "yes", "highway": "unclassified"}, "geometry": {"type": "LineString", "coordinates": [[94.0173624, 26.7875261], [94.0173172, 26.787526]]}}, {"type": "Feature", "properties": {"osm_id": 1126415068, "name": "", "bridge": "yes", "highway": "unclassified"}, "geometry": {"type": "LineString", "coordinates": [[94.017472, 26.7875315], [94.0174395, 26.7875288]]}}, {"type": "Feature", "properties": {"osm_id": 1126417049, "name": "", "bridge": "yes", "highway": "trunk"}, "geometry": {"type": "LineString", "coordinates": [[93.779452, 27.2610012], [93.7793782, 27.2609125]]}}, {"type": "Feature", "properties": {"osm_id": 1126421136, "name": "", "bridge": "yes", "highway": "unclassified"}, "geometry": {"type": "LineString", "coordinates": [[95.2544662, 27.4859449], [95.2544233, 27.486052]]}}, {"type": "Feature", "properties": {"osm_id": 1126423088, "name": "", "bridge": "yes", "highway": "tertiary"}, "geometry": {"type": "LineString", "coordinates": [[93.9609581, 26.7724804], [93.9609351, 26.772632]]}}, {"type": "Feature", "properties": {"osm_id": 1126425214, "name": "", "bridge": "yes", "highway": "residential"}, "geometry": {"type": "LineString", "coordinates": [[93.9685699, 26.7719729], [93.9688016, 26.7716592]]}}, {"type": "Feature", "properties": {"osm_id": 1126428042, "name": "", "bridge": "yes", "highway": "trunk"}, "geometry": {"type": "LineString", "coordinates": [[93.7866288, 27.2611213], [93.7863863, 27.2611228]]}}, {"type": "Feature", "properties": {"osm_id": 1126434642, "name": "", "bridge": "yes", "highway": "residential"}, "geometry": {"type": "LineString", "coordinates": [[95.2595524, 27.4888115], [95.2595115, 27.4888478]]}}, {"type": "Feature", "properties": {"osm_id": 1126438898, "name": "", "bridge": "yes", "highway": "tertiary"}, "geometry": {"type": "LineString", "coordinates": [[93.9818931, 26.7877675], [93.9823616, 26.7874982]]}}, {"type": "Feature", "properties": {"osm_id": 1126440892, "name": "", "bridge": "yes", "highway": "trunk"}, "geometry": {"type": "LineString", "coordinates": [[93.6602513, 27.2159625], [93.6605409, 27.2157361]]}}, {"type": "Feature", "properties": {"osm_id": 1126445450, "name": "", "bridge": "yes", "highway": "residential"}, "geometry": {"type": "LineString", "coordinates": [[94.0243938, 26.7711192], [94.0247657, 26.770882]]}}, {"type": "Feature", "properties": {"osm_id": 1126445455, "name": "", "bridge": "yes", "highway": "track"}, "geometry": {"type": "LineString", "coordinates": [[94.0184727, 26.7698506], [94.0179561, 26.7700477]]}}, {"type": "Feature", "properties": {"osm_id": 1126447815, "name": "", "bridge": "yes", "highway": "tertiary"}, "geometry": {"type": "LineString", "coordinates": [[93.6621628, 27.4690983], [93.6626127, 27.4692399]]}}, {"type": "Feature", "properties": {"osm_id": 1126448660, "name": "", "bridge": "yes", "highway": "unclassified"}, "geometry": {"type": "LineString", "coordinates": [[95.2870945, 27.460268], [95.2871302, 27.4601971]]}}, {"type": "Feature", "properties": {"osm_id": 1126449541, "name": "", "bridge": "yes", "highway": "unclassified"}, "geometry": {"type": "LineString", "coordinates": [[95.2869017, 27.4689056], [95.2868892, 27.4688574]]}}, {"type": "Feature", "properties": {"osm_id": 1126453274, "name": "", "bridge": "yes", "highway": "residential"}, "geometry": {"type": "LineString", "coordinates": [[93.7239765, 27.1519775], [93.7239629, 27.1520497]]}}, {"type": "Feature", "properties": {"osm_id": 1126455820, "name": "", "bridge": "yes", "highway": "trunk"}, "geometry": {"type": "LineString", "coordinates": [[93.641668, 27.2121915], [93.6419213, 27.2122484]]}}, {"type": "Feature", "properties": {"osm_id": 1126456735, "name": "", "bridge": "yes", "highway": "unclassified"}, "geometry": {"type": "LineString", "coordinates": [[95.2989678, 27.5243173], [95.2988491, 27.5243152]]}}, {"type": "Feature", "properties": {"osm_id": 1126458403, "name": "", "bridge": "yes", "highway": "track"}, "geometry": {"type": "LineString", "coordinates": [[95.2974989, 27.5518816], [95.2975001, 27.5518418]]}}, {"type": "Feature", "properties": {"osm_id": 1126458669, "name": "", "bridge": "yes", "highway": "unclassified"}, "geometry": {"type": "LineString", "coordinates": [[93.684771, 27.212095], [93.6849744, 27.212123]]}}, {"type": "Feature", "properties": {"osm_id": 1126603211, "name": "", "bridge": "yes", "highway": "unclassified"}, "geometry": {"type": "LineString", "coordinates": [[94.0066674, 26.7645579], [94.0066826, 26.7651132]]}}, {"type": "Feature", "properties": {"osm_id": 1126603952, "name": "", "bridge": "yes", "highway": "unclassified"}, "geometry": {"type": "LineString", "coordinates": [[94.0136931, 26.75554], [94.0132495, 26.7557978]]}}, {"type": "Feature", "properties": {"osm_id": 1126604893, "name": "", "bridge": "yes", "highway": "trunk"}, "geometry": {"type": "LineString", "coordinates": [[93.7195812, 27.2390839], [93.7194606, 27.2389806]]}}, {"type": "Feature", "properties": {"osm_id": 1126604895, "name": "", "bridge": "yes", "highway": "trunk"}, "geometry": {"type": "LineString", "coordinates": [[93.7233289, 27.2425075], [93.7231379, 27.2424092]]}}, {"type": "Feature", "properties": {"osm_id": 1126609816, "name": "", "bridge": "yes", "highway": "tertiary"}, "geometry": {"type": "LineString", "coordinates": [[93.925828, 26.955881], [93.9261752, 26.9564227]]}}, {"type": "Feature", "properties": {"osm_id": 1126611791, "name": "", "bridge": "yes", "highway": "service"}, "geometry": {"type": "LineString", "coordinates": [[95.2960761, 27.415251], [95.2960229, 27.4150059]]}}, {"type": "Feature", "properties": {"osm_id": 1126612968, "name": "Nemati Road", "bridge": "yes", "highway": "unclassified"}, "geometry": {"type": "LineString", "coordinates": [[94.2116301, 26.8356468], [94.2115764, 26.8358658]]}}, {"type": "Feature", "properties": {"osm_id": 1126613041, "name": "", "bridge": "yes", "highway": "residential"}, "geometry": {"type": "LineString", "coordinates": [[93.7754141, 27.1106678], [93.7753346, 27.1106151]]}}, {"type": "Feature", "properties": {"osm_id": 1126613045, "name": "", "bridge": "yes", "highway": "residential"}, "geometry": {"type": "LineString", "coordinates": [[93.7762101, 27.1106942], [93.7764122, 27.1105114]]}}, {"type": "Feature", "properties": {"osm_id": 1126614202, "name": "", "bridge": "yes", "highway": "residential"}, "geometry": {"type": "LineString", "coordinates": [[94.1455273, 26.7404355], [94.1455758, 26.7406117]]}}, {"type": "Feature", "properties": {"osm_id": 1126615047, "name": "", "bridge": "yes", "highway": "service"}, "geometry": {"type": "LineString", "coordinates": [[94.1926964, 26.7743575], [94.1926132, 26.7744419]]}}, {"type": "Feature", "properties": {"osm_id": 1126615838, "name": "", "bridge": "yes", "highway": "residential"}, "geometry": {"type": "LineString", "coordinates": [[93.7032136, 27.0960222], [93.7032419, 27.0959697]]}}, {"type": "Feature", "properties": {"osm_id": 1126616665, "name": "", "bridge": "yes", "highway": "unclassified"}, "geometry": {"type": "LineString", "coordinates": [[93.8018693, 27.2042892], [93.8014281, 27.2040227]]}}, {"type": "Feature", "properties": {"osm_id": 1126616667, "name": "", "bridge": "yes", "highway": "unclassified"}, "geometry": {"type": "LineString", "coordinates": [[93.8064884, 27.2064533], [93.8064143, 27.2064242]]}}, {"type": "Feature", "properties": {"osm_id": 1126616675, "name": "", "bridge": "yes", "highway": "unclassified"}, "geometry": {"type": "LineString", "coordinates": [[93.8135129, 27.2107635], [93.8135149, 27.2106663]]}}, {"type": "Feature", "properties": {"osm_id": 1126616677, "name": "", "bridge": "yes", "highway": "unclassified"}, "geometry": {"type": "LineString", "coordinates": [[93.7962635, 27.194263], [93.7960423, 27.1939858]]}}, {"type": "Feature", "properties": {"osm_id": 1126616884, "name": "", "bridge": "yes", "highway": "unclassified"}, "geometry": {"type": "LineString", "coordinates": [[93.8112295, 27.2132119], [93.8117316, 27.2131513]]}}, {"type": "Feature", "properties": {"osm_id": 1126617346, "name": "", "bridge": "yes", "highway": "service"}, "geometry": {"type": "LineString", "coordinates": [[93.7405281, 27.1537712], [93.7405498, 27.1537928]]}}, {"type": "Feature", "properties": {"osm_id": 1126618985, "name": "", "bridge": "yes", "highway": "unclassified"}, "geometry": {"type": "LineString", "coordinates": [[93.8133946, 27.2082451], [93.813389, 27.2081638]]}}, {"type": "Feature", "properties": {"osm_id": 1126619035, "name": "", "bridge": "yes", "highway": "residential"}, "geometry": {"type": "LineString", "coordinates": [[93.8113403, 27.1127983], [93.8112577, 27.1127247]]}}, {"type": "Feature", "properties": {"osm_id": 1126619048, "name": "", "bridge": "yes", "highway": "residential"}, "geometry": {"type": "LineString", "coordinates": [[93.7383735, 27.1558592], [93.7384137, 27.1558788]]}}, {"type": "Feature", "properties": {"osm_id": 1126619164, "name": "", "bridge": "yes", "highway": "tertiary"}, "geometry": {"type": "LineString", "coordinates": [[93.9623322, 26.7603831], [93.9620531, 26.7607847]]}}, {"type": "Feature", "properties": {"osm_id": 1126622824, "name": "", "bridge": "yes", "highway": "trunk"}, "geometry": {"type": "LineString", "coordinates": [[93.7461969, 27.1624166], [93.7460411, 27.1624551]]}}, {"type": "Feature", "properties": {"osm_id": 1126623745, "name": "", "bridge": "yes", "highway": "residential"}, "geometry": {"type": "LineString", "coordinates": [[94.1912332, 26.7734326], [94.1912023, 26.7734737]]}}, {"type": "Feature", "properties": {"osm_id": 1126623747, "name": "", "bridge": "yes", "highway": "residential"}, "geometry": {"type": "LineString", "coordinates": [[94.1902263, 26.7728018], [94.1902573, 26.7727718]]}}, {"type": "Feature", "properties": {"osm_id": 1126623748, "name": "", "bridge": "yes", "highway": "residential"}, "geometry": {"type": "LineString", "coordinates": [[94.1956523, 26.7765008], [94.1956131, 26.7765321]]}}, {"type": "Feature", "properties": {"osm_id": 1126623750, "name": "", "bridge": "yes", "highway": "tertiary"}, "geometry": {"type": "LineString", "coordinates": [[94.1883771, 26.7706501], [94.1883338, 26.7706812]]}}, {"type": "Feature", "properties": {"osm_id": 1126623751, "name": "", "bridge": "yes", "highway": "residential"}, "geometry": {"type": "LineString", "coordinates": [[94.1894243, 26.7721349], [94.1894651, 26.7721012]]}}, {"type": "Feature", "properties": {"osm_id": 1126624969, "name": "", "bridge": "yes", "highway": "trunk"}, "geometry": {"type": "LineString", "coordinates": [[93.7581278, 27.2440839], [93.7580356, 27.2440179]]}}, {"type": "Feature", "properties": {"osm_id": 1126625194, "name": "", "bridge": "yes", "highway": "residential"}, "geometry": {"type": "LineString", "coordinates": [[93.6134622, 27.2069237], [93.6127744, 27.2067049]]}}, {"type": "Feature", "properties": {"osm_id": 1126625398, "name": "", "bridge": "yes", "highway": "tertiary"}, "geometry": {"type": "LineString", "coordinates": [[93.7938477, 27.1410493], [93.7936693, 27.1411081]]}}, {"type": "Feature", "properties": {"osm_id": 1126625400, "name": "", "bridge": "yes", "highway": "tertiary"}, "geometry": {"type": "LineString", "coordinates": [[93.8081038, 27.1369101], [93.8079144, 27.1369226]]}}, {"type": "Feature", "properties": {"osm_id": 1126625581, "name": "", "bridge": "yes", "highway": "unclassified"}, "geometry": {"type": "LineString", "coordinates": [[93.9540103, 26.7559588], [93.9538285, 26.7562383]]}}, {"type": "Feature", "properties": {"osm_id": 1126625686, "name": "", "bridge": "yes", "highway": "unclassified"}, "geometry": {"type": "LineString", "coordinates": [[93.6721225, 27.2552173], [93.6722311, 27.2551804]]}}, {"type": "Feature", "properties": {"osm_id": 1126625981, "name": "", "bridge": "yes", "highway": "unclassified"}, "geometry": {"type": "LineString", "coordinates": [[93.8585179, 27.1957931], [93.8584385, 27.1958813]]}}, {"type": "Feature", "properties": {"osm_id": 1126625985, "name": "", "bridge": "yes", "highway": "unclassified"}, "geometry": {"type": "LineString", "coordinates": [[93.9203709, 26.7520041], [93.9203564, 26.7520764], [93.9202787, 26.7524653]]}}, {"type": "Feature", "properties": {"osm_id": 1126626409, "name": "", "bridge": "yes", "highway": "trunk"}, "geometry": {"type": "LineString", "coordinates": [[93.7039855, 27.2277897], [93.7038604, 27.2276454]]}}, {"type": "Feature", "properties": {"osm_id": 1126626932, "name": "", "bridge": "yes", "highway": "service"}, "geometry": {"type": "LineString", "coordinates": [[94.19236, 26.7742576], [94.1923918, 26.774217]]}}, {"type": "Feature", "properties": {"osm_id": 1126626941, "name": "", "bridge": "yes", "highway": "unclassified"}, "geometry": {"type": "LineString", "coordinates": [[93.7920949, 27.1771086], [93.7920573, 27.1770193]]}}, {"type": "Feature", "properties": {"osm_id": 1126627314, "name": "", "bridge": "yes", "highway": "trunk"}, "geometry": {"type": "LineString", "coordinates": [[93.6109164, 27.2123252], [93.6110007, 27.2123178]]}}, {"type": "Feature", "properties": {"osm_id": 1126627787, "name": "", "bridge": "yes", "highway": "unclassified"}, "geometry": {"type": "LineString", "coordinates": [[93.8778219, 26.7435824], [93.8777373, 26.7436774], [93.8776655, 26.7437451], [93.8776086, 26.7438067], [93.8774244, 26.7440407]]}}, {"type": "Feature", "properties": {"osm_id": 1126627796, "name": "", "bridge": "yes", "highway": "unclassified"}, "geometry": {"type": "LineString", "coordinates": [[93.8202009, 27.2165664], [93.8202626, 27.2165359]]}}, {"type": "Feature", "properties": {"osm_id": 1126628954, "name": "", "bridge": "yes", "highway": "residential"}, "geometry": {"type": "LineString", "coordinates": [[94.139623, 26.7637507], [94.1396568, 26.7637991]]}}, {"type": "Feature", "properties": {"osm_id": 1126629598, "name": "", "bridge": "yes", "highway": "residential"}, "geometry": {"type": "LineString", "coordinates": [[93.8722463, 26.7484449], [93.8720959, 26.7486482]]}}, {"type": "Feature", "properties": {"osm_id": 1126630548, "name": "", "bridge": "yes", "highway": "residential"}, "geometry": {"type": "LineString", "coordinates": [[93.8380936, 27.074013], [93.8383591, 27.0739724]]}}, {"type": "Feature", "properties": {"osm_id": 1126630560, "name": "", "bridge": "yes", "highway": "residential"}, "geometry": {"type": "LineString", "coordinates": [[93.8357222, 27.0578525], [93.8357629, 27.0577736]]}}, {"type": "Feature", "properties": {"osm_id": 1126630563, "name": "", "bridge": "yes", "highway": "residential"}, "geometry": {"type": "LineString", "coordinates": [[93.8354444, 27.0581542], [93.8355271, 27.058102]]}}, {"type": "Feature", "properties": {"osm_id": 1126631498, "name": "", "bridge": "yes", "highway": "track"}, "geometry": {"type": "LineString", "coordinates": [[93.8784111, 26.7514038], [93.8783014, 26.7515903]]}}, {"type": "Feature", "properties": {"osm_id": 1126632394, "name": "", "bridge": "yes", "highway": "trunk"}, "geometry": {"type": "LineString", "coordinates": [[93.7706201, 27.1747829], [93.7707286, 27.174877]]}}, {"type": "Feature", "properties": {"osm_id": 1126632865, "name": "", "bridge": "yes", "highway": "unclassified"}, "geometry": {"type": "LineString", "coordinates": [[93.8549264, 27.1421378], [93.8546662, 27.1420284]]}}, {"type": "Feature", "properties": {"osm_id": 1126632880, "name": "", "bridge": "yes", "highway": "unclassified"}, "geometry": {"type": "LineString", "coordinates": [[93.8119246, 27.0657313], [93.8118562, 27.0657516]]}}, {"type": "Feature", "properties": {"osm_id": 1126638029, "name": "", "bridge": "yes", "highway": "residential"}, "geometry": {"type": "LineString", "coordinates": [[93.815099, 27.0608074], [93.8153136, 27.060965]]}}, {"type": "Feature", "properties": {"osm_id": 1126639267, "name": "", "bridge": "yes", "highway": "residential"}, "geometry": {"type": "LineString", "coordinates": [[93.7413313, 27.1516677], [93.7413911, 27.1516394]]}}, {"type": "Feature", "properties": {"osm_id": 1126640066, "name": "", "bridge": "yes", "highway": "trunk"}, "geometry": {"type": "LineString", "coordinates": [[93.7964134, 27.2147506], [93.7963946, 27.2148607]]}}, {"type": "Feature", "properties": {"osm_id": 1126640778, "name": "", "bridge": "yes", "highway": "unclassified"}, "geometry": {"type": "LineString", "coordinates": [[93.9222096, 27.2608042], [93.9224884, 27.2611793]]}}, {"type": "Feature", "properties": {"osm_id": 1126641243, "name": "", "bridge": "yes", "highway": "unclassified"}, "geometry": {"type": "LineString", "coordinates": [[93.8304882, 27.0660824], [93.830456, 27.0661552]]}}, {"type": "Feature", "properties": {"osm_id": 1126641667, "name": "", "bridge": "yes", "highway": "unclassified"}, "geometry": {"type": "LineString", "coordinates": [[93.8955651, 27.2226778], [93.8957189, 27.2227498]]}}, {"type": "Feature", "properties": {"osm_id": 1126641669, "name": "", "bridge": "yes", "highway": "unclassified"}, "geometry": {"type": "LineString", "coordinates": [[93.8900993, 27.2189487], [93.8902653, 27.2190686]]}}, {"type": "Feature", "properties": {"osm_id": 1126641671, "name": "", "bridge": "yes", "highway": "unclassified"}, "geometry": {"type": "LineString", "coordinates": [[93.8891172, 27.2156431], [93.8891756, 27.2156856]]}}, {"type": "Feature", "properties": {"osm_id": 1126642106, "name": "", "bridge": "yes", "highway": "unclassified"}, "geometry": {"type": "LineString", "coordinates": [[93.8257621, 27.0658901], [93.8256803, 27.0658376]]}}, {"type": "Feature", "properties": {"osm_id": 1126642523, "name": "", "bridge": "yes", "highway": "unclassified"}, "geometry": {"type": "LineString", "coordinates": [[93.8765248, 27.2071971], [93.8767203, 27.2072531]]}}, {"type": "Feature", "properties": {"osm_id": 1126642525, "name": "", "bridge": "yes", "highway": "unclassified"}, "geometry": {"type": "LineString", "coordinates": [[93.861646, 27.1982196], [93.861827, 27.1982616]]}}, {"type": "Feature", "properties": {"osm_id": 1126643026, "name": "", "bridge": "yes", "highway": "unclassified"}, "geometry": {"type": "LineString", "coordinates": [[93.9274237, 26.7451688], [93.927855, 26.744668]]}}, {"type": "Feature", "properties": {"osm_id": 1126643063, "name": "", "bridge": "yes", "highway": "trunk"}, "geometry": {"type": "LineString", "coordinates": [[93.7731334, 27.1782838], [93.7732851, 27.1783715]]}}, {"type": "Feature", "properties": {"osm_id": 1126646182, "name": "", "bridge": "yes", "highway": "unclassified"}, "geometry": {"type": "LineString", "coordinates": [[93.869836, 27.1532881], [93.8705138, 27.1534789]]}}, {"type": "Feature", "properties": {"osm_id": 1126646184, "name": "", "bridge": "yes", "highway": "tertiary"}, "geometry": {"type": "LineString", "coordinates": [[93.861846, 27.1371658], [93.8609629, 27.1365447]]}}, {"type": "Feature", "properties": {"osm_id": 1126646874, "name": "", "bridge": "yes", "highway": "track"}, "geometry": {"type": "LineString", "coordinates": [[93.7983172, 27.2590316], [93.7983304, 27.2589398], [93.7983384, 27.258884]]}}, {"type": "Feature", "properties": {"osm_id": 1126648034, "name": "", "bridge": "yes", "highway": "unclassified"}, "geometry": {"type": "LineString", "coordinates": [[93.789654, 27.1734032], [93.7894783, 27.1734126]]}}, {"type": "Feature", "properties": {"osm_id": 1126648144, "name": "", "bridge": "yes", "highway": "tertiary"}, "geometry": {"type": "LineString", "coordinates": [[93.7820332, 27.1429914], [93.7817753, 27.1428928]]}}, {"type": "Feature", "properties": {"osm_id": 1126650543, "name": "", "bridge": "yes", "highway": "unclassified"}, "geometry": {"type": "LineString", "coordinates": [[93.8707462, 27.0241858], [93.8706014, 27.02419]]}}, {"type": "Feature", "properties": {"osm_id": 1126651259, "name": "", "bridge": "yes", "highway": "track"}, "geometry": {"type": "LineString", "coordinates": [[93.7712425, 27.0583327], [93.7714373, 27.0584656]]}}, {"type": "Feature", "properties": {"osm_id": 1126653189, "name": "", "bridge": "yes", "highway": "service"}, "geometry": {"type": "LineString", "coordinates": [[93.8168544, 27.3432982], [93.8168711, 27.3432578], [93.8169476, 27.343006], [93.8169684, 27.3428311], [93.8169713, 27.3426499], [93.816909, 27.3419949], [93.816818, 27.3414302], [93.816707, 27.3406112]]}}, {"type": "Feature", "properties": {"osm_id": 1126656028, "name": "", "bridge": "yes", "highway": "unclassified"}, "geometry": {"type": "LineString", "coordinates": [[93.8818399, 26.8939928], [93.8818663, 26.8936077]]}}, {"type": "Feature", "properties": {"osm_id": 1126657826, "name": "", "bridge": "yes", "highway": "tertiary"}, "geometry": {"type": "LineString", "coordinates": [[93.7888272, 27.1432729], [93.7885885, 27.1432217]]}}, {"type": "Feature", "properties": {"osm_id": 1126658520, "name": "", "bridge": "yes", "highway": "unclassified"}, "geometry": {"type": "LineString", "coordinates": [[93.9089637, 27.0892496], [93.9087814, 27.0890871]]}}, {"type": "Feature", "properties": {"osm_id": 1126658900, "name": "", "bridge": "yes", "highway": "tertiary"}, "geometry": {"type": "LineString", "coordinates": [[93.8793129, 27.1722728], [93.8790232, 27.1718124]]}}, {"type": "Feature", "properties": {"osm_id": 1126659669, "name": "", "bridge": "yes", "highway": "unclassified"}, "geometry": {"type": "LineString", "coordinates": [[93.9884252, 27.0522647], [93.9885297, 27.0524294]]}}, {"type": "Feature", "properties": {"osm_id": 1126660307, "name": "", "bridge": "yes", "highway": "unclassified"}, "geometry": {"type": "LineString", "coordinates": [[93.7954081, 27.0696226], [93.7955995, 27.0696657]]}}, {"type": "Feature", "properties": {"osm_id": 1126660309, "name": "", "bridge": "yes", "highway": "unclassified"}, "geometry": {"type": "LineString", "coordinates": [[93.7940621, 27.0620458], [93.7941742, 27.0620682]]}}, {"type": "Feature", "properties": {"osm_id": 1126661545, "name": "", "bridge": "yes", "highway": "residential"}, "geometry": {"type": "LineString", "coordinates": [[93.6789433, 27.0930876], [93.6790948, 27.0929668]]}}, {"type": "Feature", "properties": {"osm_id": 1126661649, "name": "", "bridge": "yes", "highway": "residential"}, "geometry": {"type": "LineString", "coordinates": [[93.8270523, 27.0946925], [93.82707, 27.0945604]]}}, {"type": "Feature", "properties": {"osm_id": 1126662299, "name": "", "bridge": "yes", "highway": "unclassified"}, "geometry": {"type": "LineString", "coordinates": [[93.9240939, 27.0892476], [93.9240443, 27.0891706]]}}, {"type": "Feature", "properties": {"osm_id": 1126663786, "name": "", "bridge": "yes", "highway": "trunk"}, "geometry": {"type": "LineString", "coordinates": [[93.7240487, 27.1431183], [93.7239488, 27.1430987]]}}, {"type": "Feature", "properties": {"osm_id": 1126664292, "name": "", "bridge": "yes", "highway": "trunk"}, "geometry": {"type": "LineString", "coordinates": [[93.8778995, 27.1212224], [93.8781341, 27.1212446]]}}, {"type": "Feature", "properties": {"osm_id": 1126665449, "name": "", "bridge": "yes", "highway": "residential"}, "geometry": {"type": "LineString", "coordinates": [[93.6872745, 27.0911915], [93.6869457, 27.0906279]]}}, {"type": "Feature", "properties": {"osm_id": 1126666039, "name": "", "bridge": "yes", "highway": "unclassified"}, "geometry": {"type": "LineString", "coordinates": [[93.76992, 27.1338497], [93.7698944, 27.1338219]]}}, {"type": "Feature", "properties": {"osm_id": 1126666567, "name": "", "bridge": "yes", "highway": "tertiary"}, "geometry": {"type": "LineString", "coordinates": [[93.8817653, 27.0377947], [93.8818908, 27.037727]]}}, {"type": "Feature", "properties": {"osm_id": 1126666895, "name": "", "bridge": "yes", "highway": "residential"}, "geometry": {"type": "LineString", "coordinates": [[93.9051417, 26.7284792], [93.9055126, 26.727831]]}}, {"type": "Feature", "properties": {"osm_id": 1126667288, "name": "", "bridge": "yes", "highway": "track"}, "geometry": {"type": "LineString", "coordinates": [[94.0244321, 27.0103489], [94.0247194, 27.010301]]}}, {"type": "Feature", "properties": {"osm_id": 1126667524, "name": "", "bridge": "yes", "highway": "unclassified"}, "geometry": {"type": "LineString", "coordinates": [[93.8438375, 27.0407003], [93.8440247, 27.0406587]]}}, {"type": "Feature", "properties": {"osm_id": 1126669116, "name": "", "bridge": "yes", "highway": "tertiary"}, "geometry": {"type": "LineString", "coordinates": [[93.9252823, 27.0903139], [93.9248171, 27.0900664]]}}, {"type": "Feature", "properties": {"osm_id": 1126669569, "name": "", "bridge": "yes", "highway": "residential"}, "geometry": {"type": "LineString", "coordinates": [[94.132289, 27.0163993], [94.1322165, 27.0162923]]}}, {"type": "Feature", "properties": {"osm_id": 1126671111, "name": "", "bridge": "yes", "highway": "unclassified"}, "geometry": {"type": "LineString", "coordinates": [[93.9085841, 27.0144692], [93.9087833, 27.0145184]]}}, {"type": "Feature", "properties": {"osm_id": 1126672079, "name": "", "bridge": "yes", "highway": "unclassified"}, "geometry": {"type": "LineString", "coordinates": [[93.8365183, 27.0349992], [93.8366178, 27.0350068]]}}, {"type": "Feature", "properties": {"osm_id": 1126672081, "name": "", "bridge": "yes", "highway": "residential"}, "geometry": {"type": "LineString", "coordinates": [[93.8461912, 27.0462948], [93.846158, 27.0463308]]}}, {"type": "Feature", "properties": {"osm_id": 1126672085, "name": "", "bridge": "yes", "highway": "residential"}, "geometry": {"type": "LineString", "coordinates": [[93.8372151, 27.0512423], [93.8371215, 27.0512922]]}}, {"type": "Feature", "properties": {"osm_id": 1126672089, "name": "", "bridge": "yes", "highway": "residential"}, "geometry": {"type": "LineString", "coordinates": [[93.858465, 27.0524121], [93.8584126, 27.0524423]]}}, {"type": "Feature", "properties": {"osm_id": 1126672175, "name": "", "bridge": "yes", "highway": "residential"}, "geometry": {"type": "LineString", "coordinates": [[93.9195569, 27.0768118], [93.9196251, 27.0768858]]}}, {"type": "Feature", "properties": {"osm_id": 1126672185, "name": "Jully Basti Road", "bridge": "yes", "highway": "secondary"}, "geometry": {"type": "LineString", "coordinates": [[93.6553522, 27.07705], [93.6553037, 27.077015]]}}, {"type": "Feature", "properties": {"osm_id": 1126672187, "name": "", "bridge": "yes", "highway": "residential"}, "geometry": {"type": "LineString", "coordinates": [[93.6329906, 27.0875115], [93.6330016, 27.0876096]]}}, {"type": "Feature", "properties": {"osm_id": 1126672188, "name": "", "bridge": "yes", "highway": "unclassified"}, "geometry": {"type": "LineString", "coordinates": [[93.632233, 27.0876477], [93.6322481, 27.0877564]]}}, {"type": "Feature", "properties": {"osm_id": 1126672190, "name": "", "bridge": "yes", "highway": "residential"}, "geometry": {"type": "LineString", "coordinates": [[93.6338432, 27.0875646], [93.6338368, 27.087469]]}}, {"type": "Feature", "properties": {"osm_id": 1126672192, "name": "", "bridge": "yes", "highway": "residential"}, "geometry": {"type": "LineString", "coordinates": [[93.6346002, 27.0874179], [93.6346088, 27.0875129]]}}, {"type": "Feature", "properties": {"osm_id": 1126675316, "name": "", "bridge": "yes", "highway": "residential"}, "geometry": {"type": "LineString", "coordinates": [[93.8539324, 27.0522765], [93.8540191, 27.0522702]]}}, {"type": "Feature", "properties": {"osm_id": 1126675323, "name": "", "bridge": "yes", "highway": "residential"}, "geometry": {"type": "LineString", "coordinates": [[93.8539922, 27.0527314], [93.8540694, 27.0527278]]}}, {"type": "Feature", "properties": {"osm_id": 1126692004, "name": "", "bridge": "yes", "highway": "track"}, "geometry": {"type": "LineString", "coordinates": [[94.2284784, 26.9280414], [94.2284348, 26.9280662]]}}, {"type": "Feature", "properties": {"osm_id": 1126699853, "name": "", "bridge": "yes", "highway": "tertiary"}, "geometry": {"type": "LineString", "coordinates": [[93.9997556, 27.0018648], [94.0001165, 27.0021677]]}}, {"type": "Feature", "properties": {"osm_id": 1126703274, "name": "", "bridge": "yes", "highway": "track"}, "geometry": {"type": "LineString", "coordinates": [[94.2279891, 26.8254125], [94.2279993, 26.825351]]}}, {"type": "Feature", "properties": {"osm_id": 1126705381, "name": "", "bridge": "yes", "highway": ""}, "geometry": {"type": "LineString", "coordinates": [[94.2178287, 26.9667519], [94.2179708, 26.9670681]]}}, {"type": "Feature", "properties": {"osm_id": 1126705384, "name": "", "bridge": "yes", "highway": "unclassified"}, "geometry": {"type": "LineString", "coordinates": [[94.1993538, 26.9595406], [94.1992547, 26.9598242]]}}, {"type": "Feature", "properties": {"osm_id": 1126827861, "name": "", "bridge": "yes", "highway": "unclassified"}, "geometry": {"type": "LineString", "coordinates": [[93.8448801, 27.010774], [93.8446473, 27.0110373]]}}, {"type": "Feature", "properties": {"osm_id": 1126828171, "name": "", "bridge": "yes", "highway": "unclassified"}, "geometry": {"type": "LineString", "coordinates": [[93.8241254, 26.9018638], [93.824231, 26.9018676]]}}, {"type": "Feature", "properties": {"osm_id": 1126828907, "name": "", "bridge": "yes", "highway": "unclassified"}, "geometry": {"type": "LineString", "coordinates": [[94.0963687, 26.9340105], [94.0964314, 26.933892]]}}, {"type": "Feature", "properties": {"osm_id": 1126828912, "name": "Jully Basti Road", "bridge": "yes", "highway": "secondary"}, "geometry": {"type": "LineString", "coordinates": [[93.6585949, 27.0814729], [93.6584376, 27.0814983]]}}, {"type": "Feature", "properties": {"osm_id": 1126828914, "name": "Jully Basti Road", "bridge": "yes", "highway": "secondary"}, "geometry": {"type": "LineString", "coordinates": [[93.6632121, 27.0830608], [93.6630842, 27.0829892]]}}, {"type": "Feature", "properties": {"osm_id": 1126829415, "name": "", "bridge": "yes", "highway": "residential"}, "geometry": {"type": "LineString", "coordinates": [[93.8075979, 27.1463503], [93.8075728, 27.1463922]]}}, {"type": "Feature", "properties": {"osm_id": 1126829681, "name": "Jully Basti Road", "bridge": "yes", "highway": "secondary"}, "geometry": {"type": "LineString", "coordinates": [[93.6635549, 27.0911755], [93.6636939, 27.0911657]]}}, {"type": "Feature", "properties": {"osm_id": 1126829973, "name": "", "bridge": "yes", "highway": "unclassified"}, "geometry": {"type": "LineString", "coordinates": [[93.8158667, 26.910018], [93.8159516, 26.9100924]]}}, {"type": "Feature", "properties": {"osm_id": 1126829977, "name": "", "bridge": "yes", "highway": "unclassified"}, "geometry": {"type": "LineString", "coordinates": [[93.8060046, 26.8925397], [93.8062879, 26.8925914]]}}, {"type": "Feature", "properties": {"osm_id": 1126830460, "name": "", "bridge": "yes", "highway": "tertiary"}, "geometry": {"type": "LineString", "coordinates": [[93.9050676, 27.0255868], [93.9052147, 27.0255543]]}}, {"type": "Feature", "properties": {"osm_id": 1126831382, "name": "", "bridge": "yes", "highway": "unclassified"}, "geometry": {"type": "LineString", "coordinates": [[93.9818917, 26.9926713], [93.9822072, 26.9928721]]}}, {"type": "Feature", "properties": {"osm_id": 1126833994, "name": "", "bridge": "yes", "highway": "tertiary"}, "geometry": {"type": "LineString", "coordinates": [[94.0708174, 27.0673379], [94.071222, 27.0669308]]}}, {"type": "Feature", "properties": {"osm_id": 1126833997, "name": "", "bridge": "yes", "highway": "tertiary"}, "geometry": {"type": "LineString", "coordinates": [[94.0785132, 27.0551052], [94.0788215, 27.0550066]]}}, {"type": "Feature", "properties": {"osm_id": 1126837475, "name": "", "bridge": "yes", "highway": "track"}, "geometry": {"type": "LineString", "coordinates": [[93.9837602, 27.0143892], [93.9838209, 27.0144262]]}}, {"type": "Feature", "properties": {"osm_id": 1126838121, "name": "", "bridge": "yes", "highway": "unclassified"}, "geometry": {"type": "LineString", "coordinates": [[94.0161831, 27.0468478], [94.0165362, 27.0467641]]}}, {"type": "Feature", "properties": {"osm_id": 1126838538, "name": "", "bridge": "yes", "highway": "tertiary"}, "geometry": {"type": "LineString", "coordinates": [[94.0813724, 27.0538566], [94.0814984, 27.0537135]]}}, {"type": "Feature", "properties": {"osm_id": 1126839424, "name": "", "bridge": "yes", "highway": "unclassified"}, "geometry": {"type": "LineString", "coordinates": [[93.8718212, 26.9555713], [93.8718556, 26.9553054]]}}, {"type": "Feature", "properties": {"osm_id": 1126840727, "name": "", "bridge": "yes", "highway": "residential"}, "geometry": {"type": "LineString", "coordinates": [[93.8691098, 26.9533583], [93.8695013, 26.9533419]]}}, {"type": "Feature", "properties": {"osm_id": 1126840729, "name": "", "bridge": "yes", "highway": "unclassified"}, "geometry": {"type": "LineString", "coordinates": [[93.8662139, 26.9328372], [93.8662835, 26.9328445], [93.8663428, 26.9328508]]}}, {"type": "Feature", "properties": {"osm_id": 1126843439, "name": "", "bridge": "yes", "highway": "residential"}, "geometry": {"type": "LineString", "coordinates": [[93.9155599, 26.939156], [93.9158972, 26.939223]]}}, {"type": "Feature", "properties": {"osm_id": 1126843443, "name": "", "bridge": "yes", "highway": "track"}, "geometry": {"type": "LineString", "coordinates": [[93.916798, 26.9358475], [93.917157, 26.935932]]}}, {"type": "Feature", "properties": {"osm_id": 1126843671, "name": "", "bridge": "yes", "highway": "tertiary"}, "geometry": {"type": "LineString", "coordinates": [[93.9287345, 26.9793934], [93.9286566, 26.9793488]]}}, {"type": "Feature", "properties": {"osm_id": 1126845356, "name": "", "bridge": "yes", "highway": "unclassified"}, "geometry": {"type": "LineString", "coordinates": [[93.970446, 26.9122175], [93.9703099, 26.9123783]]}}, {"type": "Feature", "properties": {"osm_id": 1126845546, "name": "", "bridge": "yes", "highway": "track"}, "geometry": {"type": "LineString", "coordinates": [[93.9216349, 26.7281132], [93.92162, 26.7281692]]}}, {"type": "Feature", "properties": {"osm_id": 1126850343, "name": "", "bridge": "yes", "highway": "unclassified"}, "geometry": {"type": "LineString", "coordinates": [[94.068117, 26.9440758], [94.067956, 26.9441724], [94.0678018, 26.9442764]]}}, {"type": "Feature", "properties": {"osm_id": 1126852916, "name": "", "bridge": "yes", "highway": "unclassified"}, "geometry": {"type": "LineString", "coordinates": [[93.9461722, 26.9559326], [93.9462462, 26.9558438]]}}, {"type": "Feature", "properties": {"osm_id": 1126853411, "name": "", "bridge": "yes", "highway": "unclassified"}, "geometry": {"type": "LineString", "coordinates": [[93.8870619, 26.9340226], [93.8871583, 26.9341266]]}}, {"type": "Feature", "properties": {"osm_id": 1126855359, "name": "", "bridge": "yes", "highway": "residential"}, "geometry": {"type": "LineString", "coordinates": [[93.8520504, 27.0198903], [93.8521053, 27.0198027]]}}, {"type": "Feature", "properties": {"osm_id": 1126856604, "name": "", "bridge": "yes", "highway": "residential"}, "geometry": {"type": "LineString", "coordinates": [[93.9603291, 26.9584312], [93.9601015, 26.9584204]]}}, {"type": "Feature", "properties": {"osm_id": 1126858452, "name": "", "bridge": "yes", "highway": "residential"}, "geometry": {"type": "LineString", "coordinates": [[94.0795957, 27.0626604], [94.0796201, 27.0626164]]}}, {"type": "Feature", "properties": {"osm_id": 1126858456, "name": "", "bridge": "yes", "highway": "residential"}, "geometry": {"type": "LineString", "coordinates": [[94.0757677, 27.06566], [94.0758544, 27.0658875]]}}, {"type": "Feature", "properties": {"osm_id": 1126861769, "name": "", "bridge": "yes", "highway": "residential"}, "geometry": {"type": "LineString", "coordinates": [[93.8374614, 26.9366505], [93.837516, 26.9366587]]}}, {"type": "Feature", "properties": {"osm_id": 1126861772, "name": "", "bridge": "yes", "highway": "residential"}, "geometry": {"type": "LineString", "coordinates": [[93.8377422, 26.9352795], [93.8377912, 26.9352853]]}}, {"type": "Feature", "properties": {"osm_id": 1126861775, "name": "", "bridge": "yes", "highway": "unclassified"}, "geometry": {"type": "LineString", "coordinates": [[93.8297324, 26.9308405], [93.8296278, 26.9308119]]}}, {"type": "Feature", "properties": {"osm_id": 1126862443, "name": "", "bridge": "yes", "highway": "unclassified"}, "geometry": {"type": "LineString", "coordinates": [[93.8935972, 27.0555538], [93.8936428, 27.0555748]]}}, {"type": "Feature", "properties": {"osm_id": 1126862445, "name": "", "bridge": "yes", "highway": "unclassified"}, "geometry": {"type": "LineString", "coordinates": [[93.8967943, 27.0589895], [93.8968211, 27.0590441]]}}, {"type": "Feature", "properties": {"osm_id": 1126865329, "name": "", "bridge": "yes", "highway": "unclassified"}, "geometry": {"type": "LineString", "coordinates": [[93.8534065, 27.0271999], [93.8532871, 27.0271825]]}}, {"type": "Feature", "properties": {"osm_id": 1126866995, "name": "", "bridge": "yes", "highway": "unclassified"}, "geometry": {"type": "LineString", "coordinates": [[94.0205011, 26.9367858], [94.0208237, 26.936548]]}}, {"type": "Feature", "properties": {"osm_id": 1126868333, "name": "", "bridge": "yes", "highway": "unclassified"}, "geometry": {"type": "LineString", "coordinates": [[93.7867371, 27.1698074], [93.7867933, 27.1698422]]}}, {"type": "Feature", "properties": {"osm_id": 1126868339, "name": "", "bridge": "yes", "highway": "unclassified"}, "geometry": {"type": "LineString", "coordinates": [[93.7750932, 27.1660261], [93.7749423, 27.1659376]]}}, {"type": "Feature", "properties": {"osm_id": 1126871585, "name": "", "bridge": "yes", "highway": "tertiary"}, "geometry": {"type": "LineString", "coordinates": [[93.8573755, 26.7022983], [93.8574088, 26.70204]]}}, {"type": "Feature", "properties": {"osm_id": 1126872527, "name": "", "bridge": "yes", "highway": "tertiary"}, "geometry": {"type": "LineString", "coordinates": [[93.8633333, 26.6788443], [93.8629475, 26.677856]]}}, {"type": "Feature", "properties": {"osm_id": 1126872575, "name": "", "bridge": "yes", "highway": "unclassified"}, "geometry": {"type": "LineString", "coordinates": [[94.2345234, 27.1137786], [94.2344014, 27.1137039]]}}, {"type": "Feature", "properties": {"osm_id": 1126872577, "name": "", "bridge": "yes", "highway": "unclassified"}, "geometry": {"type": "LineString", "coordinates": [[94.2597183, 27.1123902], [94.2584628, 27.1128285]]}}, {"type": "Feature", "properties": {"osm_id": 1126872685, "name": "", "bridge": "yes", "highway": "tertiary"}, "geometry": {"type": "LineString", "coordinates": [[93.8872717, 27.1061408], [93.8872635, 27.1064257]]}}, {"type": "Feature", "properties": {"osm_id": 1126873326, "name": "", "bridge": "yes", "highway": "residential"}, "geometry": {"type": "LineString", "coordinates": [[93.9045841, 27.0995845], [93.9047415, 27.0997667]]}}, {"type": "Feature", "properties": {"osm_id": 1126873328, "name": "", "bridge": "yes", "highway": "residential"}, "geometry": {"type": "LineString", "coordinates": [[93.9054843, 27.1008053], [93.9055584, 27.1009726]]}}, {"type": "Feature", "properties": {"osm_id": 1126873330, "name": "", "bridge": "yes", "highway": "residential"}, "geometry": {"type": "LineString", "coordinates": [[93.9079068, 27.1038018], [93.9079723, 27.1039061]]}}, {"type": "Feature", "properties": {"osm_id": 1126873357, "name": "", "bridge": "yes", "highway": "unclassified"}, "geometry": {"type": "LineString", "coordinates": [[93.8745026, 26.7298105], [93.8739016, 26.7300898]]}}, {"type": "Feature", "properties": {"osm_id": 1126875296, "name": "", "bridge": "yes", "highway": "unclassified"}, "geometry": {"type": "LineString", "coordinates": [[93.8661404, 26.731689], [93.8659774, 26.7319398]]}}, {"type": "Feature", "properties": {"osm_id": 1126875804, "name": "Balipara - Harmuti - Bogibeel", "bridge": "yes", "highway": ""}, "geometry": {"type": "LineString", "coordinates": [[93.8434874, 27.0784585], [93.8434161, 27.0786182]]}}, {"type": "Feature", "properties": {"osm_id": 1126877588, "name": "", "bridge": "yes", "highway": "residential"}, "geometry": {"type": "LineString", "coordinates": [[93.9489935, 27.0406687], [93.9490941, 27.0407857]]}}, {"type": "Feature", "properties": {"osm_id": 1126892015, "name": "", "bridge": "yes", "highway": "tertiary"}, "geometry": {"type": "LineString", "coordinates": [[93.8872859, 27.1092097], [93.8872804, 27.1093166]]}}, {"type": "Feature", "properties": {"osm_id": 1126892750, "name": "", "bridge": "yes", "highway": "unclassified"}, "geometry": {"type": "LineString", "coordinates": [[93.9531641, 27.0392199], [93.9530864, 27.0390536]]}}, {"type": "Feature", "properties": {"osm_id": 1126892977, "name": "", "bridge": "yes", "highway": "unclassified"}, "geometry": {"type": "LineString", "coordinates": [[94.0066807, 27.0776161], [94.0063351, 27.0774618]]}}, {"type": "Feature", "properties": {"osm_id": 1126893534, "name": "", "bridge": "yes", "highway": "unclassified"}, "geometry": {"type": "LineString", "coordinates": [[94.0537426, 26.9760709], [94.0537503, 26.9760337]]}}, {"type": "Feature", "properties": {"osm_id": 1126902591, "name": "", "bridge": "yes", "highway": "unclassified"}, "geometry": {"type": "LineString", "coordinates": [[94.124619, 27.0973462], [94.1248422, 27.0971666]]}}, {"type": "Feature", "properties": {"osm_id": 1126902593, "name": "", "bridge": "yes", "highway": "tertiary"}, "geometry": {"type": "LineString", "coordinates": [[94.1286626, 27.09611], [94.1288118, 27.0960339]]}}, {"type": "Feature", "properties": {"osm_id": 1126902598, "name": "", "bridge": "yes", "highway": "residential"}, "geometry": {"type": "LineString", "coordinates": [[93.6170714, 27.067354], [93.6171164, 27.0673153]]}}, {"type": "Feature", "properties": {"osm_id": 1126907730, "name": "", "bridge": "yes", "highway": "track"}, "geometry": {"type": "LineString", "coordinates": [[94.1371285, 27.0912563], [94.1373073, 27.0913944]]}}, {"type": "Feature", "properties": {"osm_id": 1126907732, "name": "", "bridge": "yes", "highway": "track"}, "geometry": {"type": "LineString", "coordinates": [[94.1338555, 27.0935629], [94.1337761, 27.0933662]]}}, {"type": "Feature", "properties": {"osm_id": 1126907754, "name": "", "bridge": "yes", "highway": "unclassified"}, "geometry": {"type": "LineString", "coordinates": [[93.9096954, 27.0526938], [93.9096224, 27.0526358]]}}, {"type": "Feature", "properties": {"osm_id": 1126909498, "name": "", "bridge": "yes", "highway": "residential"}, "geometry": {"type": "LineString", "coordinates": [[93.9070642, 27.0648494], [93.9071444, 27.0648529]]}}, {"type": "Feature", "properties": {"osm_id": 1126909704, "name": "", "bridge": "yes", "highway": "unclassified"}, "geometry": {"type": "LineString", "coordinates": [[93.8832981, 26.9263258], [93.8838715, 26.9263032]]}}, {"type": "Feature", "properties": {"osm_id": 1126910498, "name": "", "bridge": "yes", "highway": "residential"}, "geometry": {"type": "LineString", "coordinates": [[94.0352589, 27.0724902], [94.0353811, 27.0723983]]}}, {"type": "Feature", "properties": {"osm_id": 1126911188, "name": "", "bridge": "yes", "highway": "service"}, "geometry": {"type": "LineString", "coordinates": [[93.6274948, 27.0719154], [93.6274344, 27.0718593]]}}, {"type": "Feature", "properties": {"osm_id": 1126911990, "name": "", "bridge": "yes", "highway": "unclassified"}, "geometry": {"type": "LineString", "coordinates": [[93.8440005, 27.0577637], [93.8439959, 27.0577235]]}}, {"type": "Feature", "properties": {"osm_id": 1126913190, "name": "", "bridge": "yes", "highway": "unclassified"}, "geometry": {"type": "LineString", "coordinates": [[94.2254451, 26.9843088], [94.2253583, 26.9843771]]}}, {"type": "Feature", "properties": {"osm_id": 1126913192, "name": "", "bridge": "yes", "highway": "unclassified"}, "geometry": {"type": "LineString", "coordinates": [[94.2260927, 26.9832771], [94.226105, 26.9831807]]}}, {"type": "Feature", "properties": {"osm_id": 1126913198, "name": "", "bridge": "yes", "highway": "unclassified"}, "geometry": {"type": "LineString", "coordinates": [[94.2355553, 26.9783018], [94.2353406, 26.9783862]]}}, {"type": "Feature", "properties": {"osm_id": 1126914732, "name": "", "bridge": "yes", "highway": "residential"}, "geometry": {"type": "LineString", "coordinates": [[93.9103043, 27.061705], [93.9104508, 27.0616921]]}}, {"type": "Feature", "properties": {"osm_id": 1126914825, "name": "", "bridge": "yes", "highway": "tertiary"}, "geometry": {"type": "LineString", "coordinates": [[93.8845443, 27.1769559], [93.8844533, 27.1768922]]}}, {"type": "Feature", "properties": {"osm_id": 1126914827, "name": "", "bridge": "yes", "highway": "tertiary"}, "geometry": {"type": "LineString", "coordinates": [[93.8936311, 27.1786229], [93.8928137, 27.1784388]]}}, {"type": "Feature", "properties": {"osm_id": 1126915676, "name": "", "bridge": "yes", "highway": "unclassified"}, "geometry": {"type": "LineString", "coordinates": [[93.884292, 27.1885957], [93.8843111, 27.1886859]]}}, {"type": "Feature", "properties": {"osm_id": 1126920942, "name": "", "bridge": "yes", "highway": "unclassified"}, "geometry": {"type": "LineString", "coordinates": [[94.1789505, 26.9941319], [94.1789671, 26.9939965]]}}, {"type": "Feature", "properties": {"osm_id": 1126924554, "name": "", "bridge": "yes", "highway": "unclassified"}, "geometry": {"type": "LineString", "coordinates": [[94.1447079, 27.056945], [94.1448646, 27.0569927]]}}, {"type": "Feature", "properties": {"osm_id": 1126924964, "name": "", "bridge": "yes", "highway": "residential"}, "geometry": {"type": "LineString", "coordinates": [[94.0182948, 26.7242628], [94.0183637, 26.7242491]]}}, {"type": "Feature", "properties": {"osm_id": 1126925254, "name": "", "bridge": "yes", "highway": "service"}, "geometry": {"type": "LineString", "coordinates": [[93.6771524, 27.0966273], [93.677331, 27.0965803]]}}, {"type": "Feature", "properties": {"osm_id": 1126926276, "name": "", "bridge": "yes", "highway": "residential"}, "geometry": {"type": "LineString", "coordinates": [[94.1911564, 26.9997786], [94.1909507, 26.9997995]]}}, {"type": "Feature", "properties": {"osm_id": 1126931721, "name": "", "bridge": "yes", "highway": "unclassified"}, "geometry": {"type": "LineString", "coordinates": [[93.8786889, 27.000958], [93.8784703, 27.0008418]]}}, {"type": "Feature", "properties": {"osm_id": 1126932372, "name": "", "bridge": "yes", "highway": "residential"}, "geometry": {"type": "LineString", "coordinates": [[93.9067807, 27.0355174], [93.9068564, 27.0355445]]}}, {"type": "Feature", "properties": {"osm_id": 1126932479, "name": "", "bridge": "yes", "highway": "service"}, "geometry": {"type": "LineString", "coordinates": [[93.6723534, 27.099096], [93.6721834, 27.0989772]]}}, {"type": "Feature", "properties": {"osm_id": 1126933527, "name": "", "bridge": "yes", "highway": "residential"}, "geometry": {"type": "LineString", "coordinates": [[93.7145608, 27.1081682], [93.7144594, 27.108214]]}}, {"type": "Feature", "properties": {"osm_id": 1126935303, "name": "", "bridge": "yes", "highway": "residential"}, "geometry": {"type": "LineString", "coordinates": [[93.8790727, 26.9976686], [93.8791183, 26.9976231]]}}, {"type": "Feature", "properties": {"osm_id": 1126937790, "name": "", "bridge": "yes", "highway": "residential"}, "geometry": {"type": "LineString", "coordinates": [[93.716263, 27.1035378], [93.7163106, 27.1034692]]}}, {"type": "Feature", "properties": {"osm_id": 1126947226, "name": "", "bridge": "yes", "highway": "unclassified"}, "geometry": {"type": "LineString", "coordinates": [[93.7789482, 27.3549003], [93.7788169, 27.3551329]]}}, {"type": "Feature", "properties": {"osm_id": 1126958295, "name": "", "bridge": "yes", "highway": "service"}, "geometry": {"type": "LineString", "coordinates": [[93.7837078, 27.354696], [93.7839264, 27.3551153]]}}, {"type": "Feature", "properties": {"osm_id": 1127394085, "name": "", "bridge": "yes", "highway": "unclassified"}, "geometry": {"type": "LineString", "coordinates": [[94.1206824, 26.9803995], [94.1205008, 26.9805414]]}}, {"type": "Feature", "properties": {"osm_id": 1127394087, "name": "", "bridge": "yes", "highway": "unclassified"}, "geometry": {"type": "LineString", "coordinates": [[94.118735, 26.9818076], [94.1183386, 26.9819979], [94.1179682, 26.9821998]]}}, {"type": "Feature", "properties": {"osm_id": 1127394817, "name": "", "bridge": "yes", "highway": "residential"}, "geometry": {"type": "LineString", "coordinates": [[94.1347181, 27.0200756], [94.1350249, 27.0199663]]}}, {"type": "Feature", "properties": {"osm_id": 1127397800, "name": "", "bridge": "yes", "highway": "service"}, "geometry": {"type": "LineString", "coordinates": [[93.797216, 27.1185261], [93.7972222, 27.1184851]]}}, {"type": "Feature", "properties": {"osm_id": 1127397802, "name": "", "bridge": "yes", "highway": "service"}, "geometry": {"type": "LineString", "coordinates": [[93.7965431, 27.1183926], [93.7965512, 27.11836]]}}, {"type": "Feature", "properties": {"osm_id": 1127398055, "name": "", "bridge": "yes", "highway": "unclassified"}, "geometry": {"type": "LineString", "coordinates": [[93.9859998, 27.0930848], [93.9861974, 27.0929964]]}}, {"type": "Feature", "properties": {"osm_id": 1127398459, "name": "", "bridge": "yes", "highway": "residential"}, "geometry": {"type": "LineString", "coordinates": [[93.8027015, 27.0577039], [93.8030163, 27.0578732]]}}, {"type": "Feature", "properties": {"osm_id": 1127398461, "name": "", "bridge": "yes", "highway": "residential"}, "geometry": {"type": "LineString", "coordinates": [[93.8130797, 27.0539233], [93.8130459, 27.0540872]]}}, {"type": "Feature", "properties": {"osm_id": 1127400973, "name": "", "bridge": "yes", "highway": "trunk"}, "geometry": {"type": "LineString", "coordinates": [[93.7990917, 27.1186796], [93.7992015, 27.1186508]]}}, {"type": "Feature", "properties": {"osm_id": 1127401000, "name": "", "bridge": "yes", "highway": "tertiary"}, "geometry": {"type": "LineString", "coordinates": [[94.0545497, 27.0671389], [94.0550364, 27.0672708]]}}, {"type": "Feature", "properties": {"osm_id": 1127401437, "name": "", "bridge": "yes", "highway": "unclassified"}, "geometry": {"type": "LineString", "coordinates": [[93.8422887, 26.8757095], [93.8421959, 26.8758817]]}}, {"type": "Feature", "properties": {"osm_id": 1127403337, "name": "", "bridge": "yes", "highway": "unclassified"}, "geometry": {"type": "LineString", "coordinates": [[93.7062331, 27.1049813], [93.7062772, 27.1049561], [93.7063854, 27.1048961]]}}, {"type": "Feature", "properties": {"osm_id": 1127404096, "name": "", "bridge": "yes", "highway": "residential"}, "geometry": {"type": "LineString", "coordinates": [[94.0176735, 27.0327235], [94.0178399, 27.0326042]]}}, {"type": "Feature", "properties": {"osm_id": 1127404177, "name": "", "bridge": "yes", "highway": "residential"}, "geometry": {"type": "LineString", "coordinates": [[94.0804769, 26.9553928], [94.0803751, 26.9553144]]}}, {"type": "Feature", "properties": {"osm_id": 1127404576, "name": "", "bridge": "yes", "highway": "track"}, "geometry": {"type": "LineString", "coordinates": [[94.079815, 26.9596427], [94.0798675, 26.9596383]]}}, {"type": "Feature", "properties": {"osm_id": 1127404950, "name": "", "bridge": "yes", "highway": "residential"}, "geometry": {"type": "LineString", "coordinates": [[93.8615686, 26.9968358], [93.8614275, 26.9968335]]}}, {"type": "Feature", "properties": {"osm_id": 1127406206, "name": "", "bridge": "yes", "highway": "unclassified"}, "geometry": {"type": "LineString", "coordinates": [[93.8775668, 26.9935484], [93.8777562, 26.9934801]]}}, {"type": "Feature", "properties": {"osm_id": 1127406716, "name": "Jully Basti Road", "bridge": "yes", "highway": "secondary"}, "geometry": {"type": "LineString", "coordinates": [[93.6698519, 27.0989738], [93.6698029, 27.0988915]]}}, {"type": "Feature", "properties": {"osm_id": 1127407849, "name": "", "bridge": "yes", "highway": "unclassified"}, "geometry": {"type": "LineString", "coordinates": [[94.1121885, 27.0915035], [94.1126338, 27.0914032]]}}, {"type": "Feature", "properties": {"osm_id": 1127408477, "name": "", "bridge": "yes", "highway": "unclassified"}, "geometry": {"type": "LineString", "coordinates": [[93.8601507, 27.0121195], [93.860083, 27.0121051]]}}, {"type": "Feature", "properties": {"osm_id": 1127408852, "name": "", "bridge": "yes", "highway": "service"}, "geometry": {"type": "LineString", "coordinates": [[94.0008023, 26.9920744], [94.0006385, 26.9920729]]}}, {"type": "Feature", "properties": {"osm_id": 1127410711, "name": "", "bridge": "yes", "highway": "residential"}, "geometry": {"type": "LineString", "coordinates": [[94.1242732, 27.0814009], [94.1243081, 27.0813042]]}}, {"type": "Feature", "properties": {"osm_id": 1127410716, "name": "", "bridge": "yes", "highway": "residential"}, "geometry": {"type": "LineString", "coordinates": [[94.1209808, 27.0743426], [94.1210693, 27.0743509]]}}, {"type": "Feature", "properties": {"osm_id": 1127410975, "name": "", "bridge": "yes", "highway": "residential"}, "geometry": {"type": "LineString", "coordinates": [[93.6640925, 27.1067301], [93.6640792, 27.1067064]]}}, {"type": "Feature", "properties": {"osm_id": 1127411016, "name": "", "bridge": "yes", "highway": "unclassified"}, "geometry": {"type": "LineString", "coordinates": [[94.1149029, 27.0796659], [94.1148278, 27.0796146]]}}, {"type": "Feature", "properties": {"osm_id": 1127411345, "name": "", "bridge": "yes", "highway": "unclassified"}, "geometry": {"type": "LineString", "coordinates": [[94.0396357, 27.0749512], [94.0395312, 27.0751741]]}}, {"type": "Feature", "properties": {"osm_id": 1127411347, "name": "", "bridge": "yes", "highway": "unclassified"}, "geometry": {"type": "LineString", "coordinates": [[94.0401224, 27.0958626], [94.040506, 27.0960368]]}}, {"type": "Feature", "properties": {"osm_id": 1127411350, "name": "", "bridge": "yes", "highway": "unclassified"}, "geometry": {"type": "LineString", "coordinates": [[94.0450059, 27.0963064], [94.045448, 27.096139]]}}, {"type": "Feature", "properties": {"osm_id": 1127411861, "name": "", "bridge": "yes", "highway": "residential"}, "geometry": {"type": "LineString", "coordinates": [[93.6650842, 27.107552], [93.6653174, 27.1075545]]}}, {"type": "Feature", "properties": {"osm_id": 1127412477, "name": "", "bridge": "yes", "highway": "residential"}, "geometry": {"type": "LineString", "coordinates": [[94.1136872, 27.0844117], [94.1137476, 27.0844267]]}}, {"type": "Feature", "properties": {"osm_id": 1127412739, "name": "", "bridge": "yes", "highway": "unclassified"}, "geometry": {"type": "LineString", "coordinates": [[94.241672, 27.0180168], [94.2415068, 27.018068]]}}, {"type": "Feature", "properties": {"osm_id": 1127413037, "name": "", "bridge": "yes", "highway": "residential"}, "geometry": {"type": "LineString", "coordinates": [[93.8215059, 27.0917545], [93.8216499, 27.0918179]]}}, {"type": "Feature", "properties": {"osm_id": 1127413949, "name": "", "bridge": "yes", "highway": "unclassified"}, "geometry": {"type": "LineString", "coordinates": [[94.2255638, 27.0226451], [94.2256136, 27.022589]]}}, {"type": "Feature", "properties": {"osm_id": 1127414931, "name": "", "bridge": "yes", "highway": "residential"}, "geometry": {"type": "LineString", "coordinates": [[93.9696996, 27.0826298], [93.9697532, 27.0828865]]}}, {"type": "Feature", "properties": {"osm_id": 1127415908, "name": "", "bridge": "yes", "highway": "unclassified"}, "geometry": {"type": "LineString", "coordinates": [[93.8597027, 26.9783486], [93.8597169, 26.9782421]]}}, {"type": "Feature", "properties": {"osm_id": 1127419688, "name": "", "bridge": "yes", "highway": "unclassified"}, "geometry": {"type": "LineString", "coordinates": [[94.1519724, 26.9848551], [94.1517481, 26.9850578]]}}, {"type": "Feature", "properties": {"osm_id": 1127422225, "name": "", "bridge": "yes", "highway": "residential"}, "geometry": {"type": "LineString", "coordinates": [[94.1670299, 26.9931913], [94.1669489, 26.9931422]]}}, {"type": "Feature", "properties": {"osm_id": 1127423071, "name": "", "bridge": "yes", "highway": "unclassified"}, "geometry": {"type": "LineString", "coordinates": [[94.0170715, 27.0921632], [94.0175291, 27.0920176]]}}, {"type": "Feature", "properties": {"osm_id": 1127423073, "name": "", "bridge": "yes", "highway": "unclassified"}, "geometry": {"type": "LineString", "coordinates": [[94.0209871, 27.0921962], [94.0213443, 27.0923043]]}}, {"type": "Feature", "properties": {"osm_id": 1127423076, "name": "", "bridge": "yes", "highway": "unclassified"}, "geometry": {"type": "LineString", "coordinates": [[94.0028136, 27.0916449], [94.0025836, 27.0915882]]}}, {"type": "Feature", "properties": {"osm_id": 1127423078, "name": "", "bridge": "yes", "highway": "unclassified"}, "geometry": {"type": "LineString", "coordinates": [[93.9839749, 27.0835905], [93.9835759, 27.0835344]]}}, {"type": "Feature", "properties": {"osm_id": 1127423572, "name": "", "bridge": "yes", "highway": "residential"}, "geometry": {"type": "LineString", "coordinates": [[93.8729133, 27.1610868], [93.8728018, 27.1611245]]}}, {"type": "Feature", "properties": {"osm_id": 1127424121, "name": "", "bridge": "yes", "highway": "unclassified"}, "geometry": {"type": "LineString", "coordinates": [[94.0083743, 27.0462516], [94.0082788, 27.0462549]]}}, {"type": "Feature", "properties": {"osm_id": 1127424393, "name": "", "bridge": "yes", "highway": "unclassified"}, "geometry": {"type": "LineString", "coordinates": [[93.826799, 27.0166968], [93.8269597, 27.0168127]]}}, {"type": "Feature", "properties": {"osm_id": 1127424395, "name": "", "bridge": "yes", "highway": "unclassified"}, "geometry": {"type": "LineString", "coordinates": [[93.8231022, 27.0131642], [93.823092, 27.0132551]]}}, {"type": "Feature", "properties": {"osm_id": 1127424397, "name": "", "bridge": "yes", "highway": "unclassified"}, "geometry": {"type": "LineString", "coordinates": [[93.8267106, 27.0054192], [93.8266111, 27.0054601]]}}, {"type": "Feature", "properties": {"osm_id": 1127425976, "name": "", "bridge": "yes", "highway": "track"}, "geometry": {"type": "LineString", "coordinates": [[94.2427048, 26.7193626], [94.2425117, 26.7192093]]}}, {"type": "Feature", "properties": {"osm_id": 1127425979, "name": "", "bridge": "yes", "highway": "residential"}, "geometry": {"type": "LineString", "coordinates": [[94.2411143, 26.7218279], [94.241184, 26.7217728]]}}, {"type": "Feature", "properties": {"osm_id": 1127426386, "name": "", "bridge": "yes", "highway": "residential"}, "geometry": {"type": "LineString", "coordinates": [[94.0115846, 27.0502691], [94.0115755, 27.0502992]]}}, {"type": "Feature", "properties": {"osm_id": 1127426720, "name": "", "bridge": "yes", "highway": "residential"}, "geometry": {"type": "LineString", "coordinates": [[93.8197016, 26.9927387], [93.8196921, 26.9928582]]}}, {"type": "Feature", "properties": {"osm_id": 1127426790, "name": "", "bridge": "yes", "highway": "residential"}, "geometry": {"type": "LineString", "coordinates": [[94.1589411, 26.9894903], [94.1589725, 26.9894057]]}}, {"type": "Feature", "properties": {"osm_id": 1127427104, "name": "", "bridge": "yes", "highway": "unclassified"}, "geometry": {"type": "LineString", "coordinates": [[93.8962945, 27.0667475], [93.8963683, 27.0666692]]}}, {"type": "Feature", "properties": {"osm_id": 1127427108, "name": "", "bridge": "yes", "highway": "residential"}, "geometry": {"type": "LineString", "coordinates": [[93.8925917, 27.0737312], [93.8925652, 27.0736965]]}}, {"type": "Feature", "properties": {"osm_id": 1127427208, "name": "", "bridge": "yes", "highway": "unclassified"}, "geometry": {"type": "LineString", "coordinates": [[93.82892, 26.9968856], [93.8288741, 26.9968924]]}}, {"type": "Feature", "properties": {"osm_id": 1127427211, "name": "", "bridge": "yes", "highway": "unclassified"}, "geometry": {"type": "LineString", "coordinates": [[93.822213, 27.0086334], [93.8219983, 27.0085932]]}}, {"type": "Feature", "properties": {"osm_id": 1127427813, "name": "Jengraimukh Road", "bridge": "yes", "highway": "primary"}, "geometry": {"type": "LineString", "coordinates": [[94.16065, 26.9891255], [94.1608036, 26.9891644]]}}, {"type": "Feature", "properties": {"osm_id": 1127433607, "name": "", "bridge": "yes", "highway": "residential"}, "geometry": {"type": "LineString", "coordinates": [[93.8335207, 27.1200171], [93.8334861, 27.1200339]]}}, {"type": "Feature", "properties": {"osm_id": 1127433665, "name": "", "bridge": "yes", "highway": "residential"}, "geometry": {"type": "LineString", "coordinates": [[93.8591285, 26.9932867], [93.8592696, 26.9931934]]}}, {"type": "Feature", "properties": {"osm_id": 1127433806, "name": "", "bridge": "yes", "highway": "residential"}, "geometry": {"type": "LineString", "coordinates": [[93.8331489, 27.1194041], [93.8331067, 27.1194256]]}}, {"type": "Feature", "properties": {"osm_id": 1127435656, "name": "", "bridge": "yes", "highway": "residential"}, "geometry": {"type": "LineString", "coordinates": [[93.8129158, 27.0051742], [93.813006, 27.005187]]}}, {"type": "Feature", "properties": {"osm_id": 1127439112, "name": "", "bridge": "yes", "highway": "unclassified"}, "geometry": {"type": "LineString", "coordinates": [[93.8198159, 27.0170809], [93.8197401, 27.0170917]]}}, {"type": "Feature", "properties": {"osm_id": 1127439188, "name": "", "bridge": "yes", "highway": "track"}, "geometry": {"type": "LineString", "coordinates": [[94.1039909, 27.0816146], [94.1034624, 27.0817411]]}}, {"type": "Feature", "properties": {"osm_id": 1127441502, "name": "", "bridge": "yes", "highway": "residential"}, "geometry": {"type": "LineString", "coordinates": [[93.8298959, 27.0095309], [93.8298999, 27.0095759]]}}, {"type": "Feature", "properties": {"osm_id": 1127442126, "name": "", "bridge": "yes", "highway": "residential"}, "geometry": {"type": "LineString", "coordinates": [[93.8198018, 26.9969756], [93.8198187, 26.9968983]]}}, {"type": "Feature", "properties": {"osm_id": 1127443224, "name": "", "bridge": "yes", "highway": "tertiary"}, "geometry": {"type": "LineString", "coordinates": [[93.9242375, 26.978217], [93.9241486, 26.9781833]]}}, {"type": "Feature", "properties": {"osm_id": 1127443542, "name": "", "bridge": "yes", "highway": "unclassified"}, "geometry": {"type": "LineString", "coordinates": [[93.8254418, 26.9982551], [93.8253911, 26.9982728]]}}, {"type": "Feature", "properties": {"osm_id": 1127443547, "name": "", "bridge": "yes", "highway": "unclassified"}, "geometry": {"type": "LineString", "coordinates": [[93.8140536, 26.9929859], [93.8143661, 26.9930298]]}}, {"type": "Feature", "properties": {"osm_id": 1127445988, "name": "", "bridge": "yes", "highway": "tertiary"}, "geometry": {"type": "LineString", "coordinates": [[93.8244479, 27.1319895], [93.8242975, 27.1319578]]}}, {"type": "Feature", "properties": {"osm_id": 1127445990, "name": "", "bridge": "yes", "highway": "tertiary"}, "geometry": {"type": "LineString", "coordinates": [[93.8287498, 27.1298646], [93.8286806, 27.1298889]]}}, {"type": "Feature", "properties": {"osm_id": 1127447032, "name": "", "bridge": "yes", "highway": "unclassified"}, "geometry": {"type": "LineString", "coordinates": [[93.8272886, 27.1189894], [93.8272355, 27.118991]]}}, {"type": "Feature", "properties": {"osm_id": 1127447755, "name": "", "bridge": "yes", "highway": "track"}, "geometry": {"type": "LineString", "coordinates": [[93.7733027, 27.1322964], [93.7733262, 27.1323261]]}}, {"type": "Feature", "properties": {"osm_id": 1127447821, "name": "", "bridge": "yes", "highway": "unclassified"}, "geometry": {"type": "LineString", "coordinates": [[93.8659492, 26.9731871], [93.8657615, 26.9733198]]}}, {"type": "Feature", "properties": {"osm_id": 1127448910, "name": "Mokina Road", "bridge": "yes", "highway": "unclassified"}, "geometry": {"type": "LineString", "coordinates": [[94.1398688, 26.9558745], [94.1398244, 26.9559488]]}}, {"type": "Feature", "properties": {"osm_id": 1127450590, "name": "", "bridge": "yes", "highway": "residential"}, "geometry": {"type": "LineString", "coordinates": [[93.8875328, 27.0040479], [93.8876289, 27.0038903]]}}, {"type": "Feature", "properties": {"osm_id": 1127451798, "name": "Narayanpur-Bihpuria-Laluk Road", "bridge": "yes", "highway": "primary"}, "geometry": {"type": "LineString", "coordinates": [[93.8974044, 26.9980013], [93.8975056, 26.9980835]]}}, {"type": "Feature", "properties": {"osm_id": 1127454549, "name": "", "bridge": "yes", "highway": "residential"}, "geometry": {"type": "LineString", "coordinates": [[93.6487569, 27.0964978], [93.6488018, 27.0965223]]}}, {"type": "Feature", "properties": {"osm_id": 1127457436, "name": "Mokina Road", "bridge": "yes", "highway": "unclassified"}, "geometry": {"type": "LineString", "coordinates": [[94.1400231, 26.9557231], [94.1399854, 26.9557577]]}}, {"type": "Feature", "properties": {"osm_id": 1127460159, "name": "", "bridge": "yes", "highway": "residential"}, "geometry": {"type": "LineString", "coordinates": [[93.8750081, 26.9574252], [93.8751986, 26.95707]]}}, {"type": "Feature", "properties": {"osm_id": 1127461495, "name": "", "bridge": "yes", "highway": "residential"}, "geometry": {"type": "LineString", "coordinates": [[93.8714929, 26.9639152], [93.8715211, 26.9638345]]}}, {"type": "Feature", "properties": {"osm_id": 1127461715, "name": "", "bridge": "yes", "highway": "unclassified"}, "geometry": {"type": "LineString", "coordinates": [[94.0862405, 27.092575], [94.0862348, 27.0925971]]}}, {"type": "Feature", "properties": {"osm_id": 1127461736, "name": "", "bridge": "yes", "highway": "unclassified"}, "geometry": {"type": "LineString", "coordinates": [[94.0008052, 27.0765651], [94.0008196, 27.0762925]]}}, {"type": "Feature", "properties": {"osm_id": 1127463579, "name": "Narayanpur-Bihpuria-Laluk Road", "bridge": "yes", "highway": "primary"}, "geometry": {"type": "LineString", "coordinates": [[93.8657703, 26.9645078], [93.8661437, 26.9648708]]}}, {"type": "Feature", "properties": {"osm_id": 1127465862, "name": "", "bridge": "yes", "highway": "residential"}, "geometry": {"type": "LineString", "coordinates": [[93.703208, 27.1172724], [93.7030992, 27.1172866]]}}, {"type": "Feature", "properties": {"osm_id": 1127466759, "name": "Narayanpur-Bihpuria-Laluk Road", "bridge": "yes", "highway": "primary"}, "geometry": {"type": "LineString", "coordinates": [[93.8626233, 26.9605171], [93.8626667, 26.9605889]]}}, {"type": "Feature", "properties": {"osm_id": 1127466979, "name": "", "bridge": "yes", "highway": "service"}, "geometry": {"type": "LineString", "coordinates": [[94.2023275, 26.7277104], [94.2025875, 26.7276968]]}}, {"type": "Feature", "properties": {"osm_id": 1127466981, "name": "", "bridge": "yes", "highway": "service"}, "geometry": {"type": "LineString", "coordinates": [[94.2014332, 26.7272356], [94.2014363, 26.7273163]]}}, {"type": "Feature", "properties": {"osm_id": 1127467487, "name": "", "bridge": "yes", "highway": "trunk"}, "geometry": {"type": "LineString", "coordinates": [[93.7193743, 27.1225988], [93.719428, 27.1226776]]}}, {"type": "Feature", "properties": {"osm_id": 1127468636, "name": "", "bridge": "yes", "highway": "service"}, "geometry": {"type": "LineString", "coordinates": [[94.2015047, 26.7284831], [94.2015064, 26.728531]]}}, {"type": "Feature", "properties": {"osm_id": 1127471945, "name": "", "bridge": "yes", "highway": "trunk"}, "geometry": {"type": "LineString", "coordinates": [[93.7051861, 27.1276429], [93.7051439, 27.1275439]]}}, {"type": "Feature", "properties": {"osm_id": 1127483073, "name": "", "bridge": "yes", "highway": "residential"}, "geometry": {"type": "LineString", "coordinates": [[93.7058794, 27.1169999], [93.7057608, 27.1170023]]}}, {"type": "Feature", "properties": {"osm_id": 1127486100, "name": "", "bridge": "yes", "highway": "unclassified"}, "geometry": {"type": "LineString", "coordinates": [[93.9444432, 27.0751265], [93.9444696, 27.0750227]]}}, {"type": "Feature", "properties": {"osm_id": 1127486942, "name": "", "bridge": "yes", "highway": "residential"}, "geometry": {"type": "LineString", "coordinates": [[93.9938398, 27.0944125], [93.9938305, 27.0943022]]}}, {"type": "Feature", "properties": {"osm_id": 1127488768, "name": "", "bridge": "yes", "highway": "tertiary"}, "geometry": {"type": "LineString", "coordinates": [[94.1568089, 27.0174322], [94.1567576, 27.0175241]]}}, {"type": "Feature", "properties": {"osm_id": 1127488770, "name": "", "bridge": "yes", "highway": "tertiary"}, "geometry": {"type": "LineString", "coordinates": [[94.1565002, 27.0266058], [94.1565411, 27.0266701]]}}, {"type": "Feature", "properties": {"osm_id": 1127488966, "name": "", "bridge": "yes", "highway": "residential"}, "geometry": {"type": "LineString", "coordinates": [[94.0155884, 27.0747486], [94.0156039, 27.0746938]]}}, {"type": "Feature", "properties": {"osm_id": 1127637842, "name": "", "bridge": "yes", "highway": "track"}, "geometry": {"type": "LineString", "coordinates": [[94.1567856, 26.7304076], [94.1567264, 26.7303968]]}}, {"type": "Feature", "properties": {"osm_id": 1127647862, "name": "Rajpath", "bridge": "yes", "highway": "service"}, "geometry": {"type": "LineString", "coordinates": [[93.7515777, 27.1319062], [93.7514693, 27.1319121]]}}, {"type": "Feature", "properties": {"osm_id": 1127652952, "name": "", "bridge": "yes", "highway": "unclassified"}, "geometry": {"type": "LineString", "coordinates": [[94.1664064, 26.7618012], [94.1663685, 26.76204]]}}, {"type": "Feature", "properties": {"osm_id": 1127654848, "name": "", "bridge": "yes", "highway": "residential"}, "geometry": {"type": "LineString", "coordinates": [[94.2343425, 26.7768509], [94.2343569, 26.7768903]]}}, {"type": "Feature", "properties": {"osm_id": 1127655285, "name": "", "bridge": "yes", "highway": "track"}, "geometry": {"type": "LineString", "coordinates": [[93.8284816, 26.7831941], [93.8284991, 26.7829939]]}}, {"type": "Feature", "properties": {"osm_id": 1127657616, "name": "", "bridge": "yes", "highway": "residential"}, "geometry": {"type": "LineString", "coordinates": [[94.1725531, 26.7675789], [94.1726401, 26.7675486]]}}, {"type": "Feature", "properties": {"osm_id": 1127658212, "name": "", "bridge": "yes", "highway": "residential"}, "geometry": {"type": "LineString", "coordinates": [[93.6092165, 27.0907374], [93.6092608, 27.0905008]]}}, {"type": "Feature", "properties": {"osm_id": 1127658809, "name": "", "bridge": "yes", "highway": "residential"}, "geometry": {"type": "LineString", "coordinates": [[93.7173202, 27.1077968], [93.7173486, 27.1079824]]}}, {"type": "Feature", "properties": {"osm_id": 1127660953, "name": "", "bridge": "yes", "highway": "residential"}, "geometry": {"type": "LineString", "coordinates": [[94.2198478, 26.7891223], [94.2197516, 26.7891065]]}}, {"type": "Feature", "properties": {"osm_id": 1127660955, "name": "", "bridge": "yes", "highway": "residential"}, "geometry": {"type": "LineString", "coordinates": [[94.2213929, 26.7893032], [94.221331, 26.7893042]]}}, {"type": "Feature", "properties": {"osm_id": 1127664159, "name": "", "bridge": "yes", "highway": "service"}, "geometry": {"type": "LineString", "coordinates": [[93.7059608, 27.1095484], [93.7060123, 27.1095713]]}}, {"type": "Feature", "properties": {"osm_id": 1127670463, "name": "", "bridge": "yes", "highway": "unclassified"}, "geometry": {"type": "LineString", "coordinates": [[93.736329, 27.1180791], [93.7363265, 27.117994]]}}, {"type": "Feature", "properties": {"osm_id": 1127671432, "name": "", "bridge": "yes", "highway": "unclassified"}, "geometry": {"type": "LineString", "coordinates": [[93.7366647, 27.1154361], [93.736929, 27.1152778]]}}, {"type": "Feature", "properties": {"osm_id": 1127674440, "name": "", "bridge": "yes", "highway": "residential"}, "geometry": {"type": "LineString", "coordinates": [[93.701116, 27.1117644], [93.7010192, 27.1117762]]}}, {"type": "Feature", "properties": {"osm_id": 1127676184, "name": "", "bridge": "yes", "highway": "service"}, "geometry": {"type": "LineString", "coordinates": [[94.2285401, 26.7388855], [94.2286004, 26.7389011]]}}, {"type": "Feature", "properties": {"osm_id": 1127676188, "name": "", "bridge": "yes", "highway": "service"}, "geometry": {"type": "LineString", "coordinates": [[94.2278373, 26.7394305], [94.2278588, 26.7393359]]}}, {"type": "Feature", "properties": {"osm_id": 1127682471, "name": "", "bridge": "yes", "highway": "residential"}, "geometry": {"type": "LineString", "coordinates": [[93.7376188, 27.1176968], [93.7377257, 27.1177346]]}}, {"type": "Feature", "properties": {"osm_id": 1127682473, "name": "", "bridge": "yes", "highway": "residential"}, "geometry": {"type": "LineString", "coordinates": [[93.738273, 27.1207554], [93.7384138, 27.1206437]]}}, {"type": "Feature", "properties": {"osm_id": 1127698090, "name": "", "bridge": "yes", "highway": "residential"}, "geometry": {"type": "LineString", "coordinates": [[93.8380999, 27.117539], [93.8381439, 27.1174796]]}}, {"type": "Feature", "properties": {"osm_id": 1127698092, "name": "", "bridge": "yes", "highway": "residential"}, "geometry": {"type": "LineString", "coordinates": [[93.841276, 27.1177422], [93.841285, 27.1177792]]}}, {"type": "Feature", "properties": {"osm_id": 1127699639, "name": "", "bridge": "yes", "highway": "unclassified"}, "geometry": {"type": "LineString", "coordinates": [[93.9805214, 27.0845867], [93.9807084, 27.0846539]]}}, {"type": "Feature", "properties": {"osm_id": 1127709583, "name": "", "bridge": "yes", "highway": "unclassified"}, "geometry": {"type": "LineString", "coordinates": [[93.843678, 27.117292], [93.8437068, 27.1172828]]}}, {"type": "Feature", "properties": {"osm_id": 1127709585, "name": "", "bridge": "yes", "highway": "unclassified"}, "geometry": {"type": "LineString", "coordinates": [[93.8438798, 27.1220309], [93.8438818, 27.1220527]]}}, {"type": "Feature", "properties": {"osm_id": 1127720212, "name": "", "bridge": "yes", "highway": "service"}, "geometry": {"type": "LineString", "coordinates": [[94.1906256, 26.733736], [94.1906725, 26.7337431]]}}, {"type": "Feature", "properties": {"osm_id": 1127721161, "name": "Jully Basti Road", "bridge": "yes", "highway": "secondary"}, "geometry": {"type": "LineString", "coordinates": [[93.6251959, 27.0739246], [93.6251383, 27.0739628]]}}, {"type": "Feature", "properties": {"osm_id": 1127736566, "name": "", "bridge": "yes", "highway": "residential"}, "geometry": {"type": "LineString", "coordinates": [[94.1890837, 26.7358718], [94.1891049, 26.7359068]]}}, {"type": "Feature", "properties": {"osm_id": 1127921913, "name": "", "bridge": "yes", "highway": "tertiary"}, "geometry": {"type": "LineString", "coordinates": [[93.6172901, 27.0778664], [93.6172352, 27.0777685]]}}, {"type": "Feature", "properties": {"osm_id": 1127921925, "name": "", "bridge": "yes", "highway": "unclassified"}, "geometry": {"type": "LineString", "coordinates": [[93.6329556, 27.0807149], [93.632983, 27.0807788]]}}, {"type": "Feature", "properties": {"osm_id": 1127927448, "name": "Jully Basti Road", "bridge": "yes", "highway": "secondary"}, "geometry": {"type": "LineString", "coordinates": [[93.6172009, 27.0780838], [93.6171533, 27.0780587]]}}, {"type": "Feature", "properties": {"osm_id": 1127956320, "name": "", "bridge": "yes", "highway": "service"}, "geometry": {"type": "LineString", "coordinates": [[93.7522479, 27.1640405], [93.7522709, 27.1643084]]}}, {"type": "Feature", "properties": {"osm_id": 1127956326, "name": "", "bridge": "yes", "highway": "residential"}, "geometry": {"type": "LineString", "coordinates": [[93.7541948, 27.1534511], [93.7543351, 27.1535789]]}}, {"type": "Feature", "properties": {"osm_id": 1127959310, "name": "", "bridge": "yes", "highway": "tertiary"}, "geometry": {"type": "LineString", "coordinates": [[94.0111108, 27.067156], [94.0112624, 27.0672026]]}}, {"type": "Feature", "properties": {"osm_id": 1127961153, "name": "", "bridge": "yes", "highway": "service"}, "geometry": {"type": "LineString", "coordinates": [[94.180892, 26.7127704], [94.180833, 26.7127824]]}}, {"type": "Feature", "properties": {"osm_id": 1127961182, "name": "", "bridge": "yes", "highway": "tertiary"}, "geometry": {"type": "LineString", "coordinates": [[94.0132257, 27.0672724], [94.0132901, 27.0672056]]}}, {"type": "Feature", "properties": {"osm_id": 1127961186, "name": "", "bridge": "yes", "highway": "residential"}, "geometry": {"type": "LineString", "coordinates": [[94.0060172, 27.0588353], [94.0056988, 27.0586899]]}}, {"type": "Feature", "properties": {"osm_id": 1127961565, "name": "", "bridge": "yes", "highway": "service"}, "geometry": {"type": "LineString", "coordinates": [[94.1824215, 26.7109267], [94.1824644, 26.7109369]]}}, {"type": "Feature", "properties": {"osm_id": 1127961567, "name": "", "bridge": "yes", "highway": "service"}, "geometry": {"type": "LineString", "coordinates": [[94.1816182, 26.7112238], [94.1815893, 26.7112106]]}}, {"type": "Feature", "properties": {"osm_id": 1127961571, "name": "", "bridge": "yes", "highway": "service"}, "geometry": {"type": "LineString", "coordinates": [[94.1797956, 26.7109956], [94.1798298, 26.7109459]]}}, {"type": "Feature", "properties": {"osm_id": 1127961574, "name": "", "bridge": "yes", "highway": "service"}, "geometry": {"type": "LineString", "coordinates": [[94.1803039, 26.7137072], [94.1802844, 26.7136593]]}}, {"type": "Feature", "properties": {"osm_id": 1127968570, "name": "", "bridge": "yes", "highway": "residential"}, "geometry": {"type": "LineString", "coordinates": [[94.0107608, 27.0717471], [94.0107273, 27.0716605], [94.0107071, 27.0715841], [94.0106951, 27.0715327]]}}, {"type": "Feature", "properties": {"osm_id": 1127970819, "name": "", "bridge": "yes", "highway": "service"}, "geometry": {"type": "LineString", "coordinates": [[94.1828004, 26.7170662], [94.1828453, 26.7171213]]}}, {"type": "Feature", "properties": {"osm_id": 1127970822, "name": "", "bridge": "yes", "highway": "service"}, "geometry": {"type": "LineString", "coordinates": [[94.1803166, 26.7174352], [94.180253, 26.7174924]]}}, {"type": "Feature", "properties": {"osm_id": 1128018540, "name": "", "bridge": "yes", "highway": "unclassified"}, "geometry": {"type": "LineString", "coordinates": [[94.1922417, 26.7045155], [94.1921083, 26.7045556]]}}, {"type": "Feature", "properties": {"osm_id": 1132693763, "name": "", "bridge": "yes", "highway": "unclassified"}, "geometry": {"type": "LineString", "coordinates": [[93.6326763, 27.1120235], [93.6325324, 27.1121105]]}}, {"type": "Feature", "properties": {"osm_id": 1132707623, "name": "", "bridge": "yes", "highway": "residential"}, "geometry": {"type": "LineString", "coordinates": [[93.701098, 27.0987393], [93.7011006, 27.0987958]]}}, {"type": "Feature", "properties": {"osm_id": 1132715058, "name": "", "bridge": "yes", "highway": "service"}, "geometry": {"type": "LineString", "coordinates": [[93.6200367, 27.1000674], [93.6200045, 27.1001175]]}}, {"type": "Feature", "properties": {"osm_id": 1132715398, "name": "", "bridge": "yes", "highway": "residential"}, "geometry": {"type": "LineString", "coordinates": [[93.6977566, 27.0986596], [93.6978357, 27.0985149]]}}, {"type": "Feature", "properties": {"osm_id": 1133044123, "name": "", "bridge": "yes", "highway": "residential"}, "geometry": {"type": "LineString", "coordinates": [[93.6802102, 27.1032587], [93.6801637, 27.1032877]]}}, {"type": "Feature", "properties": {"osm_id": 1133044126, "name": "", "bridge": "yes", "highway": "trunk"}, "geometry": {"type": "LineString", "coordinates": [[93.6858493, 27.1097789], [93.6857436, 27.1097337]]}}, {"type": "Feature", "properties": {"osm_id": 1133063854, "name": "", "bridge": "yes", "highway": "tertiary"}, "geometry": {"type": "LineString", "coordinates": [[94.1986578, 26.7798411], [94.198772, 26.7798167]]}}, {"type": "Feature", "properties": {"osm_id": 1133063856, "name": "", "bridge": "yes", "highway": "residential"}, "geometry": {"type": "LineString", "coordinates": [[94.203511, 26.7734245], [94.2035954, 26.7734821]]}}, {"type": "Feature", "properties": {"osm_id": 1133063862, "name": "", "bridge": "yes", "highway": "residential"}, "geometry": {"type": "LineString", "coordinates": [[94.1963693, 26.7770478], [94.1963862, 26.7770156]]}}, {"type": "Feature", "properties": {"osm_id": 1133066898, "name": "", "bridge": "yes", "highway": "trunk"}, "geometry": {"type": "LineString", "coordinates": [[94.2005082, 26.7800903], [94.2006343, 26.7802007]]}}, {"type": "Feature", "properties": {"osm_id": 1133083652, "name": "", "bridge": "yes", "highway": "residential"}, "geometry": {"type": "LineString", "coordinates": [[94.2058888, 26.7386232], [94.2058533, 26.7386699]]}}, {"type": "Feature", "properties": {"osm_id": 1172363594, "name": "", "bridge": "yes", "highway": "trunk"}, "geometry": {"type": "LineString", "coordinates": [[93.6295119, 26.8880208], [93.6297319, 26.8884562]]}}, {"type": "Feature", "properties": {"osm_id": 1172370327, "name": "", "bridge": "yes", "highway": "trunk"}, "geometry": {"type": "LineString", "coordinates": [[93.629845, 26.8884074], [93.6296327, 26.8879812]]}}, {"type": "Feature", "properties": {"osm_id": 1172370330, "name": "", "bridge": "yes", "highway": "trunk"}, "geometry": {"type": "LineString", "coordinates": [[93.6259292, 26.9005544], [93.6262667, 26.8997441], [93.6264903, 26.8992093]]}}, {"type": "Feature", "properties": {"osm_id": 1172370714, "name": "", "bridge": "yes", "highway": "trunk"}, "geometry": {"type": "LineString", "coordinates": [[93.6263713, 26.8991456], [93.6258086, 26.9005324]]}}, {"type": "Feature", "properties": {"osm_id": 1188051283, "name": "", "bridge": "yes", "highway": "tertiary"}, "geometry": {"type": "LineString", "coordinates": [[93.6500228, 27.5150835], [93.6495345, 27.5151598]]}}, {"type": "Feature", "properties": {"osm_id": 1188638723, "name": "", "bridge": "yes", "highway": "tertiary"}, "geometry": {"type": "LineString", "coordinates": [[93.5998558, 27.4643916], [93.6001897, 27.4643083]]}}, {"type": "Feature", "properties": {"osm_id": 1193990928, "name": "Saboti Road", "bridge": "yes", "highway": "tertiary"}, "geometry": {"type": "LineString", "coordinates": [[94.0704749, 27.2716359], [94.0702095, 27.2716455]]}}, {"type": "Feature", "properties": {"osm_id": 1193990931, "name": "", "bridge": "yes", "highway": "unclassified"}, "geometry": {"type": "LineString", "coordinates": [[94.0838707, 27.2513355], [94.0835237, 27.2513605]]}}, {"type": "Feature", "properties": {"osm_id": 1193990932, "name": "Thana Road", "bridge": "yes", "highway": "tertiary"}, "geometry": {"type": "LineString", "coordinates": [[94.0849122, 27.2382415], [94.0854804, 27.2383308], [94.0859672, 27.2383582]]}}, {"type": "Feature", "properties": {"osm_id": 1193990933, "name": "", "bridge": "yes", "highway": "residential"}, "geometry": {"type": "LineString", "coordinates": [[94.0865774, 27.2325268], [94.0868323, 27.2322656]]}}, {"type": "Feature", "properties": {"osm_id": 1193990936, "name": "", "bridge": "yes", "highway": "residential"}, "geometry": {"type": "LineString", "coordinates": [[94.0912485, 27.2286219], [94.0912861, 27.2283763]]}}, {"type": "Feature", "properties": {"osm_id": 1193990938, "name": "", "bridge": "yes", "highway": "secondary"}, "geometry": {"type": "LineString", "coordinates": [[94.0935579, 27.2279041], [94.0940702, 27.228257]]}}, {"type": "Feature", "properties": {"osm_id": 1193990940, "name": "KB Road", "bridge": "yes", "highway": "primary"}, "geometry": {"type": "LineString", "coordinates": [[94.1008857, 27.2016087], [94.1007864, 27.2011864]]}}, {"type": "Feature", "properties": {"osm_id": 1193990941, "name": "Balipara - Harmuti - Bogibeel", "bridge": "yes", "highway": ""}, "geometry": {"type": "LineString", "coordinates": [[94.0866136, 27.2366066], [94.0868846, 27.237049]]}}, {"type": "Feature", "properties": {"osm_id": 1200862105, "name": "", "bridge": "yes", "highway": "unclassified"}, "geometry": {"type": "LineString", "coordinates": [[94.5271933, 27.2909158], [94.5272312, 27.2906834]]}}, {"type": "Feature", "properties": {"osm_id": 1202821743, "name": "KB Road", "bridge": "yes", "highway": "primary"}, "geometry": {"type": "LineString", "coordinates": [[94.199474, 26.7406231], [94.1993139, 26.740163], [94.1991787, 26.7397666], [94.1989374, 26.7391548], [94.1988541, 26.7389316], [94.1988013, 26.7387979], [94.198734, 26.7386482]]}}, {"type": "Feature", "properties": {"osm_id": 1204110658, "name": "", "bridge": "yes", "highway": "tertiary"}, "geometry": {"type": "LineString", "coordinates": [[93.8031095, 26.980188], [93.8025355, 26.9804868]]}}, {"type": "Feature", "properties": {"osm_id": 1239155686, "name": "", "bridge": "yes", "highway": "trunk"}, "geometry": {"type": "LineString", "coordinates": [[93.7726725, 27.2564341], [93.7724493, 27.2560924]]}}, {"type": "Feature", "properties": {"osm_id": 1266646011, "name": "", "bridge": "yes", "highway": "trunk"}, "geometry": {"type": "LineString", "coordinates": [[94.0643814, 27.2174176], [94.0644567, 27.2177865], [94.0646059, 27.2182983], [94.0648191, 27.2190801]]}}, {"type": "Feature", "properties": {"osm_id": 1266648589, "name": "", "bridge": "yes", "highway": "primary"}, "geometry": {"type": "LineString", "coordinates": [[94.2130275, 26.7455047], [94.2129194, 26.7462129], [94.2128242, 26.7469243], [94.2123112, 26.7502356], [94.2122026, 26.7509746], [94.2121905, 26.7510482]]}}, {"type": "Feature", "properties": {"osm_id": 1276747061, "name": "", "bridge": "yes", "highway": "primary"}, "geometry": {"type": "LineString", "coordinates": [[94.7425929, 27.0545072], [94.743315, 27.0540451]]}}, {"type": "Feature", "properties": {"osm_id": 1276747069, "name": "Simaluguri Junction - Dibrugarh", "bridge": "yes", "highway": ""}, "geometry": {"type": "LineString", "coordinates": [[94.7121249, 27.0636211], [94.7120381, 27.063607]]}}, {"type": "Feature", "properties": {"osm_id": 1286855371, "name": "", "bridge": "yes", "highway": "residential"}, "geometry": {"type": "LineString", "coordinates": [[93.7559656, 26.8596741], [93.7555265, 26.8601326]]}}, {"type": "Feature", "properties": {"osm_id": 1286855374, "name": "", "bridge": "yes", "highway": "tertiary"}, "geometry": {"type": "LineString", "coordinates": [[93.8044098, 26.8677184], [93.8043656, 26.8676237]]}}, {"type": "Feature", "properties": {"osm_id": 1286855376, "name": "", "bridge": "yes", "highway": "tertiary"}, "geometry": {"type": "LineString", "coordinates": [[93.8044084, 26.8653348], [93.8047605, 26.8649641]]}}, {"type": "Feature", "properties": {"osm_id": 1286855378, "name": "", "bridge": "yes", "highway": "tertiary"}, "geometry": {"type": "LineString", "coordinates": [[93.6672003, 26.8492725], [93.6668014, 26.8492554]]}}, {"type": "Feature", "properties": {"osm_id": 1286855380, "name": "", "bridge": "yes", "highway": "residential"}, "geometry": {"type": "LineString", "coordinates": [[93.8136674, 26.8798904], [93.8137467, 26.8799356]]}}, {"type": "Feature", "properties": {"osm_id": 1287890774, "name": "", "bridge": "yes", "highway": "tertiary"}, "geometry": {"type": "LineString", "coordinates": [[94.0507586, 27.113759], [94.0507472, 27.1137835]]}}, {"type": "Feature", "properties": {"osm_id": 1287890779, "name": "", "bridge": "yes", "highway": "tertiary"}, "geometry": {"type": "LineString", "coordinates": [[94.0471537, 27.1121517], [94.0471295, 27.11216]]}}, {"type": "Feature", "properties": {"osm_id": 1287890781, "name": "", "bridge": "yes", "highway": "tertiary"}, "geometry": {"type": "LineString", "coordinates": [[94.0453841, 27.1167302], [94.0453841, 27.1167588]]}}, {"type": "Feature", "properties": {"osm_id": 1287890784, "name": "", "bridge": "yes", "highway": "tertiary"}, "geometry": {"type": "LineString", "coordinates": [[94.047959, 27.1114265], [94.0479295, 27.1114707]]}}, {"type": "Feature", "properties": {"osm_id": 1291278488, "name": "", "bridge": "yes", "highway": "unclassified"}, "geometry": {"type": "LineString", "coordinates": [[94.3545851, 27.5508586], [94.354341, 27.5512106]]}}, {"type": "Feature", "properties": {"osm_id": 1291278490, "name": "", "bridge": "yes", "highway": "unclassified"}, "geometry": {"type": "LineString", "coordinates": [[94.390811, 27.5587154], [94.3902934, 27.558461]]}}, {"type": "Feature", "properties": {"osm_id": 1291278492, "name": "", "bridge": "yes", "highway": "unclassified"}, "geometry": {"type": "LineString", "coordinates": [[94.3927637, 27.5611896], [94.392533, 27.5612252]]}}, {"type": "Feature", "properties": {"osm_id": 1291278494, "name": "", "bridge": "yes", "highway": "unclassified"}, "geometry": {"type": "LineString", "coordinates": [[94.4015104, 27.5559772], [94.4013856, 27.5559249]]}}, {"type": "Feature", "properties": {"osm_id": 1291278496, "name": "", "bridge": "yes", "highway": "unclassified"}, "geometry": {"type": "LineString", "coordinates": [[94.404788, 27.5560498], [94.404721, 27.5560617]]}}, {"type": "Feature", "properties": {"osm_id": 1291278497, "name": "", "bridge": "yes", "highway": "unclassified"}, "geometry": {"type": "LineString", "coordinates": [[94.4111925, 27.5586153], [94.4110915, 27.5584676]]}}, {"type": "Feature", "properties": {"osm_id": 1291278500, "name": "", "bridge": "yes", "highway": "unclassified"}, "geometry": {"type": "LineString", "coordinates": [[94.4155142, 27.5630028], [94.4147972, 27.5630042]]}}, {"type": "Feature", "properties": {"osm_id": 1305309615, "name": "", "bridge": "yes", "highway": "steps"}, "geometry": {"type": "LineString", "coordinates": [[94.8988228, 27.4775258], [94.8986476, 27.4775179]]}}, {"type": "Feature", "properties": {"osm_id": 1305309616, "name": "", "bridge": "yes", "highway": "steps"}, "geometry": {"type": "LineString", "coordinates": [[94.8988051, 27.4777757], [94.8986333, 27.477768]]}}, {"type": "Feature", "properties": {"osm_id": 1305309617, "name": "", "bridge": "yes", "highway": "footway"}, "geometry": {"type": "LineString", "coordinates": [[94.8986333, 27.477768], [94.8986476, 27.4775179]]}}, {"type": "Feature", "properties": {"osm_id": 1305309656, "name": "Simaluguri Junction - Dibrugarh", "bridge": "yes", "highway": ""}, "geometry": {"type": "LineString", "coordinates": [[94.9177471, 27.4524966], [94.9177121, 27.4524823]]}}, {"type": "Feature", "properties": {"osm_id": 1305309658, "name": "Simaluguri Junction - Dibrugarh", "bridge": "yes", "highway": ""}, "geometry": {"type": "LineString", "coordinates": [[94.8934745, 27.4335237], [94.8934007, 27.4334905]]}}, {"type": "Feature", "properties": {"osm_id": 1305309660, "name": "Simaluguri Junction - Dibrugarh", "bridge": "yes", "highway": ""}, "geometry": {"type": "LineString", "coordinates": [[94.8907919, 27.4321336], [94.8907524, 27.4321039]]}}, {"type": "Feature", "properties": {"osm_id": 1305309662, "name": "Simaluguri Junction - Dibrugarh", "bridge": "yes", "highway": ""}, "geometry": {"type": "LineString", "coordinates": [[94.8534229, 27.3962118], [94.8533513, 27.3961724]]}}, {"type": "Feature", "properties": {"osm_id": 1305309664, "name": "Simaluguri Junction - Dibrugarh", "bridge": "yes", "highway": ""}, "geometry": {"type": "LineString", "coordinates": [[94.8462536, 27.3922613], [94.8461844, 27.3922237]]}}, {"type": "Feature", "properties": {"osm_id": 1305309666, "name": "Simaluguri Junction - Dibrugarh", "bridge": "yes", "highway": ""}, "geometry": {"type": "LineString", "coordinates": [[94.8436915, 27.3908465], [94.8436148, 27.3908044]]}}, {"type": "Feature", "properties": {"osm_id": 1305309671, "name": "", "bridge": "yes", "highway": "service"}, "geometry": {"type": "LineString", "coordinates": [[94.8381446, 27.3865282], [94.838219, 27.3864111]]}}, {"type": "Feature", "properties": {"osm_id": 1305376876, "name": "", "bridge": "yes", "highway": "trunk"}, "geometry": {"type": "LineString", "coordinates": [[93.9495984, 26.6998991], [93.9497781, 26.7000336]]}}, {"type": "Feature", "properties": {"osm_id": 1305376888, "name": "", "bridge": "yes", "highway": "trunk"}, "geometry": {"type": "LineString", "coordinates": [[93.9129594, 26.6753198], [93.9132357, 26.6754295]]}}, {"type": "Feature", "properties": {"osm_id": 1305376890, "name": "", "bridge": "yes", "highway": "trunk"}, "geometry": {"type": "LineString", "coordinates": [[93.8378844, 26.6612616], [93.8380855, 26.6612768]]}}, {"type": "Feature", "properties": {"osm_id": 1305376892, "name": "", "bridge": "yes", "highway": "trunk"}, "geometry": {"type": "LineString", "coordinates": [[93.8380855, 26.6611513], [93.8378844, 26.661125]]}}, {"type": "Feature", "properties": {"osm_id": 1305471257, "name": "", "bridge": "yes", "highway": "trunk"}, "geometry": {"type": "LineString", "coordinates": [[93.9498505, 26.6999142], [93.9496976, 26.699804]]}}, {"type": "Feature", "properties": {"osm_id": 1305471271, "name": "", "bridge": "yes", "highway": "trunk"}, "geometry": {"type": "LineString", "coordinates": [[93.8486481, 26.6615576], [93.848392, 26.6615205]]}}, {"type": "Feature", "properties": {"osm_id": 1305471273, "name": "", "bridge": "yes", "highway": "trunk"}, "geometry": {"type": "LineString", "coordinates": [[93.8483771, 26.6616451], [93.8486481, 26.6616883]]}}, {"type": "Feature", "properties": {"osm_id": 1305471276, "name": "", "bridge": "yes", "highway": "trunk"}, "geometry": {"type": "LineString", "coordinates": [[93.9133027, 26.6753205], [93.9130452, 26.6752066]]}}, {"type": "Feature", "properties": {"osm_id": 1305471283, "name": "", "bridge": "yes", "highway": "trunk"}, "geometry": {"type": "LineString", "coordinates": [[93.9357863, 26.6891448], [93.9359567, 26.6892794]]}}, {"type": "Feature", "properties": {"osm_id": 1305471285, "name": "", "bridge": "yes", "highway": "trunk"}, "geometry": {"type": "LineString", "coordinates": [[93.9360385, 26.6892051], [93.9358427, 26.6890505]]}}, {"type": "Feature", "properties": {"osm_id": 1306036210, "name": "", "bridge": "yes", "highway": "tertiary"}, "geometry": {"type": "LineString", "coordinates": [[94.7979569, 26.9247269], [94.7980099, 26.9244746]]}}, {"type": "Feature", "properties": {"osm_id": 1306036214, "name": "DHODAR ALI", "bridge": "yes", "highway": "primary"}, "geometry": {"type": "LineString", "coordinates": [[94.4458835, 26.7178604], [94.4464025, 26.718251]]}}, {"type": "Feature", "properties": {"osm_id": 1306036218, "name": "STATION ROAD", "bridge": "yes", "highway": "tertiary"}, "geometry": {"type": "LineString", "coordinates": [[94.4058019, 26.7343091], [94.4059601, 26.7344528]]}}, {"type": "Feature", "properties": {"osm_id": 1306036221, "name": "STATION ROAD", "bridge": "yes", "highway": "tertiary"}, "geometry": {"type": "LineString", "coordinates": [[94.4094014, 26.7382316], [94.409502, 26.7383346]]}}, {"type": "Feature", "properties": {"osm_id": 1306036224, "name": "", "bridge": "yes", "highway": "residential"}, "geometry": {"type": "LineString", "coordinates": [[94.7428322, 26.9277006], [94.7429891, 26.9278632]]}}, {"type": "Feature", "properties": {"osm_id": 1306036249, "name": "", "bridge": "yes", "highway": ""}, "geometry": {"type": "LineString", "coordinates": [[94.5498621, 26.805497], [94.5499629, 26.8053948]]}}, {"type": "Feature", "properties": {"osm_id": 1306036253, "name": "", "bridge": "yes", "highway": "primary"}, "geometry": {"type": "LineString", "coordinates": [[94.4244539, 26.7306577], [94.4241455, 26.7307679]]}}, {"type": "Feature", "properties": {"osm_id": 1306036255, "name": "", "bridge": "yes", "highway": "primary"}, "geometry": {"type": "LineString", "coordinates": [[94.4238156, 26.7309218], [94.4236413, 26.7310152]]}}, {"type": "Feature", "properties": {"osm_id": 1306036257, "name": "", "bridge": "yes", "highway": ""}, "geometry": {"type": "LineString", "coordinates": [[94.3650993, 26.6854567], [94.3649872, 26.6853702]]}}, {"type": "Feature", "properties": {"osm_id": 1306036261, "name": "", "bridge": "yes", "highway": ""}, "geometry": {"type": "LineString", "coordinates": [[94.4288945, 26.7345642], [94.4286538, 26.7343777]]}}, {"type": "Feature", "properties": {"osm_id": 1306115717, "name": "", "bridge": "yes", "highway": "trunk"}, "geometry": {"type": "LineString", "coordinates": [[94.0462176, 26.7249842], [94.0469347, 26.7249515]]}}, {"type": "Feature", "properties": {"osm_id": 1306120752, "name": "", "bridge": "yes", "highway": "trunk"}, "geometry": {"type": "LineString", "coordinates": [[94.0167614, 26.7220064], [94.0171592, 26.7220885]]}}, {"type": "Feature", "properties": {"osm_id": 1306248859, "name": "", "bridge": "yes", "highway": "construction"}, "geometry": {"type": "LineString", "coordinates": [[94.9120715, 27.0474568], [94.9122056, 27.045916]]}}, {"type": "Feature", "properties": {"osm_id": 1306248862, "name": "", "bridge": "yes", "highway": "primary"}, "geometry": {"type": "LineString", "coordinates": [[95.0936168, 27.104462], [95.0941452, 27.1047628]]}}, {"type": "Feature", "properties": {"osm_id": 1306248864, "name": "", "bridge": "yes", "highway": "primary"}, "geometry": {"type": "LineString", "coordinates": [[94.7304002, 27.0316928], [94.7293058, 27.0308793]]}}, {"type": "Feature", "properties": {"osm_id": 1306248866, "name": "", "bridge": "yes", "highway": "tertiary"}, "geometry": {"type": "LineString", "coordinates": [[94.8168692, 27.0056796], [94.8177973, 27.0056342]]}}, {"type": "Feature", "properties": {"osm_id": 1306248878, "name": "old NH52B", "bridge": "yes", "highway": "trunk"}, "geometry": {"type": "LineString", "coordinates": [[95.1585236, 27.1086159], [95.1582493, 27.1095888]]}}, {"type": "Feature", "properties": {"osm_id": 1306248885, "name": "Simaluguri Junction - Sripuriagaon", "bridge": "yes", "highway": ""}, "geometry": {"type": "LineString", "coordinates": [[94.9680895, 27.0459963], [94.9685417, 27.0464997]]}}, {"type": "Feature", "properties": {"osm_id": 1306248887, "name": "Simaluguri Junction - Sripuriagaon", "bridge": "yes", "highway": ""}, "geometry": {"type": "LineString", "coordinates": [[95.2588435, 27.1554457], [95.2590248, 27.1555291]]}}, {"type": "Feature", "properties": {"osm_id": 1306248891, "name": "", "bridge": "yes", "highway": "construction"}, "geometry": {"type": "LineString", "coordinates": [[95.0263712, 27.0646768], [95.0265133, 27.0658447]]}}, {"type": "Feature", "properties": {"osm_id": 1306249779, "name": "", "bridge": "yes", "highway": "trunk"}, "geometry": {"type": "LineString", "coordinates": [[94.7866085, 26.9245634], [94.787102, 26.9245651]]}}, {"type": "Feature", "properties": {"osm_id": 1306687821, "name": "", "bridge": "yes", "highway": "primary"}, "geometry": {"type": "LineString", "coordinates": [[94.9506122, 27.0832099], [94.9507436, 27.083358]]}}, {"type": "Feature", "properties": {"osm_id": 1306687832, "name": "Simaluguri Junction - Sripuriagaon", "bridge": "yes", "highway": ""}, "geometry": {"type": "LineString", "coordinates": [[95.1042246, 27.0839773], [95.1043049, 27.0840146]]}}, {"type": "Feature", "properties": {"osm_id": 1306687881, "name": "Simaluguri Junction - Sripuriagaon", "bridge": "yes", "highway": ""}, "geometry": {"type": "LineString", "coordinates": [[94.7973044, 26.9687787], [94.7971826, 26.9686112]]}}, {"type": "Feature", "properties": {"osm_id": 1306687883, "name": "Simaluguri Junction - Sripuriagaon", "bridge": "yes", "highway": ""}, "geometry": {"type": "LineString", "coordinates": [[94.779774, 26.9446002], [94.7796428, 26.944419]]}}, {"type": "Feature", "properties": {"osm_id": 1307080769, "name": "", "bridge": "yes", "highway": ""}, "geometry": {"type": "LineString", "coordinates": [[94.4236855, 26.7306259], [94.423538, 26.7305097]]}}, {"type": "Feature", "properties": {"osm_id": 1307080771, "name": "", "bridge": "yes", "highway": "primary"}, "geometry": {"type": "LineString", "coordinates": [[94.348603, 26.7848568], [94.3484207, 26.7849824]]}}, {"type": "Feature", "properties": {"osm_id": 1307080773, "name": "", "bridge": "yes", "highway": "primary"}, "geometry": {"type": "LineString", "coordinates": [[94.376763, 26.7652372], [94.3764572, 26.7649595]]}}, {"type": "Feature", "properties": {"osm_id": 1307289654, "name": "", "bridge": "yes", "highway": "secondary"}, "geometry": {"type": "LineString", "coordinates": [[94.8906299, 27.1127539], [94.8910926, 27.112958]]}}, {"type": "Feature", "properties": {"osm_id": 1307289661, "name": "", "bridge": "yes", "highway": "primary"}, "geometry": {"type": "LineString", "coordinates": [[94.9325864, 27.1267675], [94.9321404, 27.1268301]]}}, {"type": "Feature", "properties": {"osm_id": 1307330545, "name": "", "bridge": "yes", "highway": "unclassified"}, "geometry": {"type": "LineString", "coordinates": [[94.9921489, 27.0408897], [94.9923635, 27.0405433]]}}, {"type": "Feature", "properties": {"osm_id": 1307330547, "name": "", "bridge": "yes", "highway": "unclassified"}, "geometry": {"type": "LineString", "coordinates": [[94.9924976, 27.0406102], [94.9922454, 27.040959]]}}, {"type": "Feature", "properties": {"osm_id": 1308491212, "name": "", "bridge": "yes", "highway": "steps"}, "geometry": {"type": "LineString", "coordinates": [[94.2160695, 26.7500561], [94.2159695, 26.7500152]]}}, {"type": "Feature", "properties": {"osm_id": 1308491213, "name": "", "bridge": "yes", "highway": "steps"}, "geometry": {"type": "LineString", "coordinates": [[94.2159728, 26.7502363], [94.2158727, 26.7501975]]}}, {"type": "Feature", "properties": {"osm_id": 1308571476, "name": "", "bridge": "yes", "highway": "tertiary"}, "geometry": {"type": "LineString", "coordinates": [[95.1452735, 27.095847], [95.1450697, 27.0957169]]}}, {"type": "Feature", "properties": {"osm_id": 1308571478, "name": "old NH52B", "bridge": "yes", "highway": "trunk"}, "geometry": {"type": "LineString", "coordinates": [[95.1669618, 27.0933135], [95.1666551, 27.0934854]]}}, {"type": "Feature", "properties": {"osm_id": 1309920441, "name": "KB Road", "bridge": "yes", "highway": "primary"}, "geometry": {"type": "LineString", "coordinates": [[94.15387, 26.6786842], [94.1537976, 26.6785692]]}}, {"type": "Feature", "properties": {"osm_id": 1310811331, "name": "", "bridge": "yes", "highway": "track"}, "geometry": {"type": "LineString", "coordinates": [[94.7426042, 27.0540355], [94.7427598, 27.0536987]]}}, {"type": "Feature", "properties": {"osm_id": 1310811333, "name": "Simaluguri Junction - Dibrugarh", "bridge": "yes", "highway": ""}, "geometry": {"type": "LineString", "coordinates": [[94.7617294, 27.0754428], [94.7614967, 27.0752823]]}}, {"type": "Feature", "properties": {"osm_id": 1310914807, "name": "", "bridge": "yes", "highway": "trunk"}, "geometry": {"type": "LineString", "coordinates": [[94.7432333, 27.4247914], [94.7430703, 27.4249571], [94.7429243, 27.4251208], [94.7427763, 27.425313]]}}, {"type": "Feature", "properties": {"osm_id": 1310914815, "name": "", "bridge": "yes", "highway": "trunk"}, "geometry": {"type": "LineString", "coordinates": [[94.7056445, 27.4645169], [94.7053917, 27.4650483]]}}, {"type": "Feature", "properties": {"osm_id": 1310914832, "name": "", "bridge": "yes", "highway": "construction"}, "geometry": {"type": "LineString", "coordinates": [[94.7267738, 27.5093051], [94.7273478, 27.5081382]]}}, {"type": "Feature", "properties": {"osm_id": 1310914835, "name": "", "bridge": "yes", "highway": "primary"}, "geometry": {"type": "LineString", "coordinates": [[94.9186242, 27.2945068], [94.9186832, 27.2945533]]}}, {"type": "Feature", "properties": {"osm_id": 1310914838, "name": "Simaluguri Junction - Dibrugarh", "bridge": "yes", "highway": ""}, "geometry": {"type": "LineString", "coordinates": [[94.9142983, 27.2499999], [94.9143916, 27.2497378]]}}, {"type": "Feature", "properties": {"osm_id": 1311031260, "name": "Furkating - Jorhat - Mariani railway line", "bridge": "yes", "highway": ""}, "geometry": {"type": "LineString", "coordinates": [[93.9733334, 26.6672523], [93.9732242, 26.6672318]]}}, {"type": "Feature", "properties": {"osm_id": 1311031262, "name": "Furkating - Jorhat - Mariani railway line", "bridge": "yes", "highway": ""}, "geometry": {"type": "LineString", "coordinates": [[93.897892, 26.6518816], [93.8975482, 26.6517399]]}}, {"type": "Feature", "properties": {"osm_id": 1312081893, "name": "", "bridge": "yes", "highway": "path"}, "geometry": {"type": "LineString", "coordinates": [[94.6796313, 27.0531565], [94.6796501, 27.054112]]}}, {"type": "Feature", "properties": {"osm_id": 1312081904, "name": "Simaluguri Junction - Dibrugarh", "bridge": "yes", "highway": ""}, "geometry": {"type": "LineString", "coordinates": [[94.6908739, 27.0603733], [94.690804, 27.0603561]]}}, {"type": "Feature", "properties": {"osm_id": 1312097975, "name": "", "bridge": "yes", "highway": "primary"}, "geometry": {"type": "LineString", "coordinates": [[94.7174504, 26.7848641], [94.7176033, 26.784845]]}}, {"type": "Feature", "properties": {"osm_id": 1312097977, "name": "", "bridge": "yes", "highway": "primary"}, "geometry": {"type": "LineString", "coordinates": [[94.7066465, 26.7857477], [94.7068423, 26.7857572]]}}, {"type": "Feature", "properties": {"osm_id": 1312097981, "name": "", "bridge": "yes", "highway": "primary"}, "geometry": {"type": "LineString", "coordinates": [[94.6843976, 26.7879313], [94.6847275, 26.7879026]]}}, {"type": "Feature", "properties": {"osm_id": 1312097986, "name": "", "bridge": "yes", "highway": "primary"}, "geometry": {"type": "LineString", "coordinates": [[94.7406454, 26.7804165], [94.7403799, 26.7804501]]}}, {"type": "Feature", "properties": {"osm_id": 1312097993, "name": "", "bridge": "yes", "highway": "primary"}, "geometry": {"type": "LineString", "coordinates": [[94.6587342, 26.788652], [94.6590936, 26.7886449]]}}, {"type": "Feature", "properties": {"osm_id": 1312097995, "name": "", "bridge": "yes", "highway": "primary"}, "geometry": {"type": "LineString", "coordinates": [[94.6523399, 26.7889525], [94.6525343, 26.7889465]]}}, {"type": "Feature", "properties": {"osm_id": 1312097997, "name": "", "bridge": "yes", "highway": "primary"}, "geometry": {"type": "LineString", "coordinates": [[94.6366851, 26.7879564], [94.6368876, 26.7880127]]}}, {"type": "Feature", "properties": {"osm_id": 1312097999, "name": "", "bridge": "yes", "highway": "primary"}, "geometry": {"type": "LineString", "coordinates": [[94.6234632, 26.7867413], [94.6236643, 26.7867533]]}}, {"type": "Feature", "properties": {"osm_id": 1312098001, "name": "", "bridge": "yes", "highway": "primary"}, "geometry": {"type": "LineString", "coordinates": [[94.6025942, 26.7845337], [94.6027431, 26.7845421]]}}, {"type": "Feature", "properties": {"osm_id": 1312098003, "name": "", "bridge": "yes", "highway": "primary"}, "geometry": {"type": "LineString", "coordinates": [[94.585927, 26.7841554], [94.5861711, 26.7841829]]}}, {"type": "Feature", "properties": {"osm_id": 1312098011, "name": "", "bridge": "yes", "highway": "tertiary"}, "geometry": {"type": "LineString", "coordinates": [[94.8231161, 26.874818], [94.8232475, 26.8749137]]}}, {"type": "Feature", "properties": {"osm_id": 1312098016, "name": "", "bridge": "yes", "highway": "secondary"}, "geometry": {"type": "LineString", "coordinates": [[94.789449, 26.9243801], [94.7894651, 26.9245714]]}}, {"type": "Feature", "properties": {"osm_id": 1312098018, "name": "", "bridge": "yes", "highway": "service"}, "geometry": {"type": "LineString", "coordinates": [[94.7869948, 26.924758], [94.7866353, 26.9247532]]}}, {"type": "Feature", "properties": {"osm_id": 1312098022, "name": "", "bridge": "yes", "highway": "path"}, "geometry": {"type": "LineString", "coordinates": [[94.7866836, 26.9246594], [94.787043, 26.9246606]]}}, {"type": "Feature", "properties": {"osm_id": 1312475258, "name": "", "bridge": "yes", "highway": "unclassified"}, "geometry": {"type": "LineString", "coordinates": [[94.7735314, 26.8500646], [94.7734668, 26.8500473]]}}, {"type": "Feature", "properties": {"osm_id": 1312490358, "name": "", "bridge": "yes", "highway": "unclassified"}, "geometry": {"type": "LineString", "coordinates": [[94.5608926, 26.9214146], [94.5608631, 26.9217423]]}}, {"type": "Feature", "properties": {"osm_id": 1331582838, "name": "KB Road", "bridge": "yes", "highway": "primary"}, "geometry": {"type": "LineString", "coordinates": [[94.2003084, 26.7424966], [94.2001499, 26.7421748], [94.1997302, 26.7412117], [94.199474, 26.7406231]]}}, {"type": "Feature", "properties": {"osm_id": 1331582839, "name": "KB Road", "bridge": "yes", "highway": "primary"}, "geometry": {"type": "LineString", "coordinates": [[94.198734, 26.7386482], [94.1984295, 26.7380953], [94.1983206, 26.7378957]]}}, {"type": "Feature", "properties": {"osm_id": 1336970182, "name": "", "bridge": "yes", "highway": "footway"}, "geometry": {"type": "LineString", "coordinates": [[95.0223997, 27.4841608], [95.0221158, 27.4844168], [95.021876, 27.4843275]]}}, {"type": "Feature", "properties": {"osm_id": 1336970183, "name": "", "bridge": "yes", "highway": "footway"}, "geometry": {"type": "LineString", "coordinates": [[95.0222752, 27.4846164], [95.0225567, 27.4847578], [95.0228046, 27.4845169]]}}, {"type": "Feature", "properties": {"osm_id": 1347721524, "name": "", "bridge": "yes", "highway": "service"}, "geometry": {"type": "LineString", "coordinates": [[93.6575228, 26.9707805], [93.6578178, 26.9708494]]}}, {"type": "Feature", "properties": {"osm_id": 1347721529, "name": "", "bridge": "yes", "highway": "service"}, "geometry": {"type": "LineString", "coordinates": [[93.6574574, 26.9721307], [93.6571677, 26.9720675]]}}, {"type": "Feature", "properties": {"osm_id": 1347732043, "name": "", "bridge": "yes", "highway": "unclassified"}, "geometry": {"type": "LineString", "coordinates": [[93.657095, 26.9666477], [93.6568095, 26.9665886]]}}, {"type": "Feature", "properties": {"osm_id": 1347732064, "name": "", "bridge": "yes", "highway": "secondary"}, "geometry": {"type": "LineString", "coordinates": [[93.6292583, 26.9734368], [93.6291548, 26.9734367]]}}, {"type": "Feature", "properties": {"osm_id": 1347732066, "name": "", "bridge": "yes", "highway": "secondary"}, "geometry": {"type": "LineString", "coordinates": [[93.6291569, 26.9735195], [93.6292604, 26.9735196]]}}, {"type": "Feature", "properties": {"osm_id": 1347732079, "name": "", "bridge": "yes", "highway": "secondary"}, "geometry": {"type": "LineString", "coordinates": [[93.6117056, 26.9717451], [93.6117643, 26.9717478]]}}, {"type": "Feature", "properties": {"osm_id": 1347732081, "name": "", "bridge": "yes", "highway": "secondary"}, "geometry": {"type": "LineString", "coordinates": [[93.6117204, 26.9716578], [93.6116604, 26.9716549]]}}, {"type": "Feature", "properties": {"osm_id": 1347732084, "name": "", "bridge": "yes", "highway": "secondary"}, "geometry": {"type": "LineString", "coordinates": [[93.6104567, 26.9715891], [93.6104015, 26.971586]]}}, {"type": "Feature", "properties": {"osm_id": 1347732086, "name": "", "bridge": "yes", "highway": "secondary"}, "geometry": {"type": "LineString", "coordinates": [[93.6103966, 26.9716756], [93.6104517, 26.97168]]}}, {"type": "Feature", "properties": {"osm_id": 1347732097, "name": "", "bridge": "yes", "highway": "trunk"}, "geometry": {"type": "LineString", "coordinates": [[93.6010819, 26.9752083], [93.6008695, 26.9748898]]}}, {"type": "Feature", "properties": {"osm_id": 1347732098, "name": "", "bridge": "yes", "highway": "trunk"}, "geometry": {"type": "LineString", "coordinates": [[93.6007381, 26.9749563], [93.6009407, 26.9752753]]}}, {"type": "Feature", "properties": {"osm_id": 1348072184, "name": "", "bridge": "yes", "highway": "tertiary"}, "geometry": {"type": "LineString", "coordinates": [[95.2308941, 27.7647776], [95.2311419, 27.7646032]]}}, {"type": "Feature", "properties": {"osm_id": 1351503907, "name": "", "bridge": "yes", "highway": "unclassified"}, "geometry": {"type": "LineString", "coordinates": [[94.5024714, 27.5771864], [94.5022491, 27.5770204]]}}, {"type": "Feature", "properties": {"osm_id": 1351503909, "name": "", "bridge": "yes", "highway": "unclassified"}, "geometry": {"type": "LineString", "coordinates": [[94.5096735, 27.5799103], [94.5092949, 27.5796107]]}}, {"type": "Feature", "properties": {"osm_id": 1351544880, "name": "", "bridge": "yes", "highway": "trunk"}, "geometry": {"type": "LineString", "coordinates": [[94.0922197, 26.7156178], [94.0921111, 26.7156543], [94.0920024, 26.7156908]]}}, {"type": "Feature", "properties": {"osm_id": 1351550395, "name": "", "bridge": "yes", "highway": "primary"}, "geometry": {"type": "LineString", "coordinates": [[94.2121905, 26.7510482], [94.2121746, 26.7511277], [94.212161, 26.7512291], [94.2121074, 26.7515971], [94.2120759, 26.7517941], [94.211986, 26.7525729], [94.2119773, 26.7526241]]}}, {"type": "Feature", "properties": {"osm_id": 1357721987, "name": "", "bridge": "yes", "highway": "trunk"}, "geometry": {"type": "LineString", "coordinates": [[93.6224101, 27.024253], [93.6223756, 27.0240154]]}}, {"type": "Feature", "properties": {"osm_id": 1357721989, "name": "", "bridge": "yes", "highway": "trunk"}, "geometry": {"type": "LineString", "coordinates": [[93.6222906, 27.023989], [93.6223247, 27.0242612]]}}, {"type": "Feature", "properties": {"osm_id": 1359696316, "name": "", "bridge": "yes", "highway": "tertiary"}, "geometry": {"type": "LineString", "coordinates": [[95.2835026, 27.05936], [95.2831824, 27.0595291]]}}, {"type": "Feature", "properties": {"osm_id": 1361058211, "name": "Balipara - Harmuti - Bogibeel", "bridge": "yes", "highway": ""}, "geometry": {"type": "LineString", "coordinates": [[94.087695, 27.2729693], [94.0875714, 27.2730103]]}}, {"type": "Feature", "properties": {"osm_id": 1365882626, "name": "Raake Lembo", "bridge": "yes", "highway": "tertiary"}, "geometry": {"type": "LineString", "coordinates": [[93.8342394, 27.5979665], [93.834396, 27.5980208]]}}, {"type": "Feature", "properties": {"osm_id": 1368034888, "name": "", "bridge": "yes", "highway": "trunk"}, "geometry": {"type": "LineString", "coordinates": [[93.6344321, 27.7011961], [93.6346477, 27.7009734]]}}, {"type": "Feature", "properties": {"osm_id": 1377453689, "name": "", "bridge": "yes", "highway": "unclassified"}, "geometry": {"type": "LineString", "coordinates": [[94.3210129, 27.4928173], [94.3204281, 27.4929955], [94.3201093, 27.493125]]}}, {"type": "Feature", "properties": {"osm_id": 1377454314, "name": "", "bridge": "yes", "highway": "unclassified"}, "geometry": {"type": "LineString", "coordinates": [[94.4882056, 27.3392102], [94.4882019, 27.3398192], [94.4881994, 27.3401448], [94.4882197, 27.340381]]}}, {"type": "Feature", "properties": {"osm_id": 1377454315, "name": "", "bridge": "yes", "highway": "unclassified"}, "geometry": {"type": "LineString", "coordinates": [[94.4912747, 27.3535262], [94.4914039, 27.3544877]]}}, {"type": "Feature", "properties": {"osm_id": 1377472976, "name": "", "bridge": "yes", "highway": "unclassified"}, "geometry": {"type": "LineString", "coordinates": [[93.6952235, 26.8669485], [93.695288, 26.8668449], [93.6953432, 26.8667561]]}}, {"type": "Feature", "properties": {"osm_id": 1381449860, "name": "", "bridge": "yes", "highway": "unclassified"}, "geometry": {"type": "LineString", "coordinates": [[93.7871403, 26.6808014], [93.7868421, 26.6809104]]}}, {"type": "Feature", "properties": {"osm_id": 1396251808, "name": "", "bridge": "yes", "highway": "tertiary"}, "geometry": {"type": "LineString", "coordinates": [[94.0399848, 27.1354588], [94.0402739, 27.1354212]]}}, {"type": "Feature", "properties": {"osm_id": 1396251811, "name": "", "bridge": "yes", "highway": "trunk"}, "geometry": {"type": "LineString", "coordinates": [[93.8121452, 26.9323277], [93.8113857, 26.9319075]]}}, {"type": "Feature", "properties": {"osm_id": 1396251813, "name": "", "bridge": "yes", "highway": "tertiary"}, "geometry": {"type": "LineString", "coordinates": [[93.7755551, 27.040787], [93.7772914, 27.0415369]]}}, {"type": "Feature", "properties": {"osm_id": 1422717192, "name": "", "bridge": "yes", "highway": "tertiary"}, "geometry": {"type": "LineString", "coordinates": [[93.7011271, 27.7257877], [93.7011264, 27.725703]]}}, {"type": "Feature", "properties": {"osm_id": 1422717206, "name": "", "bridge": "yes", "highway": "tertiary"}, "geometry": {"type": "LineString", "coordinates": [[93.6949326, 27.7012588], [93.694916, 27.701112]]}}, {"type": "Feature", "properties": {"osm_id": 1422738946, "name": "", "bridge": "yes", "highway": "tertiary"}, "geometry": {"type": "LineString", "coordinates": [[93.7579247, 27.7651083], [93.7579554, 27.7657368]]}}, {"type": "Feature", "properties": {"osm_id": 1459267643, "name": "", "bridge": "yes", "highway": "track"}, "geometry": {"type": "LineString", "coordinates": [[93.8687505, 26.7987447], [93.868779, 26.7986877]]}}, {"type": "Feature", "properties": {"osm_id": 1459267644, "name": "", "bridge": "yes", "highway": "road"}, "geometry": {"type": "LineString", "coordinates": [[93.870072, 26.7973895], [93.8701047, 26.7973302], [93.8701985, 26.7972148]]}}, {"type": "Feature", "properties": {"osm_id": 1459339347, "name": "Na-Ali", "bridge": "yes", "highway": "primary"}, "geometry": {"type": "LineString", "coordinates": [[94.2124239, 26.7488182], [94.2124282, 26.7487809], [94.2124337, 26.7487532], [94.2124391, 26.7487254], [94.212445, 26.748695], [94.2124545, 26.7486468], [94.2124706, 26.7485658]]}}, {"type": "Feature", "properties": {"osm_id": 1459339349, "name": "", "bridge": "yes", "highway": "primary"}, "geometry": {"type": "LineString", "coordinates": [[94.2126128, 26.7485882], [94.2125925, 26.7487027], [94.2125839, 26.7487512], [94.2125786, 26.7487813], [94.2125734, 26.7488106], [94.2125682, 26.7488398]]}}, {"type": "Feature", "properties": {"osm_id": 1462635289, "name": "", "bridge": "yes", "highway": "tertiary"}, "geometry": {"type": "LineString", "coordinates": [[95.1492298, 26.8640798], [95.1494645, 26.8640308]]}}, {"type": "Feature", "properties": {"osm_id": 1462639753, "name": "", "bridge": "yes", "highway": "trunk"}, "geometry": {"type": "LineString", "coordinates": [[95.2903442, 26.8959015], [95.2904435, 26.8955929]]}}, {"type": "Feature", "properties": {"osm_id": 1462639756, "name": "", "bridge": "yes", "highway": "trunk"}, "geometry": {"type": "LineString", "coordinates": [[95.2882093, 26.8979288], [95.288169, 26.8977087]]}}, {"type": "Feature", "properties": {"osm_id": 1462639759, "name": "", "bridge": "yes", "highway": "tertiary"}, "geometry": {"type": "LineString", "coordinates": [[95.2407199, 26.9439861], [95.2408393, 26.9441152]]}}, {"type": "Feature", "properties": {"osm_id": 1462639761, "name": "", "bridge": "yes", "highway": "tertiary"}, "geometry": {"type": "LineString", "coordinates": [[95.2354655, 26.9365807], [95.2353635, 26.9368366]]}}, {"type": "Feature", "properties": {"osm_id": 1466201362, "name": "", "bridge": "yes", "highway": "unclassified"}, "geometry": {"type": "LineString", "coordinates": [[94.5832488, 26.7261138], [94.5840749, 26.7262336]]}}, {"type": "Feature", "properties": {"osm_id": 1466206836, "name": "", "bridge": "yes", "highway": "tertiary"}, "geometry": {"type": "LineString", "coordinates": [[95.0300002, 27.0238524], [95.0302228, 27.0232647]]}}, {"type": "Feature", "properties": {"osm_id": 1466438328, "name": "", "bridge": "yes", "highway": "unclassified"}, "geometry": {"type": "LineString", "coordinates": [[94.7292039, 26.8101033], [94.7291878, 26.8096963]]}}, {"type": "Feature", "properties": {"osm_id": 1466462899, "name": "", "bridge": "yes", "highway": "tertiary"}, "geometry": {"type": "LineString", "coordinates": [[93.7629729, 26.6799976], [93.7633324, 26.6788424]]}}, {"type": "Feature", "properties": {"osm_id": 1466899027, "name": "", "bridge": "yes", "highway": "unclassified"}, "geometry": {"type": "LineString", "coordinates": [[94.5155176, 26.7707218], [94.5154291, 26.7699387]]}}, {"type": "Feature", "properties": {"osm_id": 1466899031, "name": "", "bridge": "yes", "highway": "unclassified"}, "geometry": {"type": "LineString", "coordinates": [[94.533636, 26.7529588], [94.5333195, 26.7531288]]}}, {"type": "Feature", "properties": {"osm_id": 1466899032, "name": "", "bridge": "yes", "highway": "unclassified"}, "geometry": {"type": "LineString", "coordinates": [[94.5305032, 26.7546736], [94.5301598, 26.7548652]]}}, {"type": "Feature", "properties": {"osm_id": 1466899079, "name": "", "bridge": "yes", "highway": "unclassified"}, "geometry": {"type": "LineString", "coordinates": [[94.5662007, 26.7504032], [94.5660397, 26.7510499]]}}, {"type": "Feature", "properties": {"osm_id": 1466899083, "name": "", "bridge": "yes", "highway": "tertiary"}, "geometry": {"type": "LineString", "coordinates": [[94.573794, 26.7546305], [94.5739442, 26.7547263]]}}, {"type": "Feature", "properties": {"osm_id": 1466899955, "name": "", "bridge": "yes", "highway": "tertiary"}, "geometry": {"type": "LineString", "coordinates": [[94.5709133, 26.8911744], [94.5709643, 26.8913682]]}}, {"type": "Feature", "properties": {"osm_id": 1466899957, "name": "", "bridge": "yes", "highway": "tertiary"}, "geometry": {"type": "LineString", "coordinates": [[94.5696849, 26.8868158], [94.5698726, 26.8869904]]}}, {"type": "Feature", "properties": {"osm_id": 1467847542, "name": "", "bridge": "yes", "highway": "unclassified"}, "geometry": {"type": "LineString", "coordinates": [[93.8424146, 27.517863], [93.8422698, 27.5179558]]}}, {"type": "Feature", "properties": {"osm_id": 1468707054, "name": "", "bridge": "yes", "highway": "tertiary"}, "geometry": {"type": "LineString", "coordinates": [[94.8336598, 26.991374], [94.8338851, 26.9912449]]}}, {"type": "Feature", "properties": {"osm_id": 1468709313, "name": "", "bridge": "yes", "highway": "primary"}, "geometry": {"type": "LineString", "coordinates": [[95.1963535, 27.0912527], [95.1966405, 27.09131]]}}, {"type": "Feature", "properties": {"osm_id": 1468709316, "name": "", "bridge": "yes", "highway": "unclassified"}, "geometry": {"type": "LineString", "coordinates": [[95.1796299, 27.0900206], [95.179823, 27.0899847]]}}, {"type": "Feature", "properties": {"osm_id": 1468709320, "name": "", "bridge": "yes", "highway": "unclassified"}, "geometry": {"type": "LineString", "coordinates": [[95.1735587, 27.1067242], [95.1740603, 27.1066036]]}}, {"type": "Feature", "properties": {"osm_id": 1470295891, "name": "", "bridge": "yes", "highway": "tertiary"}, "geometry": {"type": "LineString", "coordinates": [[94.4770899, 27.7967386], [94.4772109, 27.7968295]]}}, {"type": "Feature", "properties": {"osm_id": 1470295893, "name": "", "bridge": "yes", "highway": "tertiary"}, "geometry": {"type": "LineString", "coordinates": [[94.4662431, 27.7935279], [94.4663639, 27.7936748]]}}, {"type": "Feature", "properties": {"osm_id": 1472244829, "name": "", "bridge": "yes", "highway": "tertiary"}, "geometry": {"type": "LineString", "coordinates": [[93.8070859, 26.9576548], [93.8072612, 26.9576352]]}}, {"type": "Feature", "properties": {"osm_id": 1472244834, "name": "", "bridge": "yes", "highway": "unclassified"}, "geometry": {"type": "LineString", "coordinates": [[93.7623051, 27.0124929], [93.7626564, 27.012555]]}}, {"type": "Feature", "properties": {"osm_id": 1472244838, "name": "", "bridge": "yes", "highway": "unclassified"}, "geometry": {"type": "LineString", "coordinates": [[93.7456405, 27.0198359], [93.7456405, 27.019573]]}}, {"type": "Feature", "properties": {"osm_id": 1472266870, "name": "", "bridge": "yes", "highway": "unclassified"}, "geometry": {"type": "LineString", "coordinates": [[93.7887141, 26.8629911], [93.7884003, 26.8634266]]}}, {"type": "Feature", "properties": {"osm_id": 1472266871, "name": "", "bridge": "yes", "highway": "unclassified"}, "geometry": {"type": "LineString", "coordinates": [[93.7865952, 26.8680852], [93.7861928, 26.8681881]]}}, {"type": "Feature", "properties": {"osm_id": 1472266873, "name": "", "bridge": "yes", "highway": "unclassified"}, "geometry": {"type": "LineString", "coordinates": [[93.7844896, 26.8664821], [93.7838459, 26.8662189]]}}, {"type": "Feature", "properties": {"osm_id": 1472266876, "name": "", "bridge": "yes", "highway": "unclassified"}, "geometry": {"type": "LineString", "coordinates": [[93.7688899, 26.8701788], [93.7688524, 26.8703486]]}}, {"type": "Feature", "properties": {"osm_id": 1474507345, "name": "", "bridge": "yes", "highway": "unclassified"}, "geometry": {"type": "LineString", "coordinates": [[94.0529638, 27.2493334], [94.0522948, 27.2497772]]}}, {"type": "Feature", "properties": {"osm_id": 1475521667, "name": "", "bridge": "yes", "highway": "unclassified"}, "geometry": {"type": "LineString", "coordinates": [[95.2201876, 27.5637088], [95.219707, 27.5626364]]}}, {"type": "Feature", "properties": {"osm_id": 1475530833, "name": "", "bridge": "yes", "highway": "unclassified"}, "geometry": {"type": "LineString", "coordinates": [[94.501428, 27.2684107], [94.5011169, 27.2685442]]}}, {"type": "Feature", "properties": {"osm_id": 1475530835, "name": "", "bridge": "yes", "highway": "unclassified"}, "geometry": {"type": "LineString", "coordinates": [[94.5068729, 27.2677098], [94.5058376, 27.2677718]]}}, {"type": "Feature", "properties": {"osm_id": 1475530837, "name": "", "bridge": "yes", "highway": "unclassified"}, "geometry": {"type": "LineString", "coordinates": [[94.510349, 27.2686778], [94.5096624, 27.2683011]]}}, {"type": "Feature", "properties": {"osm_id": 1475530839, "name": "", "bridge": "yes", "highway": "unclassified"}, "geometry": {"type": "LineString", "coordinates": [[94.5137125, 27.2774224], [94.5129991, 27.277594]]}}, {"type": "Feature", "properties": {"osm_id": 1475530840, "name": "", "bridge": "yes", "highway": "unclassified"}, "geometry": {"type": "LineString", "coordinates": [[94.5124143, 27.2761541], [94.5121515, 27.2758061]]}}, {"type": "Feature", "properties": {"osm_id": 1475530842, "name": "", "bridge": "yes", "highway": "unclassified"}, "geometry": {"type": "LineString", "coordinates": [[94.512409, 27.2770124], [94.5126128, 27.2764641]]}}, {"type": "Feature", "properties": {"osm_id": 1475530846, "name": "", "bridge": "yes", "highway": "unclassified"}, "geometry": {"type": "LineString", "coordinates": [[94.5272309, 27.2850412], [94.5273864, 27.2842832]]}}, {"type": "Feature", "properties": {"osm_id": 1475530859, "name": "", "bridge": "yes", "highway": "tertiary"}, "geometry": {"type": "LineString", "coordinates": [[94.4831246, 27.2555977], [94.4839185, 27.2549253]]}}, {"type": "Feature", "properties": {"osm_id": 1483888557, "name": "Sululya Bridge", "bridge": "yes", "highway": "trunk"}, "geometry": {"type": "LineString", "coordinates": [[93.8297099, 27.6052944], [93.8296044, 27.6051797]]}}, {"type": "Feature", "properties": {"osm_id": 1487027219, "name": "", "bridge": "yes", "highway": "residential"}, "geometry": {"type": "LineString", "coordinates": [[93.6885658, 27.0908563], [93.6881968, 27.089965]]}}, {"type": "Feature", "properties": {"osm_id": 1491741515, "name": "", "bridge": "yes", "highway": "unclassified"}, "geometry": {"type": "LineString", "coordinates": [[94.4469811, 26.9560933], [94.4468372, 26.9563708]]}}, {"type": "Feature", "properties": {"osm_id": 1497131942, "name": "Borum Bridge", "bridge": "yes", "highway": "residential"}, "geometry": {"type": "LineString", "coordinates": [[93.7098282, 27.1204286], [93.7101866, 27.1201113]]}}, {"type": "Feature", "properties": {"osm_id": 1497131943, "name": "Borum Bridge", "bridge": "yes", "highway": "residential"}, "geometry": {"type": "LineString", "coordinates": [[93.7101866, 27.1201113], [93.7107275, 27.1196322]]}}, {"type": "Feature", "properties": {"osm_id": 1497131944, "name": "Borum Bridge", "bridge": "yes", "highway": "residential"}, "geometry": {"type": "LineString", "coordinates": [[93.7095638, 27.1206628], [93.7098282, 27.1204286]]}}, {"type": "Feature", "properties": {"osm_id": 1502387099, "name": "", "bridge": "yes", "highway": "trunk"}, "geometry": {"type": "LineString", "coordinates": [[94.9699128, 27.4600239], [94.9708984, 27.4607392]]}}, {"type": "Feature", "properties": {"osm_id": 1502394378, "name": "", "bridge": "yes", "highway": "trunk"}, "geometry": {"type": "LineString", "coordinates": [[94.8628671, 27.3380318], [94.8625832, 27.3387784]]}}, {"type": "Feature", "properties": {"osm_id": 1502409963, "name": "", "bridge": "yes", "highway": "trunk"}, "geometry": {"type": "LineString", "coordinates": [[94.9046311, 27.2727975], [94.9045975, 27.2724983]]}}, {"type": "Feature", "properties": {"osm_id": 1503798070, "name": "", "bridge": "yes", "highway": "secondary"}, "geometry": {"type": "LineString", "coordinates": [[93.6176605, 27.7146197], [93.6176095, 27.7145416]]}}, {"type": "Feature", "properties": {"osm_id": 1503798083, "name": "", "bridge": "yes", "highway": "secondary"}, "geometry": {"type": "LineString", "coordinates": [[93.6206662, 27.6802593], [93.6208249, 27.6801072]]}}, {"type": "Feature", "properties": {"osm_id": 1504380376, "name": "", "bridge": "yes", "highway": "residential"}, "geometry": {"type": "LineString", "coordinates": [[94.5340586, 26.9513025], [94.5337125, 26.9525189]]}}, {"type": "Feature", "properties": {"osm_id": 1507598391, "name": "", "bridge": "yes", "highway": "secondary"}, "geometry": {"type": "LineString", "coordinates": [[93.7698595, 27.4662236], [93.7699906, 27.4662162]]}}, {"type": "Feature", "properties": {"osm_id": 1507598402, "name": "", "bridge": "yes", "highway": "secondary"}, "geometry": {"type": "LineString", "coordinates": [[93.7703133, 27.4635425], [93.7702885, 27.463501], [93.7702549, 27.4634634], [93.7702021, 27.4634149]]}}, {"type": "Feature", "properties": {"osm_id": 1507598405, "name": "", "bridge": "yes", "highway": "path"}, "geometry": {"type": "LineString", "coordinates": [[93.7673062, 27.462826], [93.7674113, 27.4625363]]}}, {"type": "Feature", "properties": {"osm_id": 1528708664, "name": "", "bridge": "yes", "highway": ""}, "geometry": {"type": "LineString", "coordinates": [[94.1960692, 26.723436], [94.196081, 26.7234437], [94.1961269, 26.7234618], [94.1962134, 26.7234929], [94.1962972, 26.7235157], [94.1963713, 26.7235391], [94.1963804, 26.7235498]]}}, {"type": "Feature", "properties": {"osm_id": 1531047298, "name": "", "bridge": "yes", "highway": "unclassified"}, "geometry": {"type": "LineString", "coordinates": [[95.2735351, 27.7837154], [95.2735314, 27.7845447]]}}, {"type": "Feature", "properties": {"osm_id": 1531047300, "name": "", "bridge": "yes", "highway": "unclassified"}, "geometry": {"type": "LineString", "coordinates": [[95.273412, 27.7817921], [95.2734348, 27.7825004]]}}, {"type": "Feature", "properties": {"osm_id": 1531047302, "name": "", "bridge": "yes", "highway": "unclassified"}, "geometry": {"type": "LineString", "coordinates": [[95.2730325, 27.7787189], [95.2732766, 27.7794843]]}}, {"type": "Feature", "properties": {"osm_id": 1531049054, "name": "", "bridge": "yes", "highway": "tertiary"}, "geometry": {"type": "LineString", "coordinates": [[95.2393118, 27.7599865], [95.2390435, 27.7608125]]}}, {"type": "Feature", "properties": {"osm_id": 1531049056, "name": "", "bridge": "yes", "highway": "tertiary"}, "geometry": {"type": "LineString", "coordinates": [[95.2440566, 27.7564926], [95.2437708, 27.7565629]]}}, {"type": "Feature", "properties": {"osm_id": 1534819124, "name": "", "bridge": "yes", "highway": "footway"}, "geometry": {"type": "LineString", "coordinates": [[94.1954204, 26.7232526], [94.1953572, 26.7232251], [94.1952938, 26.7232083]]}}, {"type": "Feature", "properties": {"osm_id": 1535270299, "name": "Dhali Ali Road", "bridge": "yes", "highway": "tertiary"}, "geometry": {"type": "LineString", "coordinates": [[94.6361693, 27.0634461], [94.6361268, 27.0635942]]}}, {"type": "Feature", "properties": {"osm_id": 1537109285, "name": "", "bridge": "yes", "highway": "footway"}, "geometry": {"type": "LineString", "coordinates": [[94.1960692, 26.723436], [94.196081, 26.7234437], [94.1961269, 26.7234618], [94.1962134, 26.7234929], [94.1962972, 26.7235157], [94.1963713, 26.7235391], [94.1963804, 26.7235498]]}}, {"type": "Feature", "properties": {"osm_id": 1537113532, "name": "", "bridge": "yes", "highway": "service"}, "geometry": {"type": "LineString", "coordinates": [[94.1952218, 26.7238387], [94.1951326, 26.7237978]]}}, {"type": "Feature", "properties": {"osm_id": 1541040209, "name": "", "bridge": "yes", "highway": "unclassified"}, "geometry": {"type": "LineString", "coordinates": [[94.937641, 26.9584582], [94.9375874, 26.9587977]]}}, {"type": "Feature", "properties": {"osm_id": 1541040213, "name": "", "bridge": "yes", "highway": "unclassified"}, "geometry": {"type": "LineString", "coordinates": [[94.9420318, 26.98009], [94.9420023, 26.97998]]}}]}